Date,YearMonth,URL,Primary_Search_Intent,SEMrush_Best_Position,Tracked_Keywords_Count,Total_Keyword_Search_Volume,GSC_Position,Impressions,Clicks,CTR,Completed_Orders,Revenue,Revenue_Per_Click,Conversion_Rate_%,MoM_Revenue_Growth_%
2024-08-01,2024-08,fitcommerce.com/blog/beginner-strength-training-plan,Informational,3,4,6906,13.8,231,8,0.0346,0,0.0,0.0,0.0,
2024-08-02,2024-08,fitcommerce.com/blog/beginner-strength-training-plan,Informational,3,4,6906,12.6,217,12,0.0553,1,121.68,10.14,8.33,
2024-08-03,2024-08,fitcommerce.com/blog/beginner-strength-training-plan,Informational,3,4,6906,17.8,251,15,0.0598,0,0.0,0.0,0.0,
2024-08-04,2024-08,fitcommerce.com/blog/beginner-strength-training-plan,Informational,3,4,6906,16.3,254,4,0.0157,0,0.0,0.0,0.0,
2024-08-05,2024-08,fitcommerce.com/blog/beginner-strength-training-plan,Informational,3,4,6906,10.5,222,5,0.0225,0,0.0,0.0,0.0,
2024-08-06,2024-08,fitcommerce.com/blog/beginner-strength-training-plan,Informational,3,4,6906,15.8,262,12,0.0458,0,0.0,0.0,0.0,
2024-08-07,2024-08,fitcommerce.com/blog/beginner-strength-training-plan,Informational,3,4,6906,12.5,277,14,0.0505,0,0.0,0.0,0.0,
2024-08-08,2024-08,fitcommerce.com/blog/beginner-strength-training-plan,Informational,3,4,6906,10.1,274,16,0.0584,0,0.0,0.0,0.0,
2024-08-09,2024-08,fitcommerce.com/blog/beginner-strength-training-plan,Informational,3,4,6906,11.2,221,10,0.0452,2,231.6,23.16,20.0,
2024-08-10,2024-08,fitcommerce.com/blog/beginner-strength-training-plan,Informational,3,4,6906,16.0,239,9,0.0377,0,0.0,0.0,0.0,
2024-08-11,2024-08,fitcommerce.com/blog/beginner-strength-training-plan,Informational,3,4,6906,14.5,224,7,0.0312,1,124.81,17.83,14.29,
2024-08-12,2024-08,fitcommerce.com/blog/beginner-strength-training-plan,Informational,3,4,6906,14.1,258,17,0.0659,0,0.0,0.0,0.0,
2024-08-13,2024-08,fitcommerce.com/blog/beginner-strength-training-plan,Informational,3,4,6906,11.7,215,14,0.0651,0,0.0,0.0,0.0,
2024-08-14,2024-08,fitcommerce.com/blog/beginner-strength-training-plan,Informational,3,4,6906,11.3,261,13,0.0498,1,144.07,11.08,7.69,
2024-08-15,2024-08,fitcommerce.com/blog/beginner-strength-training-plan,Informational,3,4,6906,12.4,246,9,0.0366,0,0.0,0.0,0.0,
2024-08-16,2024-08,fitcommerce.com/blog/beginner-strength-training-plan,Informational,3,4,6906,10.4,231,4,0.0173,0,0.0,0.0,0.0,
2024-08-17,2024-08,fitcommerce.com/blog/beginner-strength-training-plan,Informational,3,4,6906,14.8,278,10,0.036,0,0.0,0.0,0.0,
2024-08-18,2024-08,fitcommerce.com/blog/beginner-strength-training-plan,Informational,3,4,6906,10.7,279,17,0.0609,1,152.64,8.98,5.88,
2024-08-19,2024-08,fitcommerce.com/blog/beginner-strength-training-plan,Informational,3,4,6906,15.4,226,10,0.0442,2,240.19,24.02,20.0,
2024-08-20,2024-08,fitcommerce.com/blog/beginner-strength-training-plan,Informational,3,4,6906,17.7,243,15,0.0617,1,124.86,8.32,6.67,
2024-08-21,2024-08,fitcommerce.com/blog/beginner-strength-training-plan,Informational,3,4,6906,12.7,272,12,0.0441,1,144.74,12.06,8.33,
2024-08-22,2024-08,fitcommerce.com/blog/beginner-strength-training-plan,Informational,3,4,6906,10.7,230,6,0.0261,1,126.32,21.05,16.67,
2024-08-23,2024-08,fitcommerce.com/blog/beginner-strength-training-plan,Informational,3,4,6906,11.3,243,13,0.0535,0,0.0,0.0,0.0,
2024-08-24,2024-08,fitcommerce.com/blog/beginner-strength-training-plan,Informational,3,4,6906,13.7,263,11,0.0418,0,0.0,0.0,0.0,
2024-08-25,2024-08,fitcommerce.com/blog/beginner-strength-training-plan,Informational,3,4,6906,15.6,236,12,0.0508,0,0.0,0.0,0.0,
2024-08-26,2024-08,fitcommerce.com/blog/beginner-strength-training-plan,Informational,3,4,6906,19.5,261,6,0.023,0,0.0,0.0,0.0,
2024-08-27,2024-08,fitcommerce.com/blog/beginner-strength-training-plan,Informational,3,4,6906,10.8,226,13,0.0575,0,0.0,0.0,0.0,
2024-08-28,2024-08,fitcommerce.com/blog/beginner-strength-training-plan,Informational,3,4,6906,13.2,244,12,0.0492,0,0.0,0.0,0.0,
2024-08-29,2024-08,fitcommerce.com/blog/beginner-strength-training-plan,Informational,3,4,6906,16.1,271,15,0.0554,0,0.0,0.0,0.0,
2024-08-30,2024-08,fitcommerce.com/blog/beginner-strength-training-plan,Informational,3,4,6906,13.5,226,10,0.0442,0,0.0,0.0,0.0,
2024-08-31,2024-08,fitcommerce.com/blog/beginner-strength-training-plan,Informational,3,4,6906,8.5,269,10,0.0372,2,287.46,28.75,20.0,
2024-09-01,2024-09,fitcommerce.com/blog/beginner-strength-training-plan,Informational,3,4,6906,12.2,227,6,0.0264,2,276.02,46.0,33.33,-13.81
2024-09-02,2024-09,fitcommerce.com/blog/beginner-strength-training-plan,Informational,3,4,6906,11.6,272,12,0.0441,0,0.0,0.0,0.0,-13.81
2024-09-03,2024-09,fitcommerce.com/blog/beginner-strength-training-plan,Informational,3,4,6906,11.7,282,7,0.0248,0,0.0,0.0,0.0,-13.81
2024-09-04,2024-09,fitcommerce.com/blog/beginner-strength-training-plan,Informational,3,4,6906,18.4,217,9,0.0415,1,117.27,13.03,11.11,-13.81
2024-09-05,2024-09,fitcommerce.com/blog/beginner-strength-training-plan,Informational,3,4,6906,15.9,274,6,0.0219,0,0.0,0.0,0.0,-13.81
2024-09-06,2024-09,fitcommerce.com/blog/beginner-strength-training-plan,Informational,3,4,6906,14.8,239,7,0.0293,0,0.0,0.0,0.0,-13.81
2024-09-07,2024-09,fitcommerce.com/blog/beginner-strength-training-plan,Informational,3,4,6906,12.9,245,12,0.049,0,0.0,0.0,0.0,-13.81
2024-09-08,2024-09,fitcommerce.com/blog/beginner-strength-training-plan,Informational,3,4,6906,11.8,234,10,0.0427,0,0.0,0.0,0.0,-13.81
2024-09-09,2024-09,fitcommerce.com/blog/beginner-strength-training-plan,Informational,3,4,6906,15.6,242,10,0.0413,0,0.0,0.0,0.0,-13.81
2024-09-10,2024-09,fitcommerce.com/blog/beginner-strength-training-plan,Informational,3,4,6906,14.3,228,11,0.0482,0,0.0,0.0,0.0,-13.81
2024-09-11,2024-09,fitcommerce.com/blog/beginner-strength-training-plan,Informational,3,4,6906,11.7,237,9,0.038,0,0.0,0.0,0.0,-13.81
2024-09-12,2024-09,fitcommerce.com/blog/beginner-strength-training-plan,Informational,3,4,6906,11.4,218,12,0.055,2,299.89,24.99,16.67,-13.81
2024-09-13,2024-09,fitcommerce.com/blog/beginner-strength-training-plan,Informational,3,4,6906,19.0,281,13,0.0463,0,0.0,0.0,0.0,-13.81
2024-09-14,2024-09,fitcommerce.com/blog/beginner-strength-training-plan,Informational,3,4,6906,8.6,283,15,0.053,0,0.0,0.0,0.0,-13.81
2024-09-15,2024-09,fitcommerce.com/blog/beginner-strength-training-plan,Informational,3,4,6906,16.5,217,6,0.0276,0,0.0,0.0,0.0,-13.81
2024-09-16,2024-09,fitcommerce.com/blog/beginner-strength-training-plan,Informational,3,4,6906,13.7,284,9,0.0317,1,154.89,17.21,11.11,-13.81
2024-09-17,2024-09,fitcommerce.com/blog/beginner-strength-training-plan,Informational,3,4,6906,17.7,271,11,0.0406,0,0.0,0.0,0.0,-13.81
2024-09-18,2024-09,fitcommerce.com/blog/beginner-strength-training-plan,Informational,3,4,6906,12.5,269,11,0.0409,0,0.0,0.0,0.0,-13.81
2024-09-19,2024-09,fitcommerce.com/blog/beginner-strength-training-plan,Informational,3,4,6906,15.5,284,14,0.0493,0,0.0,0.0,0.0,-13.81
2024-09-20,2024-09,fitcommerce.com/blog/beginner-strength-training-plan,Informational,3,4,6906,9.8,230,6,0.0261,1,116.88,19.48,16.67,-13.81
2024-09-21,2024-09,fitcommerce.com/blog/beginner-strength-training-plan,Informational,3,4,6906,8.7,234,10,0.0427,0,0.0,0.0,0.0,-13.81
2024-09-22,2024-09,fitcommerce.com/blog/beginner-strength-training-plan,Informational,3,4,6906,15.3,212,6,0.0283,0,0.0,0.0,0.0,-13.81
2024-09-23,2024-09,fitcommerce.com/blog/beginner-strength-training-plan,Informational,3,4,6906,13.6,278,9,0.0324,0,0.0,0.0,0.0,-13.81
2024-09-24,2024-09,fitcommerce.com/blog/beginner-strength-training-plan,Informational,3,4,6906,12.7,241,10,0.0415,0,0.0,0.0,0.0,-13.81
2024-09-25,2024-09,fitcommerce.com/blog/beginner-strength-training-plan,Informational,3,4,6906,10.5,243,16,0.0658,0,0.0,0.0,0.0,-13.81
2024-09-26,2024-09,fitcommerce.com/blog/beginner-strength-training-plan,Informational,3,4,6906,11.3,267,13,0.0487,0,0.0,0.0,0.0,-13.81
2024-09-27,2024-09,fitcommerce.com/blog/beginner-strength-training-plan,Informational,3,4,6906,11.7,286,5,0.0175,1,118.41,23.68,20.0,-13.81
2024-09-28,2024-09,fitcommerce.com/blog/beginner-strength-training-plan,Informational,3,4,6906,14.0,233,12,0.0515,0,0.0,0.0,0.0,-13.81
2024-09-29,2024-09,fitcommerce.com/blog/beginner-strength-training-plan,Informational,3,4,6906,14.0,222,16,0.0721,0,0.0,0.0,0.0,-13.81
2024-09-30,2024-09,fitcommerce.com/blog/beginner-strength-training-plan,Informational,3,4,6906,9.7,244,10,0.041,0,0.0,0.0,0.0,-13.81
2024-10-01,2024-10,fitcommerce.com/blog/beginner-strength-training-plan,Informational,3,4,6906,5.3,289,7,0.0242,0,0.0,0.0,0.0,25.27
2024-10-02,2024-10,fitcommerce.com/blog/beginner-strength-training-plan,Informational,3,4,6906,11.2,244,5,0.0205,0,0.0,0.0,0.0,25.27
2024-10-03,2024-10,fitcommerce.com/blog/beginner-strength-training-plan,Informational,3,4,6906,12.0,250,8,0.032,0,0.0,0.0,0.0,25.27
2024-10-04,2024-10,fitcommerce.com/blog/beginner-strength-training-plan,Informational,3,4,6906,16.4,240,11,0.0458,1,152.7,13.88,9.09,25.27
2024-10-05,2024-10,fitcommerce.com/blog/beginner-strength-training-plan,Informational,3,4,6906,10.9,236,10,0.0424,0,0.0,0.0,0.0,25.27
2024-10-06,2024-10,fitcommerce.com/blog/beginner-strength-training-plan,Informational,3,4,6906,10.4,290,12,0.0414,0,0.0,0.0,0.0,25.27
2024-10-07,2024-10,fitcommerce.com/blog/beginner-strength-training-plan,Informational,3,4,6906,10.6,286,10,0.035,0,0.0,0.0,0.0,25.27
2024-10-08,2024-10,fitcommerce.com/blog/beginner-strength-training-plan,Informational,3,4,6906,8.4,244,12,0.0492,0,0.0,0.0,0.0,25.27
2024-10-09,2024-10,fitcommerce.com/blog/beginner-strength-training-plan,Informational,3,4,6906,14.1,265,5,0.0189,1,146.73,29.35,20.0,25.27
2024-10-10,2024-10,fitcommerce.com/blog/beginner-strength-training-plan,Informational,3,4,6906,11.6,250,11,0.044,0,0.0,0.0,0.0,25.27
2024-10-11,2024-10,fitcommerce.com/blog/beginner-strength-training-plan,Informational,3,4,6906,11.1,231,4,0.0173,1,138.0,34.5,25.0,25.27
2024-10-12,2024-10,fitcommerce.com/blog/beginner-strength-training-plan,Informational,3,4,6906,11.0,281,5,0.0178,0,0.0,0.0,0.0,25.27
2024-10-13,2024-10,fitcommerce.com/blog/beginner-strength-training-plan,Informational,3,4,6906,8.6,252,11,0.0437,0,0.0,0.0,0.0,25.27
2024-10-14,2024-10,fitcommerce.com/blog/beginner-strength-training-plan,Informational,3,4,6906,8.9,281,15,0.0534,0,0.0,0.0,0.0,25.27
2024-10-15,2024-10,fitcommerce.com/blog/beginner-strength-training-plan,Informational,3,4,6906,5.7,231,14,0.0606,0,0.0,0.0,0.0,25.27
2024-10-16,2024-10,fitcommerce.com/blog/beginner-strength-training-plan,Informational,3,4,6906,14.2,234,11,0.047,0,0.0,0.0,0.0,25.27
2024-10-17,2024-10,fitcommerce.com/blog/beginner-strength-training-plan,Informational,3,4,6906,9.3,241,11,0.0456,1,150.03,13.64,9.09,25.27
2024-10-18,2024-10,fitcommerce.com/blog/beginner-strength-training-plan,Informational,3,4,6906,12.4,270,16,0.0593,1,119.07,7.44,6.25,25.27
2024-10-19,2024-10,fitcommerce.com/blog/beginner-strength-training-plan,Informational,3,4,6906,6.6,277,8,0.0289,0,0.0,0.0,0.0,25.27
2024-10-20,2024-10,fitcommerce.com/blog/beginner-strength-training-plan,Informational,3,4,6906,9.1,281,8,0.0285,0,0.0,0.0,0.0,25.27
2024-10-21,2024-10,fitcommerce.com/blog/beginner-strength-training-plan,Informational,3,4,6906,8.0,302,21,0.0695,0,0.0,0.0,0.0,25.27
2024-10-22,2024-10,fitcommerce.com/blog/beginner-strength-training-plan,Informational,3,4,6906,17.1,299,11,0.0368,1,152.46,13.86,9.09,25.27
2024-10-23,2024-10,fitcommerce.com/blog/beginner-strength-training-plan,Informational,3,4,6906,13.5,280,13,0.0464,0,0.0,0.0,0.0,25.27
2024-10-24,2024-10,fitcommerce.com/blog/beginner-strength-training-plan,Informational,3,4,6906,9.6,233,11,0.0472,0,0.0,0.0,0.0,25.27
2024-10-25,2024-10,fitcommerce.com/blog/beginner-strength-training-plan,Informational,3,4,6906,8.6,286,11,0.0385,0,0.0,0.0,0.0,25.27
2024-10-26,2024-10,fitcommerce.com/blog/beginner-strength-training-plan,Informational,3,4,6906,15.6,242,5,0.0207,1,129.92,25.98,20.0,25.27
2024-10-27,2024-10,fitcommerce.com/blog/beginner-strength-training-plan,Informational,3,4,6906,6.1,277,15,0.0542,2,276.97,18.46,13.33,25.27
2024-10-28,2024-10,fitcommerce.com/blog/beginner-strength-training-plan,Informational,3,4,6906,7.4,237,10,0.0422,2,299.25,29.92,20.0,25.27
2024-10-29,2024-10,fitcommerce.com/blog/beginner-strength-training-plan,Informational,3,4,6906,11.0,308,11,0.0357,0,0.0,0.0,0.0,25.27
2024-10-30,2024-10,fitcommerce.com/blog/beginner-strength-training-plan,Informational,3,4,6906,15.1,238,5,0.021,0,0.0,0.0,0.0,25.27
2024-10-31,2024-10,fitcommerce.com/blog/beginner-strength-training-plan,Informational,3,4,6906,13.3,319,14,0.0439,0,0.0,0.0,0.0,25.27
2024-11-01,2024-11,fitcommerce.com/blog/beginner-strength-training-plan,Informational,3,4,6906,9.6,310,16,0.0516,0,0.0,0.0,0.0,13.64
2024-11-02,2024-11,fitcommerce.com/blog/beginner-strength-training-plan,Informational,3,4,6906,14.2,242,16,0.0661,0,0.0,0.0,0.0,13.64
2024-11-03,2024-11,fitcommerce.com/blog/beginner-strength-training-plan,Informational,3,4,6906,8.5,259,5,0.0193,1,152.33,30.47,20.0,13.64
2024-11-04,2024-11,fitcommerce.com/blog/beginner-strength-training-plan,Informational,3,4,6906,1.7,257,9,0.035,0,0.0,0.0,0.0,13.64
2024-11-05,2024-11,fitcommerce.com/blog/beginner-strength-training-plan,Informational,3,4,6906,15.1,266,5,0.0188,1,142.82,28.56,20.0,13.64
2024-11-06,2024-11,fitcommerce.com/blog/beginner-strength-training-plan,Informational,3,4,6906,13.3,278,11,0.0396,0,0.0,0.0,0.0,13.64
2024-11-07,2024-11,fitcommerce.com/blog/beginner-strength-training-plan,Informational,3,4,6906,12.7,288,8,0.0278,0,0.0,0.0,0.0,13.64
2024-11-08,2024-11,fitcommerce.com/blog/beginner-strength-training-plan,Informational,3,4,6906,11.0,264,9,0.0341,0,0.0,0.0,0.0,13.64
2024-11-09,2024-11,fitcommerce.com/blog/beginner-strength-training-plan,Informational,3,4,6906,11.7,326,20,0.0613,1,131.51,6.58,5.0,13.64
2024-11-10,2024-11,fitcommerce.com/blog/beginner-strength-training-plan,Informational,3,4,6906,15.6,314,17,0.0541,0,0.0,0.0,0.0,13.64
2024-11-11,2024-11,fitcommerce.com/blog/beginner-strength-training-plan,Informational,3,4,6906,10.3,291,19,0.0653,0,0.0,0.0,0.0,13.64
2024-11-12,2024-11,fitcommerce.com/blog/beginner-strength-training-plan,Informational,3,4,6906,7.4,292,19,0.0651,1,140.31,7.38,5.26,13.64
2024-11-13,2024-11,fitcommerce.com/blog/beginner-strength-training-plan,Informational,3,4,6906,12.0,294,22,0.0748,0,0.0,0.0,0.0,13.64
2024-11-14,2024-11,fitcommerce.com/blog/beginner-strength-training-plan,Informational,3,4,6906,14.4,326,6,0.0184,2,273.56,45.59,33.33,13.64
2024-11-15,2024-11,fitcommerce.com/blog/beginner-strength-training-plan,Informational,3,4,6906,12.6,259,16,0.0618,0,0.0,0.0,0.0,13.64
2024-11-16,2024-11,fitcommerce.com/blog/beginner-strength-training-plan,Informational,3,4,6906,9.3,274,8,0.0292,0,0.0,0.0,0.0,13.64
2024-11-17,2024-11,fitcommerce.com/blog/beginner-strength-training-plan,Informational,3,4,6906,11.3,272,14,0.0515,0,0.0,0.0,0.0,13.64
2024-11-18,2024-11,fitcommerce.com/blog/beginner-strength-training-plan,Informational,3,4,6906,10.3,280,12,0.0429,0,0.0,0.0,0.0,13.64
2024-11-19,2024-11,fitcommerce.com/blog/beginner-strength-training-plan,Informational,3,4,6906,15.8,332,14,0.0422,0,0.0,0.0,0.0,13.64
2024-11-20,2024-11,fitcommerce.com/blog/beginner-strength-training-plan,Informational,3,4,6906,12.7,276,11,0.0399,0,0.0,0.0,0.0,13.64
2024-11-21,2024-11,fitcommerce.com/blog/beginner-strength-training-plan,Informational,3,4,6906,15.8,299,7,0.0234,1,135.32,19.33,14.29,13.64
2024-11-22,2024-11,fitcommerce.com/blog/beginner-strength-training-plan,Informational,3,4,6906,12.6,318,13,0.0409,1,144.33,11.1,7.69,13.64
2024-11-23,2024-11,fitcommerce.com/blog/beginner-strength-training-plan,Informational,3,4,6906,8.1,345,11,0.0319,0,0.0,0.0,0.0,13.64
2024-11-24,2024-11,fitcommerce.com/blog/beginner-strength-training-plan,Informational,3,4,6906,11.7,359,13,0.0362,0,0.0,0.0,0.0,13.64
2024-11-25,2024-11,fitcommerce.com/blog/beginner-strength-training-plan,Informational,3,4,6906,8.7,277,20,0.0722,0,0.0,0.0,0.0,13.64
2024-11-26,2024-11,fitcommerce.com/blog/beginner-strength-training-plan,Informational,3,4,6906,14.4,345,19,0.0551,1,133.92,7.05,5.26,13.64
2024-11-27,2024-11,fitcommerce.com/blog/beginner-strength-training-plan,Informational,3,4,6906,10.5,363,19,0.0523,0,0.0,0.0,0.0,13.64
2024-11-28,2024-11,fitcommerce.com/blog/beginner-strength-training-plan,Informational,3,4,6906,11.2,329,15,0.0456,1,130.04,8.67,6.67,13.64
2024-11-29,2024-11,fitcommerce.com/blog/beginner-strength-training-plan,Informational,3,4,6906,6.1,311,15,0.0482,0,0.0,0.0,0.0,13.64
2024-11-30,2024-11,fitcommerce.com/blog/beginner-strength-training-plan,Informational,3,4,6906,15.5,309,11,0.0356,0,0.0,0.0,0.0,13.64
2024-12-01,2024-12,fitcommerce.com/blog/beginner-strength-training-plan,Informational,3,4,6906,12.2,292,12,0.0411,1,140.89,11.74,8.33,36.35
2024-12-02,2024-12,fitcommerce.com/blog/beginner-strength-training-plan,Informational,3,4,6906,8.8,301,5,0.0166,0,0.0,0.0,0.0,36.35
2024-12-03,2024-12,fitcommerce.com/blog/beginner-strength-training-plan,Informational,3,4,6906,9.8,377,11,0.0292,0,0.0,0.0,0.0,36.35
2024-12-04,2024-12,fitcommerce.com/blog/beginner-strength-training-plan,Informational,3,4,6906,9.9,301,12,0.0399,1,155.02,12.92,8.33,36.35
2024-12-05,2024-12,fitcommerce.com/blog/beginner-strength-training-plan,Informational,3,4,6906,6.1,285,14,0.0491,0,0.0,0.0,0.0,36.35
2024-12-06,2024-12,fitcommerce.com/blog/beginner-strength-training-plan,Informational,3,4,6906,7.1,312,10,0.0321,0,0.0,0.0,0.0,36.35
2024-12-07,2024-12,fitcommerce.com/blog/beginner-strength-training-plan,Informational,3,4,6906,9.8,356,19,0.0534,0,0.0,0.0,0.0,36.35
2024-12-08,2024-12,fitcommerce.com/blog/beginner-strength-training-plan,Informational,3,4,6906,11.8,300,19,0.0633,0,0.0,0.0,0.0,36.35
2024-12-09,2024-12,fitcommerce.com/blog/beginner-strength-training-plan,Informational,3,4,6906,8.7,334,19,0.0569,0,0.0,0.0,0.0,36.35
2024-12-10,2024-12,fitcommerce.com/blog/beginner-strength-training-plan,Informational,3,4,6906,11.4,357,16,0.0448,0,0.0,0.0,0.0,36.35
2024-12-11,2024-12,fitcommerce.com/blog/beginner-strength-training-plan,Informational,3,4,6906,10.5,386,14,0.0363,0,0.0,0.0,0.0,36.35
2024-12-12,2024-12,fitcommerce.com/blog/beginner-strength-training-plan,Informational,3,4,6906,5.1,398,12,0.0302,0,0.0,0.0,0.0,36.35
2024-12-13,2024-12,fitcommerce.com/blog/beginner-strength-training-plan,Informational,3,4,6906,11.3,297,8,0.0269,0,0.0,0.0,0.0,36.35
2024-12-14,2024-12,fitcommerce.com/blog/beginner-strength-training-plan,Informational,3,4,6906,9.2,344,11,0.032,1,130.52,11.87,9.09,36.35
2024-12-15,2024-12,fitcommerce.com/blog/beginner-strength-training-plan,Informational,3,4,6906,11.4,368,22,0.0598,1,131.53,5.98,4.55,36.35
2024-12-16,2024-12,fitcommerce.com/blog/beginner-strength-training-plan,Informational,3,4,6906,11.1,301,11,0.0365,0,0.0,0.0,0.0,36.35
2024-12-17,2024-12,fitcommerce.com/blog/beginner-strength-training-plan,Informational,3,4,6906,11.5,384,9,0.0234,1,150.0,16.67,11.11,36.35
2024-12-18,2024-12,fitcommerce.com/blog/beginner-strength-training-plan,Informational,3,4,6906,10.3,329,10,0.0304,0,0.0,0.0,0.0,36.35
2024-12-19,2024-12,fitcommerce.com/blog/beginner-strength-training-plan,Informational,3,4,6906,7.3,407,14,0.0344,0,0.0,0.0,0.0,36.35
2024-12-20,2024-12,fitcommerce.com/blog/beginner-strength-training-plan,Informational,3,4,6906,8.4,416,17,0.0409,0,0.0,0.0,0.0,36.35
2024-12-21,2024-12,fitcommerce.com/blog/beginner-strength-training-plan,Informational,3,4,6906,5.2,343,13,0.0379,2,265.09,20.39,15.38,36.35
2024-12-22,2024-12,fitcommerce.com/blog/beginner-strength-training-plan,Informational,3,4,6906,12.9,328,14,0.0427,0,0.0,0.0,0.0,36.35
2024-12-23,2024-12,fitcommerce.com/blog/beginner-strength-training-plan,Informational,3,4,6906,11.0,345,10,0.029,1,154.93,15.49,10.0,36.35
2024-12-24,2024-12,fitcommerce.com/blog/beginner-strength-training-plan,Informational,3,4,6906,10.3,394,19,0.0482,1,128.66,6.77,5.26,36.35
2024-12-25,2024-12,fitcommerce.com/blog/beginner-strength-training-plan,Informational,3,4,6906,12.9,411,16,0.0389,0,0.0,0.0,0.0,36.35
2024-12-26,2024-12,fitcommerce.com/blog/beginner-strength-training-plan,Informational,3,4,6906,10.3,335,14,0.0418,0,0.0,0.0,0.0,36.35
2024-12-27,2024-12,fitcommerce.com/blog/beginner-strength-training-plan,Informational,3,4,6906,9.3,408,23,0.0564,0,0.0,0.0,0.0,36.35
2024-12-28,2024-12,fitcommerce.com/blog/beginner-strength-training-plan,Informational,3,4,6906,11.1,425,9,0.0212,0,0.0,0.0,0.0,36.35
2024-12-29,2024-12,fitcommerce.com/blog/beginner-strength-training-plan,Informational,3,4,6906,14.8,360,11,0.0306,0,0.0,0.0,0.0,36.35
2024-12-30,2024-12,fitcommerce.com/blog/beginner-strength-training-plan,Informational,3,4,6906,13.5,379,25,0.066,1,146.76,5.87,4.0,36.35
2024-12-31,2024-12,fitcommerce.com/blog/beginner-strength-training-plan,Informational,3,4,6906,12.1,403,16,0.0397,1,123.5,7.72,6.25,36.35
2025-01-01,2025-01,fitcommerce.com/blog/beginner-strength-training-plan,Informational,3,4,6906,11.1,420,15,0.0357,1,153.43,10.23,6.67,2.94
2025-01-02,2025-01,fitcommerce.com/blog/beginner-strength-training-plan,Informational,3,4,6906,8.2,377,16,0.0424,0,0.0,0.0,0.0,2.94
2025-01-03,2025-01,fitcommerce.com/blog/beginner-strength-training-plan,Informational,3,4,6906,9.2,339,18,0.0531,1,154.79,8.6,5.56,2.94
2025-01-04,2025-01,fitcommerce.com/blog/beginner-strength-training-plan,Informational,3,4,6906,11.4,438,26,0.0594,0,0.0,0.0,0.0,2.94
2025-01-05,2025-01,fitcommerce.com/blog/beginner-strength-training-plan,Informational,3,4,6906,9.9,392,21,0.0536,0,0.0,0.0,0.0,2.94
2025-01-06,2025-01,fitcommerce.com/blog/beginner-strength-training-plan,Informational,3,4,6906,13.0,369,13,0.0352,0,0.0,0.0,0.0,2.94
2025-01-07,2025-01,fitcommerce.com/blog/beginner-strength-training-plan,Informational,3,4,6906,10.9,372,14,0.0376,2,248.58,17.76,14.29,2.94
2025-01-08,2025-01,fitcommerce.com/blog/beginner-strength-training-plan,Informational,3,4,6906,8.7,360,11,0.0306,0,0.0,0.0,0.0,2.94
2025-01-09,2025-01,fitcommerce.com/blog/beginner-strength-training-plan,Informational,3,4,6906,9.6,374,25,0.0668,0,0.0,0.0,0.0,2.94
2025-01-10,2025-01,fitcommerce.com/blog/beginner-strength-training-plan,Informational,3,4,6906,5.7,400,28,0.07,0,0.0,0.0,0.0,2.94
2025-01-11,2025-01,fitcommerce.com/blog/beginner-strength-training-plan,Informational,3,4,6906,10.2,408,24,0.0588,0,0.0,0.0,0.0,2.94
2025-01-12,2025-01,fitcommerce.com/blog/beginner-strength-training-plan,Informational,3,4,6906,10.1,458,26,0.0568,0,0.0,0.0,0.0,2.94
2025-01-13,2025-01,fitcommerce.com/blog/beginner-strength-training-plan,Informational,3,4,6906,7.3,414,15,0.0362,0,0.0,0.0,0.0,2.94
2025-01-14,2025-01,fitcommerce.com/blog/beginner-strength-training-plan,Informational,3,4,6906,15.6,439,23,0.0524,1,130.6,5.68,4.35,2.94
2025-01-15,2025-01,fitcommerce.com/blog/beginner-strength-training-plan,Informational,3,4,6906,12.3,408,17,0.0417,1,147.63,8.68,5.88,2.94
2025-01-16,2025-01,fitcommerce.com/blog/beginner-strength-training-plan,Informational,3,4,6906,6.2,464,22,0.0474,2,297.15,13.51,9.09,2.94
2025-01-17,2025-01,fitcommerce.com/blog/beginner-strength-training-plan,Informational,3,4,6906,10.1,481,10,0.0208,0,0.0,0.0,0.0,2.94
2025-01-18,2025-01,fitcommerce.com/blog/beginner-strength-training-plan,Informational,3,4,6906,6.1,465,10,0.0215,0,0.0,0.0,0.0,2.94
2025-01-19,2025-01,fitcommerce.com/blog/beginner-strength-training-plan,Informational,3,4,6906,13.4,394,22,0.0558,0,0.0,0.0,0.0,2.94
2025-01-20,2025-01,fitcommerce.com/blog/beginner-strength-training-plan,Informational,3,4,6906,13.6,389,8,0.0206,0,0.0,0.0,0.0,2.94
2025-01-21,2025-01,fitcommerce.com/blog/beginner-strength-training-plan,Informational,3,4,6906,16.8,400,27,0.0675,1,149.35,5.53,3.7,2.94
2025-01-22,2025-01,fitcommerce.com/blog/beginner-strength-training-plan,Informational,3,4,6906,7.3,442,26,0.0588,0,0.0,0.0,0.0,2.94
2025-01-23,2025-01,fitcommerce.com/blog/beginner-strength-training-plan,Informational,3,4,6906,3.8,402,13,0.0323,0,0.0,0.0,0.0,2.94
2025-01-24,2025-01,fitcommerce.com/blog/beginner-strength-training-plan,Informational,3,4,6906,4.7,380,18,0.0474,0,0.0,0.0,0.0,2.94
2025-01-25,2025-01,fitcommerce.com/blog/beginner-strength-training-plan,Informational,3,4,6906,4.5,396,14,0.0354,0,0.0,0.0,0.0,2.94
2025-01-26,2025-01,fitcommerce.com/blog/beginner-strength-training-plan,Informational,3,4,6906,13.5,431,17,0.0394,0,0.0,0.0,0.0,2.94
2025-01-27,2025-01,fitcommerce.com/blog/beginner-strength-training-plan,Informational,3,4,6906,8.5,394,24,0.0609,0,0.0,0.0,0.0,2.94
2025-01-28,2025-01,fitcommerce.com/blog/beginner-strength-training-plan,Informational,3,4,6906,9.6,441,21,0.0476,0,0.0,0.0,0.0,2.94
2025-01-29,2025-01,fitcommerce.com/blog/beginner-strength-training-plan,Informational,3,4,6906,9.9,471,12,0.0255,1,130.91,10.91,8.33,2.94
2025-01-30,2025-01,fitcommerce.com/blog/beginner-strength-training-plan,Informational,3,4,6906,6.5,407,8,0.0197,1,123.19,15.4,12.5,2.94
2025-01-31,2025-01,fitcommerce.com/blog/beginner-strength-training-plan,Informational,3,4,6906,8.4,400,22,0.055,0,0.0,0.0,0.0,2.94
2025-02-01,2025-02,fitcommerce.com/blog/beginner-strength-training-plan,Informational,3,4,6906,11.2,464,17,0.0366,0,0.0,0.0,0.0,-3.77
2025-02-02,2025-02,fitcommerce.com/blog/beginner-strength-training-plan,Informational,3,4,6906,8.9,427,9,0.0211,0,0.0,0.0,0.0,-3.77
2025-02-03,2025-02,fitcommerce.com/blog/beginner-strength-training-plan,Informational,3,4,6906,5.9,475,12,0.0253,0,0.0,0.0,0.0,-3.77
2025-02-04,2025-02,fitcommerce.com/blog/beginner-strength-training-plan,Informational,3,4,6906,7.4,458,27,0.059,0,0.0,0.0,0.0,-3.77
2025-02-05,2025-02,fitcommerce.com/blog/beginner-strength-training-plan,Informational,3,4,6906,17.2,468,35,0.0748,0,0.0,0.0,0.0,-3.77
2025-02-06,2025-02,fitcommerce.com/blog/beginner-strength-training-plan,Informational,3,4,6906,14.8,435,12,0.0276,1,154.81,12.9,8.33,-3.77
2025-02-07,2025-02,fitcommerce.com/blog/beginner-strength-training-plan,Informational,3,4,6906,9.8,462,11,0.0238,1,121.58,11.05,9.09,-3.77
2025-02-08,2025-02,fitcommerce.com/blog/beginner-strength-training-plan,Informational,3,4,6906,12.6,506,18,0.0356,0,0.0,0.0,0.0,-3.77
2025-02-09,2025-02,fitcommerce.com/blog/beginner-strength-training-plan,Informational,3,4,6906,9.2,513,25,0.0487,0,0.0,0.0,0.0,-3.77
2025-02-10,2025-02,fitcommerce.com/blog/beginner-strength-training-plan,Informational,3,4,6906,7.3,521,21,0.0403,1,148.59,7.08,4.76,-3.77
2025-02-11,2025-02,fitcommerce.com/blog/beginner-strength-training-plan,Informational,3,4,6906,11.8,453,31,0.0684,0,0.0,0.0,0.0,-3.77
2025-02-12,2025-02,fitcommerce.com/blog/beginner-strength-training-plan,Informational,3,4,6906,7.2,457,13,0.0284,1,127.7,9.82,7.69,-3.77
2025-02-13,2025-02,fitcommerce.com/blog/beginner-strength-training-plan,Informational,3,4,6906,8.0,507,16,0.0316,0,0.0,0.0,0.0,-3.77
2025-02-14,2025-02,fitcommerce.com/blog/beginner-strength-training-plan,Informational,3,4,6906,14.7,458,30,0.0655,0,0.0,0.0,0.0,-3.77
2025-02-15,2025-02,fitcommerce.com/blog/beginner-strength-training-plan,Informational,3,4,6906,14.2,465,15,0.0323,1,121.1,8.07,6.67,-3.77
2025-02-16,2025-02,fitcommerce.com/blog/beginner-strength-training-plan,Informational,3,4,6906,10.3,481,18,0.0374,0,0.0,0.0,0.0,-3.77
2025-02-17,2025-02,fitcommerce.com/blog/beginner-strength-training-plan,Informational,3,4,6906,7.1,436,12,0.0275,0,0.0,0.0,0.0,-3.77
2025-02-18,2025-02,fitcommerce.com/blog/beginner-strength-training-plan,Informational,3,4,6906,6.3,548,30,0.0547,0,0.0,0.0,0.0,-3.77
2025-02-19,2025-02,fitcommerce.com/blog/beginner-strength-training-plan,Informational,3,4,6906,7.6,482,10,0.0207,0,0.0,0.0,0.0,-3.77
2025-02-20,2025-02,fitcommerce.com/blog/beginner-strength-training-plan,Informational,3,4,6906,11.3,489,27,0.0552,0,0.0,0.0,0.0,-3.77
2025-02-21,2025-02,fitcommerce.com/blog/beginner-strength-training-plan,Informational,3,4,6906,11.3,433,15,0.0346,1,130.56,8.7,6.67,-3.77
2025-02-22,2025-02,fitcommerce.com/blog/beginner-strength-training-plan,Informational,3,4,6906,11.3,453,15,0.0331,2,233.14,15.54,13.33,-3.77
2025-02-23,2025-02,fitcommerce.com/blog/beginner-strength-training-plan,Informational,3,4,6906,9.1,436,26,0.0596,1,142.39,5.48,3.85,-3.77
2025-02-24,2025-02,fitcommerce.com/blog/beginner-strength-training-plan,Informational,3,4,6906,8.2,533,16,0.03,2,235.82,14.74,12.5,-3.77
2025-02-25,2025-02,fitcommerce.com/blog/beginner-strength-training-plan,Informational,3,4,6906,11.9,518,24,0.0463,0,0.0,0.0,0.0,-3.77
2025-02-26,2025-02,fitcommerce.com/blog/beginner-strength-training-plan,Informational,3,4,6906,11.6,495,23,0.0465,0,0.0,0.0,0.0,-3.77
2025-02-27,2025-02,fitcommerce.com/blog/beginner-strength-training-plan,Informational,3,4,6906,10.3,431,12,0.0278,0,0.0,0.0,0.0,-3.77
2025-02-28,2025-02,fitcommerce.com/blog/beginner-strength-training-plan,Informational,3,4,6906,6.2,489,16,0.0327,1,151.77,9.49,6.25,-3.77
2025-03-01,2025-03,fitcommerce.com/blog/beginner-strength-training-plan,Informational,3,4,6906,9.5,497,26,0.0523,0,0.0,0.0,0.0,5.24
2025-03-02,2025-03,fitcommerce.com/blog/beginner-strength-training-plan,Informational,3,4,6906,8.5,499,37,0.0741,1,127.32,3.44,2.7,5.24
2025-03-03,2025-03,fitcommerce.com/blog/beginner-strength-training-plan,Informational,3,4,6906,12.8,544,10,0.0184,0,0.0,0.0,0.0,5.24
2025-03-04,2025-03,fitcommerce.com/blog/beginner-strength-training-plan,Informational,3,4,6906,13.2,460,20,0.0435,1,139.27,6.96,5.0,5.24
2025-03-05,2025-03,fitcommerce.com/blog/beginner-strength-training-plan,Informational,3,4,6906,5.5,538,25,0.0465,0,0.0,0.0,0.0,5.24
2025-03-06,2025-03,fitcommerce.com/blog/beginner-strength-training-plan,Informational,3,4,6906,12.4,520,16,0.0308,1,153.7,9.61,6.25,5.24
2025-03-07,2025-03,fitcommerce.com/blog/beginner-strength-training-plan,Informational,3,4,6906,5.3,483,17,0.0352,2,247.72,14.57,11.76,5.24
2025-03-08,2025-03,fitcommerce.com/blog/beginner-strength-training-plan,Informational,3,4,6906,11.4,487,21,0.0431,0,0.0,0.0,0.0,5.24
2025-03-09,2025-03,fitcommerce.com/blog/beginner-strength-training-plan,Informational,3,4,6906,9.3,442,20,0.0452,1,147.34,7.37,5.0,5.24
2025-03-10,2025-03,fitcommerce.com/blog/beginner-strength-training-plan,Informational,3,4,6906,8.0,579,13,0.0225,0,0.0,0.0,0.0,5.24
2025-03-11,2025-03,fitcommerce.com/blog/beginner-strength-training-plan,Informational,3,4,6906,11.0,573,13,0.0227,0,0.0,0.0,0.0,5.24
2025-03-12,2025-03,fitcommerce.com/blog/beginner-strength-training-plan,Informational,3,4,6906,7.8,584,30,0.0514,0,0.0,0.0,0.0,5.24
2025-03-13,2025-03,fitcommerce.com/blog/beginner-strength-training-plan,Informational,3,4,6906,9.1,547,20,0.0366,2,289.27,14.46,10.0,5.24
2025-03-14,2025-03,fitcommerce.com/blog/beginner-strength-training-plan,Informational,3,4,6906,9.6,475,11,0.0232,0,0.0,0.0,0.0,5.24
2025-03-15,2025-03,fitcommerce.com/blog/beginner-strength-training-plan,Informational,3,4,6906,16.3,570,37,0.0649,1,140.35,3.79,2.7,5.24
2025-03-16,2025-03,fitcommerce.com/blog/beginner-strength-training-plan,Informational,3,4,6906,15.0,445,23,0.0517,0,0.0,0.0,0.0,5.24
2025-03-17,2025-03,fitcommerce.com/blog/beginner-strength-training-plan,Informational,3,4,6906,11.7,499,28,0.0561,0,0.0,0.0,0.0,5.24
2025-03-18,2025-03,fitcommerce.com/blog/beginner-strength-training-plan,Informational,3,4,6906,5.8,551,13,0.0236,0,0.0,0.0,0.0,5.24
2025-03-19,2025-03,fitcommerce.com/blog/beginner-strength-training-plan,Informational,3,4,6906,4.7,480,23,0.0479,0,0.0,0.0,0.0,5.24
2025-03-20,2025-03,fitcommerce.com/blog/beginner-strength-training-plan,Informational,3,4,6906,12.5,453,18,0.0397,0,0.0,0.0,0.0,5.24
2025-03-21,2025-03,fitcommerce.com/blog/beginner-strength-training-plan,Informational,3,4,6906,11.9,559,16,0.0286,1,142.36,8.9,6.25,5.24
2025-03-22,2025-03,fitcommerce.com/blog/beginner-strength-training-plan,Informational,3,4,6906,8.3,492,36,0.0732,0,0.0,0.0,0.0,5.24
2025-03-23,2025-03,fitcommerce.com/blog/beginner-strength-training-plan,Informational,3,4,6906,9.1,472,17,0.036,0,0.0,0.0,0.0,5.24
2025-03-24,2025-03,fitcommerce.com/blog/beginner-strength-training-plan,Informational,3,4,6906,9.2,463,29,0.0626,1,155.34,5.36,3.45,5.24
2025-03-25,2025-03,fitcommerce.com/blog/beginner-strength-training-plan,Informational,3,4,6906,9.3,572,30,0.0524,2,235.35,7.84,6.67,5.24
2025-03-26,2025-03,fitcommerce.com/blog/beginner-strength-training-plan,Informational,3,4,6906,10.4,555,29,0.0523,0,0.0,0.0,0.0,5.24
2025-03-27,2025-03,fitcommerce.com/blog/beginner-strength-training-plan,Informational,3,4,6906,10.0,488,11,0.0225,0,0.0,0.0,0.0,5.24
2025-03-28,2025-03,fitcommerce.com/blog/beginner-strength-training-plan,Informational,3,4,6906,12.0,537,32,0.0596,0,0.0,0.0,0.0,5.24
2025-03-29,2025-03,fitcommerce.com/blog/beginner-strength-training-plan,Informational,3,4,6906,16.7,461,26,0.0564,2,257.88,9.92,7.69,5.24
2025-03-30,2025-03,fitcommerce.com/blog/beginner-strength-training-plan,Informational,3,4,6906,8.8,481,24,0.0499,0,0.0,0.0,0.0,5.24
2025-03-31,2025-03,fitcommerce.com/blog/beginner-strength-training-plan,Informational,3,4,6906,9.7,493,15,0.0304,0,0.0,0.0,0.0,5.24
2025-04-01,2025-04,fitcommerce.com/blog/beginner-strength-training-plan,Informational,3,4,6906,8.2,556,24,0.0432,0,0.0,0.0,0.0,-5.74
2025-04-02,2025-04,fitcommerce.com/blog/beginner-strength-training-plan,Informational,3,4,6906,11.6,509,20,0.0393,1,131.27,6.56,5.0,-5.74
2025-04-03,2025-04,fitcommerce.com/blog/beginner-strength-training-plan,Informational,3,4,6906,10.0,598,36,0.0602,1,129.31,3.59,2.78,-5.74
2025-04-04,2025-04,fitcommerce.com/blog/beginner-strength-training-plan,Informational,3,4,6906,10.3,610,20,0.0328,0,0.0,0.0,0.0,-5.74
2025-04-05,2025-04,fitcommerce.com/blog/beginner-strength-training-plan,Informational,3,4,6906,3.2,504,24,0.0476,0,0.0,0.0,0.0,-5.74
2025-04-06,2025-04,fitcommerce.com/blog/beginner-strength-training-plan,Informational,3,4,6906,11.2,513,30,0.0585,0,0.0,0.0,0.0,-5.74
2025-04-07,2025-04,fitcommerce.com/blog/beginner-strength-training-plan,Informational,3,4,6906,1.0,560,31,0.0554,0,0.0,0.0,0.0,-5.74
2025-04-08,2025-04,fitcommerce.com/blog/beginner-strength-training-plan,Informational,3,4,6906,12.2,463,23,0.0497,0,0.0,0.0,0.0,-5.74
2025-04-09,2025-04,fitcommerce.com/blog/beginner-strength-training-plan,Informational,3,4,6906,4.2,558,32,0.0573,0,0.0,0.0,0.0,-5.74
2025-04-10,2025-04,fitcommerce.com/blog/beginner-strength-training-plan,Informational,3,4,6906,10.9,475,20,0.0421,0,0.0,0.0,0.0,-5.74
2025-04-11,2025-04,fitcommerce.com/blog/beginner-strength-training-plan,Informational,3,4,6906,12.4,517,30,0.058,2,233.54,7.78,6.67,-5.74
2025-04-12,2025-04,fitcommerce.com/blog/beginner-strength-training-plan,Informational,3,4,6906,6.5,569,30,0.0527,0,0.0,0.0,0.0,-5.74
2025-04-13,2025-04,fitcommerce.com/blog/beginner-strength-training-plan,Informational,3,4,6906,4.3,465,24,0.0516,0,0.0,0.0,0.0,-5.74
2025-04-14,2025-04,fitcommerce.com/blog/beginner-strength-training-plan,Informational,3,4,6906,10.4,497,18,0.0362,1,151.19,8.4,5.56,-5.74
2025-04-15,2025-04,fitcommerce.com/blog/beginner-strength-training-plan,Informational,3,4,6906,14.1,513,20,0.039,1,127.7,6.38,5.0,-5.74
2025-04-16,2025-04,fitcommerce.com/blog/beginner-strength-training-plan,Informational,3,4,6906,9.4,536,25,0.0466,0,0.0,0.0,0.0,-5.74
2025-04-17,2025-04,fitcommerce.com/blog/beginner-strength-training-plan,Informational,3,4,6906,3.8,514,25,0.0486,0,0.0,0.0,0.0,-5.74
2025-04-18,2025-04,fitcommerce.com/blog/beginner-strength-training-plan,Informational,3,4,6906,10.6,526,10,0.019,1,140.39,14.04,10.0,-5.74
2025-04-19,2025-04,fitcommerce.com/blog/beginner-strength-training-plan,Informational,3,4,6906,5.0,507,10,0.0197,0,0.0,0.0,0.0,-5.74
2025-04-20,2025-04,fitcommerce.com/blog/beginner-strength-training-plan,Informational,3,4,6906,11.4,609,24,0.0394,0,0.0,0.0,0.0,-5.74
2025-04-21,2025-04,fitcommerce.com/blog/beginner-strength-training-plan,Informational,3,4,6906,3.1,551,22,0.0399,0,0.0,0.0,0.0,-5.74
2025-04-22,2025-04,fitcommerce.com/blog/beginner-strength-training-plan,Informational,3,4,6906,6.0,583,25,0.0429,0,0.0,0.0,0.0,-5.74
2025-04-23,2025-04,fitcommerce.com/blog/beginner-strength-training-plan,Informational,3,4,6906,10.1,541,25,0.0462,0,0.0,0.0,0.0,-5.74
2025-04-24,2025-04,fitcommerce.com/blog/beginner-strength-training-plan,Informational,3,4,6906,10.8,501,12,0.024,0,0.0,0.0,0.0,-5.74
2025-04-25,2025-04,fitcommerce.com/blog/beginner-strength-training-plan,Informational,3,4,6906,8.4,627,20,0.0319,1,148.52,7.43,5.0,-5.74
2025-04-26,2025-04,fitcommerce.com/blog/beginner-strength-training-plan,Informational,3,4,6906,7.5,561,38,0.0677,0,0.0,0.0,0.0,-5.74
2025-04-27,2025-04,fitcommerce.com/blog/beginner-strength-training-plan,Informational,3,4,6906,10.8,602,23,0.0382,0,0.0,0.0,0.0,-5.74
2025-04-28,2025-04,fitcommerce.com/blog/beginner-strength-training-plan,Informational,3,4,6906,3.3,623,34,0.0546,0,0.0,0.0,0.0,-5.74
2025-04-29,2025-04,fitcommerce.com/blog/beginner-strength-training-plan,Informational,3,4,6906,9.9,503,17,0.0338,1,123.08,7.24,5.88,-5.74
2025-04-30,2025-04,fitcommerce.com/blog/beginner-strength-training-plan,Informational,3,4,6906,10.2,531,23,0.0433,0,0.0,0.0,0.0,-5.74
2025-05-01,2025-05,fitcommerce.com/blog/beginner-strength-training-plan,Informational,3,4,6906,7.2,508,18,0.0354,0,0.0,0.0,0.0,4.19
2025-05-02,2025-05,fitcommerce.com/blog/beginner-strength-training-plan,Informational,3,4,6906,13.2,552,23,0.0417,0,0.0,0.0,0.0,4.19
2025-05-03,2025-05,fitcommerce.com/blog/beginner-strength-training-plan,Informational,3,4,6906,6.8,596,37,0.0621,0,0.0,0.0,0.0,4.19
2025-05-04,2025-05,fitcommerce.com/blog/beginner-strength-training-plan,Informational,3,4,6906,5.3,544,21,0.0386,1,152.31,7.25,4.76,4.19
2025-05-05,2025-05,fitcommerce.com/blog/beginner-strength-training-plan,Informational,3,4,6906,5.0,520,13,0.025,0,0.0,0.0,0.0,4.19
2025-05-06,2025-05,fitcommerce.com/blog/beginner-strength-training-plan,Informational,3,4,6906,14.5,478,22,0.046,0,0.0,0.0,0.0,4.19
2025-05-07,2025-05,fitcommerce.com/blog/beginner-strength-training-plan,Informational,3,4,6906,12.1,550,32,0.0582,1,117.44,3.67,3.12,4.19
2025-05-08,2025-05,fitcommerce.com/blog/beginner-strength-training-plan,Informational,3,4,6906,2.8,596,23,0.0386,2,280.25,12.18,8.7,4.19
2025-05-09,2025-05,fitcommerce.com/blog/beginner-strength-training-plan,Informational,3,4,6906,6.8,488,14,0.0287,0,0.0,0.0,0.0,4.19
2025-05-10,2025-05,fitcommerce.com/blog/beginner-strength-training-plan,Informational,3,4,6906,10.4,583,39,0.0669,0,0.0,0.0,0.0,4.19
2025-05-11,2025-05,fitcommerce.com/blog/beginner-strength-training-plan,Informational,3,4,6906,15.8,554,22,0.0397,1,138.84,6.31,4.55,4.19
2025-05-12,2025-05,fitcommerce.com/blog/beginner-strength-training-plan,Informational,3,4,6906,6.7,626,47,0.0751,1,122.63,2.61,2.13,4.19
2025-05-13,2025-05,fitcommerce.com/blog/beginner-strength-training-plan,Informational,3,4,6906,7.7,610,28,0.0459,1,122.98,4.39,3.57,4.19
2025-05-14,2025-05,fitcommerce.com/blog/beginner-strength-training-plan,Informational,3,4,6906,11.0,622,26,0.0418,0,0.0,0.0,0.0,4.19
2025-05-15,2025-05,fitcommerce.com/blog/beginner-strength-training-plan,Informational,3,4,6906,8.9,580,35,0.0603,1,131.68,3.76,2.86,4.19
2025-05-16,2025-05,fitcommerce.com/blog/beginner-strength-training-plan,Informational,3,4,6906,13.4,507,30,0.0592,0,0.0,0.0,0.0,4.19
2025-05-17,2025-05,fitcommerce.com/blog/beginner-strength-training-plan,Informational,3,4,6906,4.3,571,20,0.035,0,0.0,0.0,0.0,4.19
2025-05-18,2025-05,fitcommerce.com/blog/beginner-strength-training-plan,Informational,3,4,6906,13.5,495,33,0.0667,2,242.16,7.34,6.06,4.19
2025-05-19,2025-05,fitcommerce.com/blog/beginner-strength-training-plan,Informational,3,4,6906,3.5,582,22,0.0378,0,0.0,0.0,0.0,4.19
2025-05-20,2025-05,fitcommerce.com/blog/beginner-strength-training-plan,Informational,3,4,6906,3.4,550,25,0.0455,0,0.0,0.0,0.0,4.19
2025-05-21,2025-05,fitcommerce.com/blog/beginner-strength-training-plan,Informational,3,4,6906,13.3,483,18,0.0373,0,0.0,0.0,0.0,4.19
2025-05-22,2025-05,fitcommerce.com/blog/beginner-strength-training-plan,Informational,3,4,6906,11.6,526,36,0.0684,1,129.67,3.6,2.78,4.19
2025-05-23,2025-05,fitcommerce.com/blog/beginner-strength-training-plan,Informational,3,4,6906,9.3,585,26,0.0444,1,130.43,5.02,3.85,4.19
2025-05-24,2025-05,fitcommerce.com/blog/beginner-strength-training-plan,Informational,3,4,6906,9.2,487,14,0.0287,0,0.0,0.0,0.0,4.19
2025-05-25,2025-05,fitcommerce.com/blog/beginner-strength-training-plan,Informational,3,4,6906,7.7,503,25,0.0497,0,0.0,0.0,0.0,4.19
2025-05-26,2025-05,fitcommerce.com/blog/beginner-strength-training-plan,Informational,3,4,6906,7.2,491,17,0.0346,0,0.0,0.0,0.0,4.19
2025-05-27,2025-05,fitcommerce.com/blog/beginner-strength-training-plan,Informational,3,4,6906,5.5,549,10,0.0182,0,0.0,0.0,0.0,4.19
2025-05-28,2025-05,fitcommerce.com/blog/beginner-strength-training-plan,Informational,3,4,6906,7.6,566,33,0.0583,0,0.0,0.0,0.0,4.19
2025-05-29,2025-05,fitcommerce.com/blog/beginner-strength-training-plan,Informational,3,4,6906,9.6,574,13,0.0226,1,117.76,9.06,7.69,4.19
2025-05-30,2025-05,fitcommerce.com/blog/beginner-strength-training-plan,Informational,3,4,6906,9.5,471,31,0.0658,1,145.22,4.68,3.23,4.19
2025-05-31,2025-05,fitcommerce.com/blog/beginner-strength-training-plan,Informational,3,4,6906,14.6,564,32,0.0567,1,144.94,4.53,3.12,4.19
2025-06-01,2025-06,fitcommerce.com/blog/beginner-strength-training-plan,Informational,3,4,6906,4.6,531,29,0.0546,0,0.0,0.0,0.0,-11.06
2025-06-02,2025-06,fitcommerce.com/blog/beginner-strength-training-plan,Informational,3,4,6906,10.7,534,32,0.0599,0,0.0,0.0,0.0,-11.06
2025-06-03,2025-06,fitcommerce.com/blog/beginner-strength-training-plan,Informational,3,4,6906,8.7,604,13,0.0215,1,154.51,11.89,7.69,-11.06
2025-06-04,2025-06,fitcommerce.com/blog/beginner-strength-training-plan,Informational,3,4,6906,10.8,456,16,0.0351,0,0.0,0.0,0.0,-11.06
2025-06-05,2025-06,fitcommerce.com/blog/beginner-strength-training-plan,Informational,3,4,6906,15.5,494,37,0.0749,0,0.0,0.0,0.0,-11.06
2025-06-06,2025-06,fitcommerce.com/blog/beginner-strength-training-plan,Informational,3,4,6906,7.7,515,31,0.0602,0,0.0,0.0,0.0,-11.06
2025-06-07,2025-06,fitcommerce.com/blog/beginner-strength-training-plan,Informational,3,4,6906,13.3,469,30,0.064,0,0.0,0.0,0.0,-11.06
2025-06-08,2025-06,fitcommerce.com/blog/beginner-strength-training-plan,Informational,3,4,6906,8.1,566,17,0.03,0,0.0,0.0,0.0,-11.06
2025-06-09,2025-06,fitcommerce.com/blog/beginner-strength-training-plan,Informational,3,4,6906,5.3,557,22,0.0395,0,0.0,0.0,0.0,-11.06
2025-06-10,2025-06,fitcommerce.com/blog/beginner-strength-training-plan,Informational,3,4,6906,8.1,558,30,0.0538,0,0.0,0.0,0.0,-11.06
2025-06-11,2025-06,fitcommerce.com/blog/beginner-strength-training-plan,Informational,3,4,6906,10.7,518,14,0.027,0,0.0,0.0,0.0,-11.06
2025-06-12,2025-06,fitcommerce.com/blog/beginner-strength-training-plan,Informational,3,4,6906,11.2,452,21,0.0465,1,144.34,6.87,4.76,-11.06
2025-06-13,2025-06,fitcommerce.com/blog/beginner-strength-training-plan,Informational,3,4,6906,5.9,496,13,0.0262,0,0.0,0.0,0.0,-11.06
2025-06-14,2025-06,fitcommerce.com/blog/beginner-strength-training-plan,Informational,3,4,6906,14.0,565,14,0.0248,0,0.0,0.0,0.0,-11.06
2025-06-15,2025-06,fitcommerce.com/blog/beginner-strength-training-plan,Informational,3,4,6906,8.3,542,26,0.048,1,136.15,5.24,3.85,-11.06
2025-06-16,2025-06,fitcommerce.com/blog/beginner-strength-training-plan,Informational,3,4,6906,5.0,488,14,0.0287,1,124.95,8.93,7.14,-11.06
2025-06-17,2025-06,fitcommerce.com/blog/beginner-strength-training-plan,Informational,3,4,6906,4.7,523,26,0.0497,0,0.0,0.0,0.0,-11.06
2025-06-18,2025-06,fitcommerce.com/blog/beginner-strength-training-plan,Informational,3,4,6906,6.8,552,18,0.0326,0,0.0,0.0,0.0,-11.06
2025-06-19,2025-06,fitcommerce.com/blog/beginner-strength-training-plan,Informational,3,4,6906,8.1,452,21,0.0465,0,0.0,0.0,0.0,-11.06
2025-06-20,2025-06,fitcommerce.com/blog/beginner-strength-training-plan,Informational,3,4,6906,10.1,550,15,0.0273,1,115.25,7.68,6.67,-11.06
2025-06-21,2025-06,fitcommerce.com/blog/beginner-strength-training-plan,Informational,3,4,6906,12.4,564,20,0.0355,0,0.0,0.0,0.0,-11.06
2025-06-22,2025-06,fitcommerce.com/blog/beginner-strength-training-plan,Informational,3,4,6906,9.9,515,24,0.0466,0,0.0,0.0,0.0,-11.06
2025-06-23,2025-06,fitcommerce.com/blog/beginner-strength-training-plan,Informational,3,4,6906,8.3,574,41,0.0714,1,124.25,3.03,2.44,-11.06
2025-06-24,2025-06,fitcommerce.com/blog/beginner-strength-training-plan,Informational,3,4,6906,11.6,579,13,0.0225,0,0.0,0.0,0.0,-11.06
2025-06-25,2025-06,fitcommerce.com/blog/beginner-strength-training-plan,Informational,3,4,6906,7.9,511,25,0.0489,1,127.51,5.1,4.0,-11.06
2025-06-26,2025-06,fitcommerce.com/blog/beginner-strength-training-plan,Informational,3,4,6906,4.1,471,23,0.0488,0,0.0,0.0,0.0,-11.06
2025-06-27,2025-06,fitcommerce.com/blog/beginner-strength-training-plan,Informational,3,4,6906,5.5,485,25,0.0515,0,0.0,0.0,0.0,-11.06
2025-06-28,2025-06,fitcommerce.com/blog/beginner-strength-training-plan,Informational,3,4,6906,12.3,515,14,0.0272,0,0.0,0.0,0.0,-11.06
2025-06-29,2025-06,fitcommerce.com/blog/beginner-strength-training-plan,Informational,3,4,6906,4.1,540,18,0.0333,0,0.0,0.0,0.0,-11.06
2025-06-30,2025-06,fitcommerce.com/blog/beginner-strength-training-plan,Informational,3,4,6906,6.1,522,18,0.0345,1,154.43,8.58,5.56,-11.06
2025-07-01,2025-07,fitcommerce.com/blog/beginner-strength-training-plan,Informational,3,4,6906,4.6,550,33,0.06,0,0.0,0.0,0.0,6.91
2025-07-02,2025-07,fitcommerce.com/blog/beginner-strength-training-plan,Informational,3,4,6906,9.6,493,26,0.0527,0,0.0,0.0,0.0,6.91
2025-07-03,2025-07,fitcommerce.com/blog/beginner-strength-training-plan,Informational,3,4,6906,4.2,572,20,0.035,0,0.0,0.0,0.0,6.91
2025-07-04,2025-07,fitcommerce.com/blog/beginner-strength-training-plan,Informational,3,4,6906,9.0,525,28,0.0533,1,139.31,4.98,3.57,6.91
2025-07-05,2025-07,fitcommerce.com/blog/beginner-strength-training-plan,Informational,3,4,6906,10.6,551,13,0.0236,1,124.34,9.56,7.69,6.91
2025-07-06,2025-07,fitcommerce.com/blog/beginner-strength-training-plan,Informational,3,4,6906,9.5,553,13,0.0235,0,0.0,0.0,0.0,6.91
2025-07-07,2025-07,fitcommerce.com/blog/beginner-strength-training-plan,Informational,3,4,6906,9.2,445,29,0.0652,1,120.43,4.15,3.45,6.91
2025-07-08,2025-07,fitcommerce.com/blog/beginner-strength-training-plan,Informational,3,4,6906,6.0,497,29,0.0584,0,0.0,0.0,0.0,6.91
2025-07-09,2025-07,fitcommerce.com/blog/beginner-strength-training-plan,Informational,3,4,6906,5.2,494,25,0.0506,0,0.0,0.0,0.0,6.91
2025-07-10,2025-07,fitcommerce.com/blog/beginner-strength-training-plan,Informational,3,4,6906,10.3,535,29,0.0542,0,0.0,0.0,0.0,6.91
2025-07-11,2025-07,fitcommerce.com/blog/beginner-strength-training-plan,Informational,3,4,6906,4.6,477,27,0.0566,0,0.0,0.0,0.0,6.91
2025-07-12,2025-07,fitcommerce.com/blog/beginner-strength-training-plan,Informational,3,4,6906,9.7,418,15,0.0359,0,0.0,0.0,0.0,6.91
2025-07-13,2025-07,fitcommerce.com/blog/beginner-strength-training-plan,Informational,3,4,6906,1.1,544,32,0.0588,0,0.0,0.0,0.0,6.91
2025-07-14,2025-07,fitcommerce.com/blog/beginner-strength-training-plan,Informational,3,4,6906,5.5,482,26,0.0539,2,274.54,10.56,7.69,6.91
2025-07-15,2025-07,fitcommerce.com/blog/beginner-strength-training-plan,Informational,3,4,6906,12.1,414,8,0.0193,0,0.0,0.0,0.0,6.91
2025-07-16,2025-07,fitcommerce.com/blog/beginner-strength-training-plan,Informational,3,4,6906,9.3,483,10,0.0207,2,272.81,27.28,20.0,6.91
2025-07-17,2025-07,fitcommerce.com/blog/beginner-strength-training-plan,Informational,3,4,6906,2.4,455,12,0.0264,0,0.0,0.0,0.0,6.91
2025-07-18,2025-07,fitcommerce.com/blog/beginner-strength-training-plan,Informational,3,4,6906,4.1,443,18,0.0406,0,0.0,0.0,0.0,6.91
2025-07-19,2025-07,fitcommerce.com/blog/beginner-strength-training-plan,Informational,3,4,6906,7.8,506,24,0.0474,1,150.02,6.25,4.17,6.91
2025-07-20,2025-07,fitcommerce.com/blog/beginner-strength-training-plan,Informational,3,4,6906,8.3,475,11,0.0232,1,129.3,11.75,9.09,6.91
2025-07-21,2025-07,fitcommerce.com/blog/beginner-strength-training-plan,Informational,3,4,6906,2.6,481,32,0.0665,0,0.0,0.0,0.0,6.91
2025-07-22,2025-07,fitcommerce.com/blog/beginner-strength-training-plan,Informational,3,4,6906,5.5,489,23,0.047,0,0.0,0.0,0.0,6.91
2025-07-23,2025-07,fitcommerce.com/blog/beginner-strength-training-plan,Informational,3,4,6906,10.5,525,24,0.0457,1,143.5,5.98,4.17,6.91
2025-07-24,2025-07,fitcommerce.com/blog/beginner-strength-training-plan,Informational,3,4,6906,4.6,521,16,0.0307,1,138.34,8.65,6.25,6.91
2025-07-25,2025-07,fitcommerce.com/blog/beginner-strength-training-plan,Informational,3,4,6906,4.5,445,22,0.0494,1,118.89,5.4,4.55,6.91
2025-07-26,2025-07,fitcommerce.com/blog/beginner-strength-training-plan,Informational,3,4,6906,6.9,402,19,0.0473,1,142.23,7.49,5.26,6.91
2025-07-27,2025-07,fitcommerce.com/blog/beginner-strength-training-plan,Informational,3,4,6906,6.5,455,16,0.0352,0,0.0,0.0,0.0,6.91
2025-07-28,2025-07,fitcommerce.com/blog/beginner-strength-training-plan,Informational,3,4,6906,6.0,537,27,0.0503,2,310.17,11.49,7.41,6.91
2025-07-29,2025-07,fitcommerce.com/blog/beginner-strength-training-plan,Informational,3,4,6906,1.9,487,11,0.0226,1,140.03,12.73,9.09,6.91
2025-07-30,2025-07,fitcommerce.com/blog/beginner-strength-training-plan,Informational,3,4,6906,8.7,519,16,0.0308,0,0.0,0.0,0.0,6.91
2025-07-31,2025-07,fitcommerce.com/blog/beginner-strength-training-plan,Informational,3,4,6906,10.1,445,19,0.0427,0,0.0,0.0,0.0,6.91
2024-08-01,2024-08,fitcommerce.com/blog/best-running-shoes-2025,Commercial,12,4,7184,13.4,294,15,0.051,0,0.0,0.0,0.0,
2024-08-02,2024-08,fitcommerce.com/blog/best-running-shoes-2025,Commercial,12,4,7184,12.7,271,20,0.0738,1,182.58,9.13,5.0,
2024-08-03,2024-08,fitcommerce.com/blog/best-running-shoes-2025,Commercial,12,4,7184,18.1,314,22,0.0701,0,0.0,0.0,0.0,
2024-08-04,2024-08,fitcommerce.com/blog/best-running-shoes-2025,Commercial,12,4,7184,14.4,338,10,0.0296,0,0.0,0.0,0.0,
2024-08-05,2024-08,fitcommerce.com/blog/best-running-shoes-2025,Commercial,12,4,7184,5.9,277,12,0.0433,0,0.0,0.0,0.0,
2024-08-06,2024-08,fitcommerce.com/blog/best-running-shoes-2025,Commercial,12,4,7184,14.9,277,6,0.0217,0,0.0,0.0,0.0,
2024-08-07,2024-08,fitcommerce.com/blog/best-running-shoes-2025,Commercial,12,4,7184,11.0,342,12,0.0351,0,0.0,0.0,0.0,
2024-08-08,2024-08,fitcommerce.com/blog/best-running-shoes-2025,Commercial,12,4,7184,18.0,345,21,0.0609,0,0.0,0.0,0.0,
2024-08-09,2024-08,fitcommerce.com/blog/best-running-shoes-2025,Commercial,12,4,7184,14.0,302,9,0.0298,0,0.0,0.0,0.0,
2024-08-10,2024-08,fitcommerce.com/blog/best-running-shoes-2025,Commercial,12,4,7184,12.4,302,6,0.0199,0,0.0,0.0,0.0,
2024-08-11,2024-08,fitcommerce.com/blog/best-running-shoes-2025,Commercial,12,4,7184,14.7,339,9,0.0265,1,192.21,21.36,11.11,
2024-08-12,2024-08,fitcommerce.com/blog/best-running-shoes-2025,Commercial,12,4,7184,13.6,279,16,0.0573,0,0.0,0.0,0.0,
2024-08-13,2024-08,fitcommerce.com/blog/best-running-shoes-2025,Commercial,12,4,7184,17.8,278,14,0.0504,1,188.0,13.43,7.14,
2024-08-14,2024-08,fitcommerce.com/blog/best-running-shoes-2025,Commercial,12,4,7184,17.8,306,8,0.0261,0,0.0,0.0,0.0,
2024-08-15,2024-08,fitcommerce.com/blog/best-running-shoes-2025,Commercial,12,4,7184,18.7,286,6,0.021,0,0.0,0.0,0.0,
2024-08-16,2024-08,fitcommerce.com/blog/best-running-shoes-2025,Commercial,12,4,7184,16.1,259,10,0.0386,0,0.0,0.0,0.0,
2024-08-17,2024-08,fitcommerce.com/blog/best-running-shoes-2025,Commercial,12,4,7184,15.4,316,9,0.0285,0,0.0,0.0,0.0,
2024-08-18,2024-08,fitcommerce.com/blog/best-running-shoes-2025,Commercial,12,4,7184,13.0,270,8,0.0296,0,0.0,0.0,0.0,
2024-08-19,2024-08,fitcommerce.com/blog/best-running-shoes-2025,Commercial,12,4,7184,16.6,341,19,0.0557,0,0.0,0.0,0.0,
2024-08-20,2024-08,fitcommerce.com/blog/best-running-shoes-2025,Commercial,12,4,7184,15.0,308,12,0.039,0,0.0,0.0,0.0,
2024-08-21,2024-08,fitcommerce.com/blog/best-running-shoes-2025,Commercial,12,4,7184,9.1,266,20,0.0752,0,0.0,0.0,0.0,
2024-08-22,2024-08,fitcommerce.com/blog/best-running-shoes-2025,Commercial,12,4,7184,16.9,289,18,0.0623,0,0.0,0.0,0.0,
2024-08-23,2024-08,fitcommerce.com/blog/best-running-shoes-2025,Commercial,12,4,7184,14.0,339,21,0.0619,0,0.0,0.0,0.0,
2024-08-24,2024-08,fitcommerce.com/blog/best-running-shoes-2025,Commercial,12,4,7184,15.8,259,6,0.0232,0,0.0,0.0,0.0,
2024-08-25,2024-08,fitcommerce.com/blog/best-running-shoes-2025,Commercial,12,4,7184,16.4,258,7,0.0271,1,152.38,21.77,14.29,
2024-08-26,2024-08,fitcommerce.com/blog/best-running-shoes-2025,Commercial,12,4,7184,17.2,279,13,0.0466,0,0.0,0.0,0.0,
2024-08-27,2024-08,fitcommerce.com/blog/best-running-shoes-2025,Commercial,12,4,7184,14.5,288,17,0.059,0,0.0,0.0,0.0,
2024-08-28,2024-08,fitcommerce.com/blog/best-running-shoes-2025,Commercial,12,4,7184,16.0,310,7,0.0226,0,0.0,0.0,0.0,
2024-08-29,2024-08,fitcommerce.com/blog/best-running-shoes-2025,Commercial,12,4,7184,15.8,283,10,0.0353,0,0.0,0.0,0.0,
2024-08-30,2024-08,fitcommerce.com/blog/best-running-shoes-2025,Commercial,12,4,7184,12.4,316,18,0.057,0,0.0,0.0,0.0,
2024-08-31,2024-08,fitcommerce.com/blog/best-running-shoes-2025,Commercial,12,4,7184,10.2,312,12,0.0385,0,0.0,0.0,0.0,
2024-09-01,2024-09,fitcommerce.com/blog/best-running-shoes-2025,Commercial,12,4,7184,16.0,261,11,0.0421,0,0.0,0.0,0.0,-13.81
2024-09-02,2024-09,fitcommerce.com/blog/best-running-shoes-2025,Commercial,12,4,7184,12.7,346,27,0.078,0,0.0,0.0,0.0,-13.81
2024-09-03,2024-09,fitcommerce.com/blog/best-running-shoes-2025,Commercial,12,4,7184,15.2,348,27,0.0776,1,156.58,5.8,3.7,-13.81
2024-09-04,2024-09,fitcommerce.com/blog/best-running-shoes-2025,Commercial,12,4,7184,10.2,287,12,0.0418,0,0.0,0.0,0.0,-13.81
2024-09-05,2024-09,fitcommerce.com/blog/best-running-shoes-2025,Commercial,12,4,7184,11.4,311,22,0.0707,1,183.46,8.34,4.55,-13.81
2024-09-06,2024-09,fitcommerce.com/blog/best-running-shoes-2025,Commercial,12,4,7184,16.1,313,8,0.0256,0,0.0,0.0,0.0,-13.81
2024-09-07,2024-09,fitcommerce.com/blog/best-running-shoes-2025,Commercial,12,4,7184,13.0,329,19,0.0578,0,0.0,0.0,0.0,-13.81
2024-09-08,2024-09,fitcommerce.com/blog/best-running-shoes-2025,Commercial,12,4,7184,13.8,294,11,0.0374,0,0.0,0.0,0.0,-13.81
2024-09-09,2024-09,fitcommerce.com/blog/best-running-shoes-2025,Commercial,12,4,7184,13.6,345,15,0.0435,0,0.0,0.0,0.0,-13.81
2024-09-10,2024-09,fitcommerce.com/blog/best-running-shoes-2025,Commercial,12,4,7184,13.5,335,19,0.0567,0,0.0,0.0,0.0,-13.81
2024-09-11,2024-09,fitcommerce.com/blog/best-running-shoes-2025,Commercial,12,4,7184,13.3,293,9,0.0307,0,0.0,0.0,0.0,-13.81
2024-09-12,2024-09,fitcommerce.com/blog/best-running-shoes-2025,Commercial,12,4,7184,7.4,316,6,0.019,0,0.0,0.0,0.0,-13.81
2024-09-13,2024-09,fitcommerce.com/blog/best-running-shoes-2025,Commercial,12,4,7184,13.8,317,5,0.0158,1,194.2,38.84,20.0,-13.81
2024-09-14,2024-09,fitcommerce.com/blog/best-running-shoes-2025,Commercial,12,4,7184,17.4,339,10,0.0295,0,0.0,0.0,0.0,-13.81
2024-09-15,2024-09,fitcommerce.com/blog/best-running-shoes-2025,Commercial,12,4,7184,13.1,283,12,0.0424,0,0.0,0.0,0.0,-13.81
2024-09-16,2024-09,fitcommerce.com/blog/best-running-shoes-2025,Commercial,12,4,7184,16.7,268,12,0.0448,0,0.0,0.0,0.0,-13.81
2024-09-17,2024-09,fitcommerce.com/blog/best-running-shoes-2025,Commercial,12,4,7184,15.1,355,15,0.0423,1,193.81,12.92,6.67,-13.81
2024-09-18,2024-09,fitcommerce.com/blog/best-running-shoes-2025,Commercial,12,4,7184,10.3,338,11,0.0325,0,0.0,0.0,0.0,-13.81
2024-09-19,2024-09,fitcommerce.com/blog/best-running-shoes-2025,Commercial,12,4,7184,17.5,281,7,0.0249,0,0.0,0.0,0.0,-13.81
2024-09-20,2024-09,fitcommerce.com/blog/best-running-shoes-2025,Commercial,12,4,7184,13.7,316,18,0.057,0,0.0,0.0,0.0,-13.81
2024-09-21,2024-09,fitcommerce.com/blog/best-running-shoes-2025,Commercial,12,4,7184,17.5,323,11,0.0341,0,0.0,0.0,0.0,-13.81
2024-09-22,2024-09,fitcommerce.com/blog/best-running-shoes-2025,Commercial,12,4,7184,11.8,299,13,0.0435,0,0.0,0.0,0.0,-13.81
2024-09-23,2024-09,fitcommerce.com/blog/best-running-shoes-2025,Commercial,12,4,7184,18.1,275,12,0.0436,0,0.0,0.0,0.0,-13.81
2024-09-24,2024-09,fitcommerce.com/blog/best-running-shoes-2025,Commercial,12,4,7184,17.1,283,11,0.0389,0,0.0,0.0,0.0,-13.81
2024-09-25,2024-09,fitcommerce.com/blog/best-running-shoes-2025,Commercial,12,4,7184,16.4,271,11,0.0406,0,0.0,0.0,0.0,-13.81
2024-09-26,2024-09,fitcommerce.com/blog/best-running-shoes-2025,Commercial,12,4,7184,11.8,315,21,0.0667,0,0.0,0.0,0.0,-13.81
2024-09-27,2024-09,fitcommerce.com/blog/best-running-shoes-2025,Commercial,12,4,7184,12.5,324,22,0.0679,0,0.0,0.0,0.0,-13.81
2024-09-28,2024-09,fitcommerce.com/blog/best-running-shoes-2025,Commercial,12,4,7184,14.4,306,15,0.049,1,197.32,13.15,6.67,-13.81
2024-09-29,2024-09,fitcommerce.com/blog/best-running-shoes-2025,Commercial,12,4,7184,12.5,306,24,0.0784,0,0.0,0.0,0.0,-13.81
2024-09-30,2024-09,fitcommerce.com/blog/best-running-shoes-2025,Commercial,12,4,7184,10.8,289,5,0.0173,0,0.0,0.0,0.0,-13.81
2024-10-01,2024-10,fitcommerce.com/blog/best-running-shoes-2025,Commercial,12,4,7184,12.9,301,15,0.0498,0,0.0,0.0,0.0,25.27
2024-10-02,2024-10,fitcommerce.com/blog/best-running-shoes-2025,Commercial,12,4,7184,15.1,349,10,0.0287,1,148.53,14.85,10.0,25.27
2024-10-03,2024-10,fitcommerce.com/blog/best-running-shoes-2025,Commercial,12,4,7184,16.6,356,22,0.0618,0,0.0,0.0,0.0,25.27
2024-10-04,2024-10,fitcommerce.com/blog/best-running-shoes-2025,Commercial,12,4,7184,6.8,299,9,0.0301,0,0.0,0.0,0.0,25.27
2024-10-05,2024-10,fitcommerce.com/blog/best-running-shoes-2025,Commercial,12,4,7184,8.5,348,15,0.0431,0,0.0,0.0,0.0,25.27
2024-10-06,2024-10,fitcommerce.com/blog/best-running-shoes-2025,Commercial,12,4,7184,10.9,356,16,0.0449,0,0.0,0.0,0.0,25.27
2024-10-07,2024-10,fitcommerce.com/blog/best-running-shoes-2025,Commercial,12,4,7184,12.9,362,18,0.0497,0,0.0,0.0,0.0,25.27
2024-10-08,2024-10,fitcommerce.com/blog/best-running-shoes-2025,Commercial,12,4,7184,11.3,306,18,0.0588,0,0.0,0.0,0.0,25.27
2024-10-09,2024-10,fitcommerce.com/blog/best-running-shoes-2025,Commercial,12,4,7184,10.2,368,25,0.0679,0,0.0,0.0,0.0,25.27
2024-10-10,2024-10,fitcommerce.com/blog/best-running-shoes-2025,Commercial,12,4,7184,15.6,338,13,0.0385,1,185.54,14.27,7.69,25.27
2024-10-11,2024-10,fitcommerce.com/blog/best-running-shoes-2025,Commercial,12,4,7184,8.4,351,23,0.0655,0,0.0,0.0,0.0,25.27
2024-10-12,2024-10,fitcommerce.com/blog/best-running-shoes-2025,Commercial,12,4,7184,5.7,287,10,0.0348,1,151.49,15.15,10.0,25.27
2024-10-13,2024-10,fitcommerce.com/blog/best-running-shoes-2025,Commercial,12,4,7184,17.3,366,11,0.0301,2,295.85,26.9,18.18,25.27
2024-10-14,2024-10,fitcommerce.com/blog/best-running-shoes-2025,Commercial,12,4,7184,10.6,293,17,0.058,1,157.5,9.26,5.88,25.27
2024-10-15,2024-10,fitcommerce.com/blog/best-running-shoes-2025,Commercial,12,4,7184,12.5,361,16,0.0443,0,0.0,0.0,0.0,25.27
2024-10-16,2024-10,fitcommerce.com/blog/best-running-shoes-2025,Commercial,12,4,7184,15.3,289,19,0.0657,0,0.0,0.0,0.0,25.27
2024-10-17,2024-10,fitcommerce.com/blog/best-running-shoes-2025,Commercial,12,4,7184,10.4,376,28,0.0745,0,0.0,0.0,0.0,25.27
2024-10-18,2024-10,fitcommerce.com/blog/best-running-shoes-2025,Commercial,12,4,7184,5.7,320,8,0.025,1,176.81,22.1,12.5,25.27
2024-10-19,2024-10,fitcommerce.com/blog/best-running-shoes-2025,Commercial,12,4,7184,16.5,374,9,0.0241,0,0.0,0.0,0.0,25.27
2024-10-20,2024-10,fitcommerce.com/blog/best-running-shoes-2025,Commercial,12,4,7184,15.6,285,10,0.0351,0,0.0,0.0,0.0,25.27
2024-10-21,2024-10,fitcommerce.com/blog/best-running-shoes-2025,Commercial,12,4,7184,14.1,344,22,0.064,0,0.0,0.0,0.0,25.27
2024-10-22,2024-10,fitcommerce.com/blog/best-running-shoes-2025,Commercial,12,4,7184,12.0,315,17,0.054,0,0.0,0.0,0.0,25.27
2024-10-23,2024-10,fitcommerce.com/blog/best-running-shoes-2025,Commercial,12,4,7184,14.7,387,9,0.0233,0,0.0,0.0,0.0,25.27
2024-10-24,2024-10,fitcommerce.com/blog/best-running-shoes-2025,Commercial,12,4,7184,10.4,386,18,0.0466,0,0.0,0.0,0.0,25.27
2024-10-25,2024-10,fitcommerce.com/blog/best-running-shoes-2025,Commercial,12,4,7184,17.3,352,20,0.0568,0,0.0,0.0,0.0,25.27
2024-10-26,2024-10,fitcommerce.com/blog/best-running-shoes-2025,Commercial,12,4,7184,11.3,294,11,0.0374,0,0.0,0.0,0.0,25.27
2024-10-27,2024-10,fitcommerce.com/blog/best-running-shoes-2025,Commercial,12,4,7184,14.6,354,10,0.0282,1,147.72,14.77,10.0,25.27
2024-10-28,2024-10,fitcommerce.com/blog/best-running-shoes-2025,Commercial,12,4,7184,5.9,339,13,0.0383,0,0.0,0.0,0.0,25.27
2024-10-29,2024-10,fitcommerce.com/blog/best-running-shoes-2025,Commercial,12,4,7184,12.7,376,17,0.0452,1,193.93,11.41,5.88,25.27
2024-10-30,2024-10,fitcommerce.com/blog/best-running-shoes-2025,Commercial,12,4,7184,13.8,388,27,0.0696,0,0.0,0.0,0.0,25.27
2024-10-31,2024-10,fitcommerce.com/blog/best-running-shoes-2025,Commercial,12,4,7184,16.0,338,25,0.074,0,0.0,0.0,0.0,25.27
2024-11-01,2024-11,fitcommerce.com/blog/best-running-shoes-2025,Commercial,12,4,7184,12.4,300,6,0.02,0,0.0,0.0,0.0,13.64
2024-11-02,2024-11,fitcommerce.com/blog/best-running-shoes-2025,Commercial,12,4,7184,8.2,336,26,0.0774,0,0.0,0.0,0.0,13.64
2024-11-03,2024-11,fitcommerce.com/blog/best-running-shoes-2025,Commercial,12,4,7184,11.1,385,16,0.0416,0,0.0,0.0,0.0,13.64
2024-11-04,2024-11,fitcommerce.com/blog/best-running-shoes-2025,Commercial,12,4,7184,11.3,390,28,0.0718,0,0.0,0.0,0.0,13.64
2024-11-05,2024-11,fitcommerce.com/blog/best-running-shoes-2025,Commercial,12,4,7184,10.5,405,21,0.0519,2,362.44,17.26,9.52,13.64
2024-11-06,2024-11,fitcommerce.com/blog/best-running-shoes-2025,Commercial,12,4,7184,6.6,314,22,0.0701,0,0.0,0.0,0.0,13.64
2024-11-07,2024-11,fitcommerce.com/blog/best-running-shoes-2025,Commercial,12,4,7184,8.9,326,18,0.0552,0,0.0,0.0,0.0,13.64
2024-11-08,2024-11,fitcommerce.com/blog/best-running-shoes-2025,Commercial,12,4,7184,10.5,375,19,0.0507,1,193.6,10.19,5.26,13.64
2024-11-09,2024-11,fitcommerce.com/blog/best-running-shoes-2025,Commercial,12,4,7184,14.4,360,23,0.0639,0,0.0,0.0,0.0,13.64
2024-11-10,2024-11,fitcommerce.com/blog/best-running-shoes-2025,Commercial,12,4,7184,11.8,349,7,0.0201,0,0.0,0.0,0.0,13.64
2024-11-11,2024-11,fitcommerce.com/blog/best-running-shoes-2025,Commercial,12,4,7184,10.0,388,21,0.0541,1,161.32,7.68,4.76,13.64
2024-11-12,2024-11,fitcommerce.com/blog/best-running-shoes-2025,Commercial,12,4,7184,10.3,309,12,0.0388,0,0.0,0.0,0.0,13.64
2024-11-13,2024-11,fitcommerce.com/blog/best-running-shoes-2025,Commercial,12,4,7184,11.9,351,17,0.0484,0,0.0,0.0,0.0,13.64
2024-11-14,2024-11,fitcommerce.com/blog/best-running-shoes-2025,Commercial,12,4,7184,4.7,396,16,0.0404,0,0.0,0.0,0.0,13.64
2024-11-15,2024-11,fitcommerce.com/blog/best-running-shoes-2025,Commercial,12,4,7184,11.2,406,23,0.0567,0,0.0,0.0,0.0,13.64
2024-11-16,2024-11,fitcommerce.com/blog/best-running-shoes-2025,Commercial,12,4,7184,13.6,341,17,0.0499,1,165.8,9.75,5.88,13.64
2024-11-17,2024-11,fitcommerce.com/blog/best-running-shoes-2025,Commercial,12,4,7184,10.8,368,14,0.038,0,0.0,0.0,0.0,13.64
2024-11-18,2024-11,fitcommerce.com/blog/best-running-shoes-2025,Commercial,12,4,7184,10.9,329,7,0.0213,1,158.22,22.6,14.29,13.64
2024-11-19,2024-11,fitcommerce.com/blog/best-running-shoes-2025,Commercial,12,4,7184,13.4,332,15,0.0452,0,0.0,0.0,0.0,13.64
2024-11-20,2024-11,fitcommerce.com/blog/best-running-shoes-2025,Commercial,12,4,7184,10.2,371,17,0.0458,0,0.0,0.0,0.0,13.64
2024-11-21,2024-11,fitcommerce.com/blog/best-running-shoes-2025,Commercial,12,4,7184,8.6,340,6,0.0176,0,0.0,0.0,0.0,13.64
2024-11-22,2024-11,fitcommerce.com/blog/best-running-shoes-2025,Commercial,12,4,7184,9.4,330,8,0.0242,0,0.0,0.0,0.0,13.64
2024-11-23,2024-11,fitcommerce.com/blog/best-running-shoes-2025,Commercial,12,4,7184,10.7,345,13,0.0377,0,0.0,0.0,0.0,13.64
2024-11-24,2024-11,fitcommerce.com/blog/best-running-shoes-2025,Commercial,12,4,7184,11.2,414,17,0.0411,3,526.82,30.99,17.65,13.64
2024-11-25,2024-11,fitcommerce.com/blog/best-running-shoes-2025,Commercial,12,4,7184,13.6,424,23,0.0542,0,0.0,0.0,0.0,13.64
2024-11-26,2024-11,fitcommerce.com/blog/best-running-shoes-2025,Commercial,12,4,7184,9.1,411,10,0.0243,2,320.04,32.0,20.0,13.64
2024-11-27,2024-11,fitcommerce.com/blog/best-running-shoes-2025,Commercial,12,4,7184,9.1,369,17,0.0461,1,155.17,9.13,5.88,13.64
2024-11-28,2024-11,fitcommerce.com/blog/best-running-shoes-2025,Commercial,12,4,7184,4.4,415,8,0.0193,0,0.0,0.0,0.0,13.64
2024-11-29,2024-11,fitcommerce.com/blog/best-running-shoes-2025,Commercial,12,4,7184,8.0,413,26,0.063,0,0.0,0.0,0.0,13.64
2024-11-30,2024-11,fitcommerce.com/blog/best-running-shoes-2025,Commercial,12,4,7184,11.1,383,16,0.0418,0,0.0,0.0,0.0,13.64
2024-12-01,2024-12,fitcommerce.com/blog/best-running-shoes-2025,Commercial,12,4,7184,7.7,364,11,0.0302,0,0.0,0.0,0.0,36.35
2024-12-02,2024-12,fitcommerce.com/blog/best-running-shoes-2025,Commercial,12,4,7184,8.9,372,11,0.0296,3,585.05,53.19,27.27,36.35
2024-12-03,2024-12,fitcommerce.com/blog/best-running-shoes-2025,Commercial,12,4,7184,8.2,405,24,0.0593,0,0.0,0.0,0.0,36.35
2024-12-04,2024-12,fitcommerce.com/blog/best-running-shoes-2025,Commercial,12,4,7184,10.8,400,21,0.0525,0,0.0,0.0,0.0,36.35
2024-12-05,2024-12,fitcommerce.com/blog/best-running-shoes-2025,Commercial,12,4,7184,15.0,390,9,0.0231,0,0.0,0.0,0.0,36.35
2024-12-06,2024-12,fitcommerce.com/blog/best-running-shoes-2025,Commercial,12,4,7184,6.9,408,18,0.0441,1,178.3,9.91,5.56,36.35
2024-12-07,2024-12,fitcommerce.com/blog/best-running-shoes-2025,Commercial,12,4,7184,9.4,414,11,0.0266,0,0.0,0.0,0.0,36.35
2024-12-08,2024-12,fitcommerce.com/blog/best-running-shoes-2025,Commercial,12,4,7184,8.9,362,9,0.0249,3,463.55,51.51,33.33,36.35
2024-12-09,2024-12,fitcommerce.com/blog/best-running-shoes-2025,Commercial,12,4,7184,3.2,365,19,0.0521,0,0.0,0.0,0.0,36.35
2024-12-10,2024-12,fitcommerce.com/blog/best-running-shoes-2025,Commercial,12,4,7184,12.8,465,11,0.0237,0,0.0,0.0,0.0,36.35
2024-12-11,2024-12,fitcommerce.com/blog/best-running-shoes-2025,Commercial,12,4,7184,8.5,466,33,0.0708,0,0.0,0.0,0.0,36.35
2024-12-12,2024-12,fitcommerce.com/blog/best-running-shoes-2025,Commercial,12,4,7184,9.1,431,29,0.0673,0,0.0,0.0,0.0,36.35
2024-12-13,2024-12,fitcommerce.com/blog/best-running-shoes-2025,Commercial,12,4,7184,9.0,421,15,0.0356,1,173.12,11.54,6.67,36.35
2024-12-14,2024-12,fitcommerce.com/blog/best-running-shoes-2025,Commercial,12,4,7184,7.6,404,16,0.0396,0,0.0,0.0,0.0,36.35
2024-12-15,2024-12,fitcommerce.com/blog/best-running-shoes-2025,Commercial,12,4,7184,7.2,367,16,0.0436,1,146.94,9.18,6.25,36.35
2024-12-16,2024-12,fitcommerce.com/blog/best-running-shoes-2025,Commercial,12,4,7184,11.4,415,15,0.0361,0,0.0,0.0,0.0,36.35
2024-12-17,2024-12,fitcommerce.com/blog/best-running-shoes-2025,Commercial,12,4,7184,8.8,399,8,0.0201,3,585.5,73.19,37.5,36.35
2024-12-18,2024-12,fitcommerce.com/blog/best-running-shoes-2025,Commercial,12,4,7184,12.8,444,26,0.0586,0,0.0,0.0,0.0,36.35
2024-12-19,2024-12,fitcommerce.com/blog/best-running-shoes-2025,Commercial,12,4,7184,11.1,419,15,0.0358,0,0.0,0.0,0.0,36.35
2024-12-20,2024-12,fitcommerce.com/blog/best-running-shoes-2025,Commercial,12,4,7184,10.8,384,9,0.0234,0,0.0,0.0,0.0,36.35
2024-12-21,2024-12,fitcommerce.com/blog/best-running-shoes-2025,Commercial,12,4,7184,8.7,436,23,0.0528,0,0.0,0.0,0.0,36.35
2024-12-22,2024-12,fitcommerce.com/blog/best-running-shoes-2025,Commercial,12,4,7184,12.3,385,12,0.0312,0,0.0,0.0,0.0,36.35
2024-12-23,2024-12,fitcommerce.com/blog/best-running-shoes-2025,Commercial,12,4,7184,9.7,452,19,0.042,0,0.0,0.0,0.0,36.35
2024-12-24,2024-12,fitcommerce.com/blog/best-running-shoes-2025,Commercial,12,4,7184,13.3,473,18,0.0381,1,153.53,8.53,5.56,36.35
2024-12-25,2024-12,fitcommerce.com/blog/best-running-shoes-2025,Commercial,12,4,7184,5.7,429,16,0.0373,2,369.56,23.1,12.5,36.35
2024-12-26,2024-12,fitcommerce.com/blog/best-running-shoes-2025,Commercial,12,4,7184,10.5,488,19,0.0389,1,171.52,9.03,5.26,36.35
2024-12-27,2024-12,fitcommerce.com/blog/best-running-shoes-2025,Commercial,12,4,7184,10.9,491,21,0.0428,1,158.11,7.53,4.76,36.35
2024-12-28,2024-12,fitcommerce.com/blog/best-running-shoes-2025,Commercial,12,4,7184,12.1,418,12,0.0287,0,0.0,0.0,0.0,36.35
2024-12-29,2024-12,fitcommerce.com/blog/best-running-shoes-2025,Commercial,12,4,7184,8.9,458,24,0.0524,1,148.36,6.18,4.17,36.35
2024-12-30,2024-12,fitcommerce.com/blog/best-running-shoes-2025,Commercial,12,4,7184,11.6,418,14,0.0335,0,0.0,0.0,0.0,36.35
2024-12-31,2024-12,fitcommerce.com/blog/best-running-shoes-2025,Commercial,12,4,7184,9.3,383,20,0.0522,1,178.8,8.94,5.0,36.35
2025-01-01,2025-01,fitcommerce.com/blog/best-running-shoes-2025,Commercial,12,4,7184,12.8,489,14,0.0286,1,178.77,12.77,7.14,2.94
2025-01-02,2025-01,fitcommerce.com/blog/best-running-shoes-2025,Commercial,12,4,7184,9.0,398,17,0.0427,0,0.0,0.0,0.0,2.94
2025-01-03,2025-01,fitcommerce.com/blog/best-running-shoes-2025,Commercial,12,4,7184,8.6,480,28,0.0583,1,197.4,7.05,3.57,2.94
2025-01-04,2025-01,fitcommerce.com/blog/best-running-shoes-2025,Commercial,12,4,7184,7.1,478,20,0.0418,2,307.65,15.38,10.0,2.94
2025-01-05,2025-01,fitcommerce.com/blog/best-running-shoes-2025,Commercial,12,4,7184,8.7,510,24,0.0471,0,0.0,0.0,0.0,2.94
2025-01-06,2025-01,fitcommerce.com/blog/best-running-shoes-2025,Commercial,12,4,7184,10.8,451,26,0.0576,0,0.0,0.0,0.0,2.94
2025-01-07,2025-01,fitcommerce.com/blog/best-running-shoes-2025,Commercial,12,4,7184,18.1,473,11,0.0233,1,197.43,17.95,9.09,2.94
2025-01-08,2025-01,fitcommerce.com/blog/best-running-shoes-2025,Commercial,12,4,7184,10.8,519,27,0.052,0,0.0,0.0,0.0,2.94
2025-01-09,2025-01,fitcommerce.com/blog/best-running-shoes-2025,Commercial,12,4,7184,11.5,413,21,0.0508,0,0.0,0.0,0.0,2.94
2025-01-10,2025-01,fitcommerce.com/blog/best-running-shoes-2025,Commercial,12,4,7184,9.9,453,30,0.0662,0,0.0,0.0,0.0,2.94
2025-01-11,2025-01,fitcommerce.com/blog/best-running-shoes-2025,Commercial,12,4,7184,12.5,411,32,0.0779,0,0.0,0.0,0.0,2.94
2025-01-12,2025-01,fitcommerce.com/blog/best-running-shoes-2025,Commercial,12,4,7184,17.7,415,31,0.0747,0,0.0,0.0,0.0,2.94
2025-01-13,2025-01,fitcommerce.com/blog/best-running-shoes-2025,Commercial,12,4,7184,11.7,455,9,0.0198,0,0.0,0.0,0.0,2.94
2025-01-14,2025-01,fitcommerce.com/blog/best-running-shoes-2025,Commercial,12,4,7184,12.6,514,9,0.0175,1,196.84,21.87,11.11,2.94
2025-01-15,2025-01,fitcommerce.com/blog/best-running-shoes-2025,Commercial,12,4,7184,3.1,533,18,0.0338,2,391.42,21.75,11.11,2.94
2025-01-16,2025-01,fitcommerce.com/blog/best-running-shoes-2025,Commercial,12,4,7184,6.7,509,19,0.0373,0,0.0,0.0,0.0,2.94
2025-01-17,2025-01,fitcommerce.com/blog/best-running-shoes-2025,Commercial,12,4,7184,9.6,431,18,0.0418,0,0.0,0.0,0.0,2.94
2025-01-18,2025-01,fitcommerce.com/blog/best-running-shoes-2025,Commercial,12,4,7184,7.0,539,21,0.039,0,0.0,0.0,0.0,2.94
2025-01-19,2025-01,fitcommerce.com/blog/best-running-shoes-2025,Commercial,12,4,7184,11.5,548,14,0.0255,0,0.0,0.0,0.0,2.94
2025-01-20,2025-01,fitcommerce.com/blog/best-running-shoes-2025,Commercial,12,4,7184,7.9,423,29,0.0686,0,0.0,0.0,0.0,2.94
2025-01-21,2025-01,fitcommerce.com/blog/best-running-shoes-2025,Commercial,12,4,7184,10.4,521,18,0.0345,0,0.0,0.0,0.0,2.94
2025-01-22,2025-01,fitcommerce.com/blog/best-running-shoes-2025,Commercial,12,4,7184,17.7,444,10,0.0225,2,357.91,35.79,20.0,2.94
2025-01-23,2025-01,fitcommerce.com/blog/best-running-shoes-2025,Commercial,12,4,7184,6.6,425,24,0.0565,0,0.0,0.0,0.0,2.94
2025-01-24,2025-01,fitcommerce.com/blog/best-running-shoes-2025,Commercial,12,4,7184,6.4,494,19,0.0385,1,187.33,9.86,5.26,2.94
2025-01-25,2025-01,fitcommerce.com/blog/best-running-shoes-2025,Commercial,12,4,7184,10.5,445,33,0.0742,1,179.54,5.44,3.03,2.94
2025-01-26,2025-01,fitcommerce.com/blog/best-running-shoes-2025,Commercial,12,4,7184,8.8,476,16,0.0336,0,0.0,0.0,0.0,2.94
2025-01-27,2025-01,fitcommerce.com/blog/best-running-shoes-2025,Commercial,12,4,7184,9.7,445,26,0.0584,2,301.47,11.6,7.69,2.94
2025-01-28,2025-01,fitcommerce.com/blog/best-running-shoes-2025,Commercial,12,4,7184,10.1,427,11,0.0258,0,0.0,0.0,0.0,2.94
2025-01-29,2025-01,fitcommerce.com/blog/best-running-shoes-2025,Commercial,12,4,7184,9.4,452,21,0.0465,2,384.52,18.31,9.52,2.94
2025-01-30,2025-01,fitcommerce.com/blog/best-running-shoes-2025,Commercial,12,4,7184,10.5,442,15,0.0339,0,0.0,0.0,0.0,2.94
2025-01-31,2025-01,fitcommerce.com/blog/best-running-shoes-2025,Commercial,12,4,7184,10.6,488,22,0.0451,0,0.0,0.0,0.0,2.94
2025-02-01,2025-02,fitcommerce.com/blog/best-running-shoes-2025,Commercial,12,4,7184,4.8,474,24,0.0506,1,163.54,6.81,4.17,-3.77
2025-02-02,2025-02,fitcommerce.com/blog/best-running-shoes-2025,Commercial,12,4,7184,15.1,567,32,0.0564,0,0.0,0.0,0.0,-3.77
2025-02-03,2025-02,fitcommerce.com/blog/best-running-shoes-2025,Commercial,12,4,7184,12.0,473,19,0.0402,0,0.0,0.0,0.0,-3.77
2025-02-04,2025-02,fitcommerce.com/blog/best-running-shoes-2025,Commercial,12,4,7184,5.5,497,23,0.0463,0,0.0,0.0,0.0,-3.77
2025-02-05,2025-02,fitcommerce.com/blog/best-running-shoes-2025,Commercial,12,4,7184,12.6,481,35,0.0728,1,183.25,5.24,2.86,-3.77
2025-02-06,2025-02,fitcommerce.com/blog/best-running-shoes-2025,Commercial,12,4,7184,9.6,561,18,0.0321,1,186.1,10.34,5.56,-3.77
2025-02-07,2025-02,fitcommerce.com/blog/best-running-shoes-2025,Commercial,12,4,7184,7.8,481,23,0.0478,0,0.0,0.0,0.0,-3.77
2025-02-08,2025-02,fitcommerce.com/blog/best-running-shoes-2025,Commercial,12,4,7184,8.4,571,39,0.0683,1,146.69,3.76,2.56,-3.77
2025-02-09,2025-02,fitcommerce.com/blog/best-running-shoes-2025,Commercial,12,4,7184,4.8,469,12,0.0256,1,190.8,15.9,8.33,-3.77
2025-02-10,2025-02,fitcommerce.com/blog/best-running-shoes-2025,Commercial,12,4,7184,11.3,531,31,0.0584,1,172.2,5.55,3.23,-3.77
2025-02-11,2025-02,fitcommerce.com/blog/best-running-shoes-2025,Commercial,12,4,7184,14.5,478,8,0.0167,0,0.0,0.0,0.0,-3.77
2025-02-12,2025-02,fitcommerce.com/blog/best-running-shoes-2025,Commercial,12,4,7184,14.3,552,18,0.0326,2,354.98,19.72,11.11,-3.77
2025-02-13,2025-02,fitcommerce.com/blog/best-running-shoes-2025,Commercial,12,4,7184,8.6,515,20,0.0388,1,186.54,9.33,5.0,-3.77
2025-02-14,2025-02,fitcommerce.com/blog/best-running-shoes-2025,Commercial,12,4,7184,10.2,546,16,0.0293,1,165.2,10.32,6.25,-3.77
2025-02-15,2025-02,fitcommerce.com/blog/best-running-shoes-2025,Commercial,12,4,7184,11.3,497,20,0.0402,1,175.44,8.77,5.0,-3.77
2025-02-16,2025-02,fitcommerce.com/blog/best-running-shoes-2025,Commercial,12,4,7184,4.3,529,33,0.0624,1,160.03,4.85,3.03,-3.77
2025-02-17,2025-02,fitcommerce.com/blog/best-running-shoes-2025,Commercial,12,4,7184,11.4,572,14,0.0245,0,0.0,0.0,0.0,-3.77
2025-02-18,2025-02,fitcommerce.com/blog/best-running-shoes-2025,Commercial,12,4,7184,5.0,464,21,0.0453,0,0.0,0.0,0.0,-3.77
2025-02-19,2025-02,fitcommerce.com/blog/best-running-shoes-2025,Commercial,12,4,7184,10.0,511,25,0.0489,0,0.0,0.0,0.0,-3.77
2025-02-20,2025-02,fitcommerce.com/blog/best-running-shoes-2025,Commercial,12,4,7184,8.5,539,28,0.0519,0,0.0,0.0,0.0,-3.77
2025-02-21,2025-02,fitcommerce.com/blog/best-running-shoes-2025,Commercial,12,4,7184,6.2,500,34,0.068,0,0.0,0.0,0.0,-3.77
2025-02-22,2025-02,fitcommerce.com/blog/best-running-shoes-2025,Commercial,12,4,7184,12.2,557,17,0.0305,0,0.0,0.0,0.0,-3.77
2025-02-23,2025-02,fitcommerce.com/blog/best-running-shoes-2025,Commercial,12,4,7184,5.5,612,19,0.031,0,0.0,0.0,0.0,-3.77
2025-02-24,2025-02,fitcommerce.com/blog/best-running-shoes-2025,Commercial,12,4,7184,8.7,553,38,0.0687,1,191.21,5.03,2.63,-3.77
2025-02-25,2025-02,fitcommerce.com/blog/best-running-shoes-2025,Commercial,12,4,7184,8.1,598,34,0.0569,0,0.0,0.0,0.0,-3.77
2025-02-26,2025-02,fitcommerce.com/blog/best-running-shoes-2025,Commercial,12,4,7184,11.3,547,20,0.0366,0,0.0,0.0,0.0,-3.77
2025-02-27,2025-02,fitcommerce.com/blog/best-running-shoes-2025,Commercial,12,4,7184,11.8,624,14,0.0224,0,0.0,0.0,0.0,-3.77
2025-02-28,2025-02,fitcommerce.com/blog/best-running-shoes-2025,Commercial,12,4,7184,9.8,475,23,0.0484,2,325.82,14.17,8.7,-3.77
2025-03-01,2025-03,fitcommerce.com/blog/best-running-shoes-2025,Commercial,12,4,7184,12.7,624,50,0.0801,0,0.0,0.0,0.0,5.24
2025-03-02,2025-03,fitcommerce.com/blog/best-running-shoes-2025,Commercial,12,4,7184,9.1,613,24,0.0392,1,147.43,6.14,4.17,5.24
2025-03-03,2025-03,fitcommerce.com/blog/best-running-shoes-2025,Commercial,12,4,7184,6.2,479,21,0.0438,2,351.97,16.76,9.52,5.24
2025-03-04,2025-03,fitcommerce.com/blog/best-running-shoes-2025,Commercial,12,4,7184,13.1,596,12,0.0201,0,0.0,0.0,0.0,5.24
2025-03-05,2025-03,fitcommerce.com/blog/best-running-shoes-2025,Commercial,12,4,7184,11.9,566,31,0.0548,0,0.0,0.0,0.0,5.24
2025-03-06,2025-03,fitcommerce.com/blog/best-running-shoes-2025,Commercial,12,4,7184,10.1,580,14,0.0241,1,155.93,11.14,7.14,5.24
2025-03-07,2025-03,fitcommerce.com/blog/best-running-shoes-2025,Commercial,12,4,7184,11.4,625,15,0.024,0,0.0,0.0,0.0,5.24
2025-03-08,2025-03,fitcommerce.com/blog/best-running-shoes-2025,Commercial,12,4,7184,9.4,614,40,0.0651,1,166.26,4.16,2.5,5.24
2025-03-09,2025-03,fitcommerce.com/blog/best-running-shoes-2025,Commercial,12,4,7184,12.0,611,24,0.0393,0,0.0,0.0,0.0,5.24
2025-03-10,2025-03,fitcommerce.com/blog/best-running-shoes-2025,Commercial,12,4,7184,10.2,649,36,0.0555,0,0.0,0.0,0.0,5.24
2025-03-11,2025-03,fitcommerce.com/blog/best-running-shoes-2025,Commercial,12,4,7184,8.3,554,28,0.0505,0,0.0,0.0,0.0,5.24
2025-03-12,2025-03,fitcommerce.com/blog/best-running-shoes-2025,Commercial,12,4,7184,6.8,533,16,0.03,0,0.0,0.0,0.0,5.24
2025-03-13,2025-03,fitcommerce.com/blog/best-running-shoes-2025,Commercial,12,4,7184,3.4,492,12,0.0244,1,189.97,15.83,8.33,5.24
2025-03-14,2025-03,fitcommerce.com/blog/best-running-shoes-2025,Commercial,12,4,7184,5.5,603,21,0.0348,0,0.0,0.0,0.0,5.24
2025-03-15,2025-03,fitcommerce.com/blog/best-running-shoes-2025,Commercial,12,4,7184,16.1,622,14,0.0225,0,0.0,0.0,0.0,5.24
2025-03-16,2025-03,fitcommerce.com/blog/best-running-shoes-2025,Commercial,12,4,7184,7.1,517,32,0.0619,0,0.0,0.0,0.0,5.24
2025-03-17,2025-03,fitcommerce.com/blog/best-running-shoes-2025,Commercial,12,4,7184,4.4,652,35,0.0537,1,163.6,4.67,2.86,5.24
2025-03-18,2025-03,fitcommerce.com/blog/best-running-shoes-2025,Commercial,12,4,7184,9.3,521,14,0.0269,0,0.0,0.0,0.0,5.24
2025-03-19,2025-03,fitcommerce.com/blog/best-running-shoes-2025,Commercial,12,4,7184,8.0,626,19,0.0304,0,0.0,0.0,0.0,5.24
2025-03-20,2025-03,fitcommerce.com/blog/best-running-shoes-2025,Commercial,12,4,7184,5.6,624,29,0.0465,0,0.0,0.0,0.0,5.24
2025-03-21,2025-03,fitcommerce.com/blog/best-running-shoes-2025,Commercial,12,4,7184,16.1,635,17,0.0268,0,0.0,0.0,0.0,5.24
2025-03-22,2025-03,fitcommerce.com/blog/best-running-shoes-2025,Commercial,12,4,7184,11.9,595,16,0.0269,2,320.89,20.06,12.5,5.24
2025-03-23,2025-03,fitcommerce.com/blog/best-running-shoes-2025,Commercial,12,4,7184,10.7,541,16,0.0296,1,172.38,10.77,6.25,5.24
2025-03-24,2025-03,fitcommerce.com/blog/best-running-shoes-2025,Commercial,12,4,7184,12.3,592,13,0.022,0,0.0,0.0,0.0,5.24
2025-03-25,2025-03,fitcommerce.com/blog/best-running-shoes-2025,Commercial,12,4,7184,6.5,562,20,0.0356,2,333.66,16.68,10.0,5.24
2025-03-26,2025-03,fitcommerce.com/blog/best-running-shoes-2025,Commercial,12,4,7184,9.0,536,24,0.0448,0,0.0,0.0,0.0,5.24
2025-03-27,2025-03,fitcommerce.com/blog/best-running-shoes-2025,Commercial,12,4,7184,12.6,649,28,0.0431,1,179.87,6.42,3.57,5.24
2025-03-28,2025-03,fitcommerce.com/blog/best-running-shoes-2025,Commercial,12,4,7184,10.0,561,31,0.0553,0,0.0,0.0,0.0,5.24
2025-03-29,2025-03,fitcommerce.com/blog/best-running-shoes-2025,Commercial,12,4,7184,11.8,547,39,0.0713,1,164.46,4.22,2.56,5.24
2025-03-30,2025-03,fitcommerce.com/blog/best-running-shoes-2025,Commercial,12,4,7184,10.2,655,41,0.0626,0,0.0,0.0,0.0,5.24
2025-03-31,2025-03,fitcommerce.com/blog/best-running-shoes-2025,Commercial,12,4,7184,7.0,625,35,0.056,3,479.74,13.71,8.57,5.24
2025-04-01,2025-04,fitcommerce.com/blog/best-running-shoes-2025,Commercial,12,4,7184,10.4,659,34,0.0516,1,181.14,5.33,2.94,-5.74
2025-04-02,2025-04,fitcommerce.com/blog/best-running-shoes-2025,Commercial,12,4,7184,6.8,650,16,0.0246,1,146.53,9.16,6.25,-5.74
2025-04-03,2025-04,fitcommerce.com/blog/best-running-shoes-2025,Commercial,12,4,7184,10.4,650,40,0.0615,0,0.0,0.0,0.0,-5.74
2025-04-04,2025-04,fitcommerce.com/blog/best-running-shoes-2025,Commercial,12,4,7184,9.0,506,18,0.0356,2,329.34,18.3,11.11,-5.74
2025-04-05,2025-04,fitcommerce.com/blog/best-running-shoes-2025,Commercial,12,4,7184,9.1,552,28,0.0507,1,177.32,6.33,3.57,-5.74
2025-04-06,2025-04,fitcommerce.com/blog/best-running-shoes-2025,Commercial,12,4,7184,10.5,646,18,0.0279,0,0.0,0.0,0.0,-5.74
2025-04-07,2025-04,fitcommerce.com/blog/best-running-shoes-2025,Commercial,12,4,7184,9.0,568,34,0.0599,0,0.0,0.0,0.0,-5.74
2025-04-08,2025-04,fitcommerce.com/blog/best-running-shoes-2025,Commercial,12,4,7184,8.3,526,37,0.0703,0,0.0,0.0,0.0,-5.74
2025-04-09,2025-04,fitcommerce.com/blog/best-running-shoes-2025,Commercial,12,4,7184,7.6,635,15,0.0236,1,172.44,11.5,6.67,-5.74
2025-04-10,2025-04,fitcommerce.com/blog/best-running-shoes-2025,Commercial,12,4,7184,9.9,571,23,0.0403,0,0.0,0.0,0.0,-5.74
2025-04-11,2025-04,fitcommerce.com/blog/best-running-shoes-2025,Commercial,12,4,7184,7.2,514,10,0.0195,0,0.0,0.0,0.0,-5.74
2025-04-12,2025-04,fitcommerce.com/blog/best-running-shoes-2025,Commercial,12,4,7184,3.7,598,37,0.0619,1,151.43,4.09,2.7,-5.74
2025-04-13,2025-04,fitcommerce.com/blog/best-running-shoes-2025,Commercial,12,4,7184,7.5,690,27,0.0391,0,0.0,0.0,0.0,-5.74
2025-04-14,2025-04,fitcommerce.com/blog/best-running-shoes-2025,Commercial,12,4,7184,12.1,540,34,0.063,0,0.0,0.0,0.0,-5.74
2025-04-15,2025-04,fitcommerce.com/blog/best-running-shoes-2025,Commercial,12,4,7184,12.7,561,32,0.057,0,0.0,0.0,0.0,-5.74
2025-04-16,2025-04,fitcommerce.com/blog/best-running-shoes-2025,Commercial,12,4,7184,5.0,590,38,0.0644,1,146.59,3.86,2.63,-5.74
2025-04-17,2025-04,fitcommerce.com/blog/best-running-shoes-2025,Commercial,12,4,7184,13.7,562,37,0.0658,1,194.05,5.24,2.7,-5.74
2025-04-18,2025-04,fitcommerce.com/blog/best-running-shoes-2025,Commercial,12,4,7184,8.9,674,18,0.0267,0,0.0,0.0,0.0,-5.74
2025-04-19,2025-04,fitcommerce.com/blog/best-running-shoes-2025,Commercial,12,4,7184,8.0,580,36,0.0621,0,0.0,0.0,0.0,-5.74
2025-04-20,2025-04,fitcommerce.com/blog/best-running-shoes-2025,Commercial,12,4,7184,10.8,689,23,0.0334,0,0.0,0.0,0.0,-5.74
2025-04-21,2025-04,fitcommerce.com/blog/best-running-shoes-2025,Commercial,12,4,7184,10.8,667,40,0.06,0,0.0,0.0,0.0,-5.74
2025-04-22,2025-04,fitcommerce.com/blog/best-running-shoes-2025,Commercial,12,4,7184,12.4,538,13,0.0242,0,0.0,0.0,0.0,-5.74
2025-04-23,2025-04,fitcommerce.com/blog/best-running-shoes-2025,Commercial,12,4,7184,10.1,602,13,0.0216,1,183.37,14.11,7.69,-5.74
2025-04-24,2025-04,fitcommerce.com/blog/best-running-shoes-2025,Commercial,12,4,7184,6.4,639,23,0.036,0,0.0,0.0,0.0,-5.74
2025-04-25,2025-04,fitcommerce.com/blog/best-running-shoes-2025,Commercial,12,4,7184,8.6,621,23,0.037,0,0.0,0.0,0.0,-5.74
2025-04-26,2025-04,fitcommerce.com/blog/best-running-shoes-2025,Commercial,12,4,7184,8.1,572,19,0.0332,1,185.99,9.79,5.26,-5.74
2025-04-27,2025-04,fitcommerce.com/blog/best-running-shoes-2025,Commercial,12,4,7184,6.5,603,27,0.0448,0,0.0,0.0,0.0,-5.74
2025-04-28,2025-04,fitcommerce.com/blog/best-running-shoes-2025,Commercial,12,4,7184,8.5,642,44,0.0685,0,0.0,0.0,0.0,-5.74
2025-04-29,2025-04,fitcommerce.com/blog/best-running-shoes-2025,Commercial,12,4,7184,6.9,535,20,0.0374,0,0.0,0.0,0.0,-5.74
2025-04-30,2025-04,fitcommerce.com/blog/best-running-shoes-2025,Commercial,12,4,7184,10.1,542,25,0.0461,0,0.0,0.0,0.0,-5.74
2025-05-01,2025-05,fitcommerce.com/blog/best-running-shoes-2025,Commercial,12,4,7184,13.9,518,18,0.0347,0,0.0,0.0,0.0,4.19
2025-05-02,2025-05,fitcommerce.com/blog/best-running-shoes-2025,Commercial,12,4,7184,8.0,533,16,0.03,1,192.6,12.04,6.25,4.19
2025-05-03,2025-05,fitcommerce.com/blog/best-running-shoes-2025,Commercial,12,4,7184,6.3,541,28,0.0518,0,0.0,0.0,0.0,4.19
2025-05-04,2025-05,fitcommerce.com/blog/best-running-shoes-2025,Commercial,12,4,7184,9.3,663,17,0.0256,1,154.5,9.09,5.88,4.19
2025-05-05,2025-05,fitcommerce.com/blog/best-running-shoes-2025,Commercial,12,4,7184,6.1,646,16,0.0248,0,0.0,0.0,0.0,4.19
2025-05-06,2025-05,fitcommerce.com/blog/best-running-shoes-2025,Commercial,12,4,7184,9.7,526,26,0.0494,0,0.0,0.0,0.0,4.19
2025-05-07,2025-05,fitcommerce.com/blog/best-running-shoes-2025,Commercial,12,4,7184,10.5,663,27,0.0407,0,0.0,0.0,0.0,4.19
2025-05-08,2025-05,fitcommerce.com/blog/best-running-shoes-2025,Commercial,12,4,7184,7.9,532,35,0.0658,1,149.05,4.26,2.86,4.19
2025-05-09,2025-05,fitcommerce.com/blog/best-running-shoes-2025,Commercial,12,4,7184,12.4,635,32,0.0504,0,0.0,0.0,0.0,4.19
2025-05-10,2025-05,fitcommerce.com/blog/best-running-shoes-2025,Commercial,12,4,7184,5.3,532,11,0.0207,1,192.23,17.48,9.09,4.19
2025-05-11,2025-05,fitcommerce.com/blog/best-running-shoes-2025,Commercial,12,4,7184,6.8,661,34,0.0514,0,0.0,0.0,0.0,4.19
2025-05-12,2025-05,fitcommerce.com/blog/best-running-shoes-2025,Commercial,12,4,7184,5.0,618,30,0.0485,0,0.0,0.0,0.0,4.19
2025-05-13,2025-05,fitcommerce.com/blog/best-running-shoes-2025,Commercial,12,4,7184,10.1,641,12,0.0187,0,0.0,0.0,0.0,4.19
2025-05-14,2025-05,fitcommerce.com/blog/best-running-shoes-2025,Commercial,12,4,7184,11.2,564,27,0.0479,0,0.0,0.0,0.0,4.19
2025-05-15,2025-05,fitcommerce.com/blog/best-running-shoes-2025,Commercial,12,4,7184,11.0,594,21,0.0354,0,0.0,0.0,0.0,4.19
2025-05-16,2025-05,fitcommerce.com/blog/best-running-shoes-2025,Commercial,12,4,7184,3.7,697,17,0.0244,0,0.0,0.0,0.0,4.19
2025-05-17,2025-05,fitcommerce.com/blog/best-running-shoes-2025,Commercial,12,4,7184,14.4,649,33,0.0508,1,173.08,5.24,3.03,4.19
2025-05-18,2025-05,fitcommerce.com/blog/best-running-shoes-2025,Commercial,12,4,7184,10.7,681,25,0.0367,0,0.0,0.0,0.0,4.19
2025-05-19,2025-05,fitcommerce.com/blog/best-running-shoes-2025,Commercial,12,4,7184,8.9,555,29,0.0523,0,0.0,0.0,0.0,4.19
2025-05-20,2025-05,fitcommerce.com/blog/best-running-shoes-2025,Commercial,12,4,7184,9.3,650,18,0.0277,0,0.0,0.0,0.0,4.19
2025-05-21,2025-05,fitcommerce.com/blog/best-running-shoes-2025,Commercial,12,4,7184,7.4,606,22,0.0363,1,167.45,7.61,4.55,4.19
2025-05-22,2025-05,fitcommerce.com/blog/best-running-shoes-2025,Commercial,12,4,7184,4.8,597,25,0.0419,0,0.0,0.0,0.0,4.19
2025-05-23,2025-05,fitcommerce.com/blog/best-running-shoes-2025,Commercial,12,4,7184,9.2,587,36,0.0613,0,0.0,0.0,0.0,4.19
2025-05-24,2025-05,fitcommerce.com/blog/best-running-shoes-2025,Commercial,12,4,7184,3.6,635,25,0.0394,0,0.0,0.0,0.0,4.19
2025-05-25,2025-05,fitcommerce.com/blog/best-running-shoes-2025,Commercial,12,4,7184,7.4,528,15,0.0284,0,0.0,0.0,0.0,4.19
2025-05-26,2025-05,fitcommerce.com/blog/best-running-shoes-2025,Commercial,12,4,7184,10.2,576,34,0.059,0,0.0,0.0,0.0,4.19
2025-05-27,2025-05,fitcommerce.com/blog/best-running-shoes-2025,Commercial,12,4,7184,4.1,643,15,0.0233,1,170.95,11.4,6.67,4.19
2025-05-28,2025-05,fitcommerce.com/blog/best-running-shoes-2025,Commercial,12,4,7184,11.9,521,31,0.0595,2,377.99,12.19,6.45,4.19
2025-05-29,2025-05,fitcommerce.com/blog/best-running-shoes-2025,Commercial,12,4,7184,7.9,660,37,0.0561,0,0.0,0.0,0.0,4.19
2025-05-30,2025-05,fitcommerce.com/blog/best-running-shoes-2025,Commercial,12,4,7184,8.3,551,12,0.0218,0,0.0,0.0,0.0,4.19
2025-05-31,2025-05,fitcommerce.com/blog/best-running-shoes-2025,Commercial,12,4,7184,6.1,683,12,0.0176,1,173.6,14.47,8.33,4.19
2025-06-01,2025-06,fitcommerce.com/blog/best-running-shoes-2025,Commercial,12,4,7184,6.4,595,36,0.0605,1,190.52,5.29,2.78,-11.06
2025-06-02,2025-06,fitcommerce.com/blog/best-running-shoes-2025,Commercial,12,4,7184,8.2,539,44,0.0816,1,196.18,4.46,2.27,-11.06
2025-06-03,2025-06,fitcommerce.com/blog/best-running-shoes-2025,Commercial,12,4,7184,7.8,513,36,0.0702,0,0.0,0.0,0.0,-11.06
2025-06-04,2025-06,fitcommerce.com/blog/best-running-shoes-2025,Commercial,12,4,7184,11.4,605,28,0.0463,0,0.0,0.0,0.0,-11.06
2025-06-05,2025-06,fitcommerce.com/blog/best-running-shoes-2025,Commercial,12,4,7184,5.3,536,10,0.0187,0,0.0,0.0,0.0,-11.06
2025-06-06,2025-06,fitcommerce.com/blog/best-running-shoes-2025,Commercial,12,4,7184,10.1,632,36,0.057,0,0.0,0.0,0.0,-11.06
2025-06-07,2025-06,fitcommerce.com/blog/best-running-shoes-2025,Commercial,12,4,7184,9.8,632,30,0.0475,2,360.54,12.02,6.67,-11.06
2025-06-08,2025-06,fitcommerce.com/blog/best-running-shoes-2025,Commercial,12,4,7184,5.3,661,47,0.0711,0,0.0,0.0,0.0,-11.06
2025-06-09,2025-06,fitcommerce.com/blog/best-running-shoes-2025,Commercial,12,4,7184,6.7,599,34,0.0568,0,0.0,0.0,0.0,-11.06
2025-06-10,2025-06,fitcommerce.com/blog/best-running-shoes-2025,Commercial,12,4,7184,8.3,676,39,0.0577,0,0.0,0.0,0.0,-11.06
2025-06-11,2025-06,fitcommerce.com/blog/best-running-shoes-2025,Commercial,12,4,7184,5.8,547,27,0.0494,2,355.61,13.17,7.41,-11.06
2025-06-12,2025-06,fitcommerce.com/blog/best-running-shoes-2025,Commercial,12,4,7184,8.9,626,35,0.0559,1,171.96,4.91,2.86,-11.06
2025-06-13,2025-06,fitcommerce.com/blog/best-running-shoes-2025,Commercial,12,4,7184,9.1,683,31,0.0454,0,0.0,0.0,0.0,-11.06
2025-06-14,2025-06,fitcommerce.com/blog/best-running-shoes-2025,Commercial,12,4,7184,12.3,639,39,0.061,1,149.32,3.83,2.56,-11.06
2025-06-15,2025-06,fitcommerce.com/blog/best-running-shoes-2025,Commercial,12,4,7184,10.2,565,33,0.0584,0,0.0,0.0,0.0,-11.06
2025-06-16,2025-06,fitcommerce.com/blog/best-running-shoes-2025,Commercial,12,4,7184,9.9,584,30,0.0514,0,0.0,0.0,0.0,-11.06
2025-06-17,2025-06,fitcommerce.com/blog/best-running-shoes-2025,Commercial,12,4,7184,4.2,603,11,0.0182,0,0.0,0.0,0.0,-11.06
2025-06-18,2025-06,fitcommerce.com/blog/best-running-shoes-2025,Commercial,12,4,7184,3.1,629,24,0.0382,1,176.99,7.37,4.17,-11.06
2025-06-19,2025-06,fitcommerce.com/blog/best-running-shoes-2025,Commercial,12,4,7184,8.5,547,18,0.0329,1,163.39,9.08,5.56,-11.06
2025-06-20,2025-06,fitcommerce.com/blog/best-running-shoes-2025,Commercial,12,4,7184,5.9,623,31,0.0498,0,0.0,0.0,0.0,-11.06
2025-06-21,2025-06,fitcommerce.com/blog/best-running-shoes-2025,Commercial,12,4,7184,6.6,571,36,0.063,0,0.0,0.0,0.0,-11.06
2025-06-22,2025-06,fitcommerce.com/blog/best-running-shoes-2025,Commercial,12,4,7184,7.9,563,21,0.0373,0,0.0,0.0,0.0,-11.06
2025-06-23,2025-06,fitcommerce.com/blog/best-running-shoes-2025,Commercial,12,4,7184,10.0,605,29,0.0479,0,0.0,0.0,0.0,-11.06
2025-06-24,2025-06,fitcommerce.com/blog/best-running-shoes-2025,Commercial,12,4,7184,9.7,629,34,0.0541,0,0.0,0.0,0.0,-11.06
2025-06-25,2025-06,fitcommerce.com/blog/best-running-shoes-2025,Commercial,12,4,7184,7.2,535,11,0.0206,0,0.0,0.0,0.0,-11.06
2025-06-26,2025-06,fitcommerce.com/blog/best-running-shoes-2025,Commercial,12,4,7184,9.1,664,17,0.0256,0,0.0,0.0,0.0,-11.06
2025-06-27,2025-06,fitcommerce.com/blog/best-running-shoes-2025,Commercial,12,4,7184,5.3,562,14,0.0249,2,347.66,24.83,14.29,-11.06
2025-06-28,2025-06,fitcommerce.com/blog/best-running-shoes-2025,Commercial,12,4,7184,4.9,553,33,0.0597,0,0.0,0.0,0.0,-11.06
2025-06-29,2025-06,fitcommerce.com/blog/best-running-shoes-2025,Commercial,12,4,7184,6.1,553,30,0.0542,0,0.0,0.0,0.0,-11.06
2025-06-30,2025-06,fitcommerce.com/blog/best-running-shoes-2025,Commercial,12,4,7184,3.1,519,16,0.0308,1,148.77,9.3,6.25,-11.06
2025-07-01,2025-07,fitcommerce.com/blog/best-running-shoes-2025,Commercial,12,4,7184,8.3,529,26,0.0491,1,171.73,6.6,3.85,6.91
2025-07-02,2025-07,fitcommerce.com/blog/best-running-shoes-2025,Commercial,12,4,7184,5.0,541,36,0.0665,0,0.0,0.0,0.0,6.91
2025-07-03,2025-07,fitcommerce.com/blog/best-running-shoes-2025,Commercial,12,4,7184,9.2,637,24,0.0377,0,0.0,0.0,0.0,6.91
2025-07-04,2025-07,fitcommerce.com/blog/best-running-shoes-2025,Commercial,12,4,7184,8.2,600,42,0.07,0,0.0,0.0,0.0,6.91
2025-07-05,2025-07,fitcommerce.com/blog/best-running-shoes-2025,Commercial,12,4,7184,11.3,534,17,0.0318,1,165.5,9.74,5.88,6.91
2025-07-06,2025-07,fitcommerce.com/blog/best-running-shoes-2025,Commercial,12,4,7184,6.9,651,21,0.0323,0,0.0,0.0,0.0,6.91
2025-07-07,2025-07,fitcommerce.com/blog/best-running-shoes-2025,Commercial,12,4,7184,13.3,629,23,0.0366,0,0.0,0.0,0.0,6.91
2025-07-08,2025-07,fitcommerce.com/blog/best-running-shoes-2025,Commercial,12,4,7184,5.3,509,25,0.0491,1,192.35,7.69,4.0,6.91
2025-07-09,2025-07,fitcommerce.com/blog/best-running-shoes-2025,Commercial,12,4,7184,6.7,594,18,0.0303,2,391.39,21.74,11.11,6.91
2025-07-10,2025-07,fitcommerce.com/blog/best-running-shoes-2025,Commercial,12,4,7184,9.1,508,11,0.0217,0,0.0,0.0,0.0,6.91
2025-07-11,2025-07,fitcommerce.com/blog/best-running-shoes-2025,Commercial,12,4,7184,12.1,596,25,0.0419,0,0.0,0.0,0.0,6.91
2025-07-12,2025-07,fitcommerce.com/blog/best-running-shoes-2025,Commercial,12,4,7184,2.7,576,34,0.059,0,0.0,0.0,0.0,6.91
2025-07-13,2025-07,fitcommerce.com/blog/best-running-shoes-2025,Commercial,12,4,7184,10.7,610,23,0.0377,0,0.0,0.0,0.0,6.91
2025-07-14,2025-07,fitcommerce.com/blog/best-running-shoes-2025,Commercial,12,4,7184,11.0,660,14,0.0212,0,0.0,0.0,0.0,6.91
2025-07-15,2025-07,fitcommerce.com/blog/best-running-shoes-2025,Commercial,12,4,7184,4.4,613,27,0.044,2,325.75,12.06,7.41,6.91
2025-07-16,2025-07,fitcommerce.com/blog/best-running-shoes-2025,Commercial,12,4,7184,5.6,549,12,0.0219,0,0.0,0.0,0.0,6.91
2025-07-17,2025-07,fitcommerce.com/blog/best-running-shoes-2025,Commercial,12,4,7184,10.8,498,26,0.0522,0,0.0,0.0,0.0,6.91
2025-07-18,2025-07,fitcommerce.com/blog/best-running-shoes-2025,Commercial,12,4,7184,8.0,598,25,0.0418,0,0.0,0.0,0.0,6.91
2025-07-19,2025-07,fitcommerce.com/blog/best-running-shoes-2025,Commercial,12,4,7184,9.8,543,34,0.0626,1,196.98,5.79,2.94,6.91
2025-07-20,2025-07,fitcommerce.com/blog/best-running-shoes-2025,Commercial,12,4,7184,13.5,610,21,0.0344,1,166.11,7.91,4.76,6.91
2025-07-21,2025-07,fitcommerce.com/blog/best-running-shoes-2025,Commercial,12,4,7184,4.7,581,34,0.0585,0,0.0,0.0,0.0,6.91
2025-07-22,2025-07,fitcommerce.com/blog/best-running-shoes-2025,Commercial,12,4,7184,9.5,575,13,0.0226,0,0.0,0.0,0.0,6.91
2025-07-23,2025-07,fitcommerce.com/blog/best-running-shoes-2025,Commercial,12,4,7184,6.0,612,24,0.0392,0,0.0,0.0,0.0,6.91
2025-07-24,2025-07,fitcommerce.com/blog/best-running-shoes-2025,Commercial,12,4,7184,3.4,508,41,0.0807,0,0.0,0.0,0.0,6.91
2025-07-25,2025-07,fitcommerce.com/blog/best-running-shoes-2025,Commercial,12,4,7184,5.4,574,35,0.061,0,0.0,0.0,0.0,6.91
2025-07-26,2025-07,fitcommerce.com/blog/best-running-shoes-2025,Commercial,12,4,7184,8.3,610,18,0.0295,0,0.0,0.0,0.0,6.91
2025-07-27,2025-07,fitcommerce.com/blog/best-running-shoes-2025,Commercial,12,4,7184,4.4,614,27,0.044,0,0.0,0.0,0.0,6.91
2025-07-28,2025-07,fitcommerce.com/blog/best-running-shoes-2025,Commercial,12,4,7184,4.9,541,15,0.0277,0,0.0,0.0,0.0,6.91
2025-07-29,2025-07,fitcommerce.com/blog/best-running-shoes-2025,Commercial,12,4,7184,14.0,573,19,0.0332,0,0.0,0.0,0.0,6.91
2025-07-30,2025-07,fitcommerce.com/blog/best-running-shoes-2025,Commercial,12,4,7184,4.2,566,37,0.0654,1,156.5,4.23,2.7,6.91
2025-07-31,2025-07,fitcommerce.com/blog/best-running-shoes-2025,Commercial,12,4,7184,6.2,646,35,0.0542,1,194.82,5.57,2.86,6.91
2024-08-01,2024-08,fitcommerce.com/blog/best-yoga-mats-review,Commercial,11,4,1400,14.1,113,8,0.0708,0,0.0,0.0,0.0,
2024-08-02,2024-08,fitcommerce.com/blog/best-yoga-mats-review,Commercial,11,4,1400,16.7,99,4,0.0404,0,0.0,0.0,0.0,
2024-08-03,2024-08,fitcommerce.com/blog/best-yoga-mats-review,Commercial,11,4,1400,12.9,115,4,0.0348,0,0.0,0.0,0.0,
2024-08-04,2024-08,fitcommerce.com/blog/best-yoga-mats-review,Commercial,11,4,1400,15.8,91,2,0.022,1,155.4,77.7,50.0,
2024-08-05,2024-08,fitcommerce.com/blog/best-yoga-mats-review,Commercial,11,4,1400,14.0,107,7,0.0654,0,0.0,0.0,0.0,
2024-08-06,2024-08,fitcommerce.com/blog/best-yoga-mats-review,Commercial,11,4,1400,7.0,89,2,0.0225,0,0.0,0.0,0.0,
2024-08-07,2024-08,fitcommerce.com/blog/best-yoga-mats-review,Commercial,11,4,1400,15.5,108,4,0.037,0,0.0,0.0,0.0,
2024-08-08,2024-08,fitcommerce.com/blog/best-yoga-mats-review,Commercial,11,4,1400,13.5,94,4,0.0426,0,0.0,0.0,0.0,
2024-08-09,2024-08,fitcommerce.com/blog/best-yoga-mats-review,Commercial,11,4,1400,11.2,105,6,0.0571,0,0.0,0.0,0.0,
2024-08-10,2024-08,fitcommerce.com/blog/best-yoga-mats-review,Commercial,11,4,1400,13.5,106,3,0.0283,0,0.0,0.0,0.0,
2024-08-11,2024-08,fitcommerce.com/blog/best-yoga-mats-review,Commercial,11,4,1400,16.5,104,4,0.0385,0,0.0,0.0,0.0,
2024-08-12,2024-08,fitcommerce.com/blog/best-yoga-mats-review,Commercial,11,4,1400,18.1,93,4,0.043,0,0.0,0.0,0.0,
2024-08-13,2024-08,fitcommerce.com/blog/best-yoga-mats-review,Commercial,11,4,1400,15.5,103,3,0.0291,1,135.41,45.14,33.33,
2024-08-14,2024-08,fitcommerce.com/blog/best-yoga-mats-review,Commercial,11,4,1400,14.1,108,2,0.0185,0,0.0,0.0,0.0,
2024-08-15,2024-08,fitcommerce.com/blog/best-yoga-mats-review,Commercial,11,4,1400,13.1,114,3,0.0263,0,0.0,0.0,0.0,
2024-08-16,2024-08,fitcommerce.com/blog/best-yoga-mats-review,Commercial,11,4,1400,15.3,113,4,0.0354,0,0.0,0.0,0.0,
2024-08-17,2024-08,fitcommerce.com/blog/best-yoga-mats-review,Commercial,11,4,1400,9.8,106,5,0.0472,0,0.0,0.0,0.0,
2024-08-18,2024-08,fitcommerce.com/blog/best-yoga-mats-review,Commercial,11,4,1400,14.6,97,3,0.0309,0,0.0,0.0,0.0,
2024-08-19,2024-08,fitcommerce.com/blog/best-yoga-mats-review,Commercial,11,4,1400,13.4,97,2,0.0206,1,153.77,76.89,50.0,
2024-08-20,2024-08,fitcommerce.com/blog/best-yoga-mats-review,Commercial,11,4,1400,11.9,116,3,0.0259,0,0.0,0.0,0.0,
2024-08-21,2024-08,fitcommerce.com/blog/best-yoga-mats-review,Commercial,11,4,1400,19.2,109,5,0.0459,0,0.0,0.0,0.0,
2024-08-22,2024-08,fitcommerce.com/blog/best-yoga-mats-review,Commercial,11,4,1400,13.6,104,5,0.0481,1,139.85,27.97,20.0,
2024-08-23,2024-08,fitcommerce.com/blog/best-yoga-mats-review,Commercial,11,4,1400,16.9,108,4,0.037,0,0.0,0.0,0.0,
2024-08-24,2024-08,fitcommerce.com/blog/best-yoga-mats-review,Commercial,11,4,1400,8.8,114,5,0.0439,0,0.0,0.0,0.0,
2024-08-25,2024-08,fitcommerce.com/blog/best-yoga-mats-review,Commercial,11,4,1400,12.9,99,2,0.0202,0,0.0,0.0,0.0,
2024-08-26,2024-08,fitcommerce.com/blog/best-yoga-mats-review,Commercial,11,4,1400,11.7,97,5,0.0515,0,0.0,0.0,0.0,
2024-08-27,2024-08,fitcommerce.com/blog/best-yoga-mats-review,Commercial,11,4,1400,9.9,88,2,0.0227,0,0.0,0.0,0.0,
2024-08-28,2024-08,fitcommerce.com/blog/best-yoga-mats-review,Commercial,11,4,1400,13.7,90,6,0.0667,0,0.0,0.0,0.0,
2024-08-29,2024-08,fitcommerce.com/blog/best-yoga-mats-review,Commercial,11,4,1400,13.4,92,3,0.0326,0,0.0,0.0,0.0,
2024-08-30,2024-08,fitcommerce.com/blog/best-yoga-mats-review,Commercial,11,4,1400,17.6,90,4,0.0444,0,0.0,0.0,0.0,
2024-08-31,2024-08,fitcommerce.com/blog/best-yoga-mats-review,Commercial,11,4,1400,9.5,94,3,0.0319,0,0.0,0.0,0.0,
2024-09-01,2024-09,fitcommerce.com/blog/best-yoga-mats-review,Commercial,11,4,1400,11.0,98,2,0.0204,0,0.0,0.0,0.0,-13.81
2024-09-02,2024-09,fitcommerce.com/blog/best-yoga-mats-review,Commercial,11,4,1400,15.1,91,2,0.022,0,0.0,0.0,0.0,-13.81
2024-09-03,2024-09,fitcommerce.com/blog/best-yoga-mats-review,Commercial,11,4,1400,14.8,101,3,0.0297,0,0.0,0.0,0.0,-13.81
2024-09-04,2024-09,fitcommerce.com/blog/best-yoga-mats-review,Commercial,11,4,1400,14.4,108,4,0.037,0,0.0,0.0,0.0,-13.81
2024-09-05,2024-09,fitcommerce.com/blog/best-yoga-mats-review,Commercial,11,4,1400,15.5,115,5,0.0435,0,0.0,0.0,0.0,-13.81
2024-09-06,2024-09,fitcommerce.com/blog/best-yoga-mats-review,Commercial,11,4,1400,11.0,100,2,0.02,0,0.0,0.0,0.0,-13.81
2024-09-07,2024-09,fitcommerce.com/blog/best-yoga-mats-review,Commercial,11,4,1400,17.3,96,5,0.0521,0,0.0,0.0,0.0,-13.81
2024-09-08,2024-09,fitcommerce.com/blog/best-yoga-mats-review,Commercial,11,4,1400,11.1,88,2,0.0227,0,0.0,0.0,0.0,-13.81
2024-09-09,2024-09,fitcommerce.com/blog/best-yoga-mats-review,Commercial,11,4,1400,13.9,107,3,0.028,0,0.0,0.0,0.0,-13.81
2024-09-10,2024-09,fitcommerce.com/blog/best-yoga-mats-review,Commercial,11,4,1400,12.9,115,2,0.0174,0,0.0,0.0,0.0,-13.81
2024-09-11,2024-09,fitcommerce.com/blog/best-yoga-mats-review,Commercial,11,4,1400,11.7,102,3,0.0294,0,0.0,0.0,0.0,-13.81
2024-09-12,2024-09,fitcommerce.com/blog/best-yoga-mats-review,Commercial,11,4,1400,20.2,98,5,0.051,0,0.0,0.0,0.0,-13.81
2024-09-13,2024-09,fitcommerce.com/blog/best-yoga-mats-review,Commercial,11,4,1400,15.4,93,2,0.0215,0,0.0,0.0,0.0,-13.81
2024-09-14,2024-09,fitcommerce.com/blog/best-yoga-mats-review,Commercial,11,4,1400,14.8,94,2,0.0213,0,0.0,0.0,0.0,-13.81
2024-09-15,2024-09,fitcommerce.com/blog/best-yoga-mats-review,Commercial,11,4,1400,13.1,93,5,0.0538,0,0.0,0.0,0.0,-13.81
2024-09-16,2024-09,fitcommerce.com/blog/best-yoga-mats-review,Commercial,11,4,1400,14.9,104,3,0.0288,0,0.0,0.0,0.0,-13.81
2024-09-17,2024-09,fitcommerce.com/blog/best-yoga-mats-review,Commercial,11,4,1400,9.9,111,5,0.045,0,0.0,0.0,0.0,-13.81
2024-09-18,2024-09,fitcommerce.com/blog/best-yoga-mats-review,Commercial,11,4,1400,14.6,99,2,0.0202,0,0.0,0.0,0.0,-13.81
2024-09-19,2024-09,fitcommerce.com/blog/best-yoga-mats-review,Commercial,11,4,1400,13.0,89,3,0.0337,0,0.0,0.0,0.0,-13.81
2024-09-20,2024-09,fitcommerce.com/blog/best-yoga-mats-review,Commercial,11,4,1400,13.4,103,2,0.0194,0,0.0,0.0,0.0,-13.81
2024-09-21,2024-09,fitcommerce.com/blog/best-yoga-mats-review,Commercial,11,4,1400,16.6,101,3,0.0297,0,0.0,0.0,0.0,-13.81
2024-09-22,2024-09,fitcommerce.com/blog/best-yoga-mats-review,Commercial,11,4,1400,6.5,99,7,0.0707,0,0.0,0.0,0.0,-13.81
2024-09-23,2024-09,fitcommerce.com/blog/best-yoga-mats-review,Commercial,11,4,1400,9.1,114,4,0.0351,0,0.0,0.0,0.0,-13.81
2024-09-24,2024-09,fitcommerce.com/blog/best-yoga-mats-review,Commercial,11,4,1400,14.3,95,5,0.0526,1,119.13,23.83,20.0,-13.81
2024-09-25,2024-09,fitcommerce.com/blog/best-yoga-mats-review,Commercial,11,4,1400,14.5,94,5,0.0532,0,0.0,0.0,0.0,-13.81
2024-09-26,2024-09,fitcommerce.com/blog/best-yoga-mats-review,Commercial,11,4,1400,6.4,99,2,0.0202,0,0.0,0.0,0.0,-13.81
2024-09-27,2024-09,fitcommerce.com/blog/best-yoga-mats-review,Commercial,11,4,1400,10.5,105,3,0.0286,0,0.0,0.0,0.0,-13.81
2024-09-28,2024-09,fitcommerce.com/blog/best-yoga-mats-review,Commercial,11,4,1400,8.0,96,2,0.0208,0,0.0,0.0,0.0,-13.81
2024-09-29,2024-09,fitcommerce.com/blog/best-yoga-mats-review,Commercial,11,4,1400,12.5,97,3,0.0309,0,0.0,0.0,0.0,-13.81
2024-09-30,2024-09,fitcommerce.com/blog/best-yoga-mats-review,Commercial,11,4,1400,10.5,113,5,0.0442,0,0.0,0.0,0.0,-13.81
2024-10-01,2024-10,fitcommerce.com/blog/best-yoga-mats-review,Commercial,11,4,1400,13.7,119,6,0.0504,0,0.0,0.0,0.0,25.27
2024-10-02,2024-10,fitcommerce.com/blog/best-yoga-mats-review,Commercial,11,4,1400,11.8,95,2,0.0211,0,0.0,0.0,0.0,25.27
2024-10-03,2024-10,fitcommerce.com/blog/best-yoga-mats-review,Commercial,11,4,1400,17.4,114,6,0.0526,0,0.0,0.0,0.0,25.27
2024-10-04,2024-10,fitcommerce.com/blog/best-yoga-mats-review,Commercial,11,4,1400,9.0,111,2,0.018,1,144.45,72.22,50.0,25.27
2024-10-05,2024-10,fitcommerce.com/blog/best-yoga-mats-review,Commercial,11,4,1400,15.0,111,6,0.0541,0,0.0,0.0,0.0,25.27
2024-10-06,2024-10,fitcommerce.com/blog/best-yoga-mats-review,Commercial,11,4,1400,12.3,91,5,0.0549,0,0.0,0.0,0.0,25.27
2024-10-07,2024-10,fitcommerce.com/blog/best-yoga-mats-review,Commercial,11,4,1400,9.4,114,3,0.0263,0,0.0,0.0,0.0,25.27
2024-10-08,2024-10,fitcommerce.com/blog/best-yoga-mats-review,Commercial,11,4,1400,14.5,98,5,0.051,1,126.98,25.4,20.0,25.27
2024-10-09,2024-10,fitcommerce.com/blog/best-yoga-mats-review,Commercial,11,4,1400,12.7,95,7,0.0737,0,0.0,0.0,0.0,25.27
2024-10-10,2024-10,fitcommerce.com/blog/best-yoga-mats-review,Commercial,11,4,1400,13.9,119,3,0.0252,1,150.91,50.3,33.33,25.27
2024-10-11,2024-10,fitcommerce.com/blog/best-yoga-mats-review,Commercial,11,4,1400,10.2,101,2,0.0198,0,0.0,0.0,0.0,25.27
2024-10-12,2024-10,fitcommerce.com/blog/best-yoga-mats-review,Commercial,11,4,1400,7.6,116,5,0.0431,0,0.0,0.0,0.0,25.27
2024-10-13,2024-10,fitcommerce.com/blog/best-yoga-mats-review,Commercial,11,4,1400,16.1,104,6,0.0577,0,0.0,0.0,0.0,25.27
2024-10-14,2024-10,fitcommerce.com/blog/best-yoga-mats-review,Commercial,11,4,1400,12.2,109,5,0.0459,0,0.0,0.0,0.0,25.27
2024-10-15,2024-10,fitcommerce.com/blog/best-yoga-mats-review,Commercial,11,4,1400,7.7,92,3,0.0326,0,0.0,0.0,0.0,25.27
2024-10-16,2024-10,fitcommerce.com/blog/best-yoga-mats-review,Commercial,11,4,1400,14.4,92,3,0.0326,0,0.0,0.0,0.0,25.27
2024-10-17,2024-10,fitcommerce.com/blog/best-yoga-mats-review,Commercial,11,4,1400,12.5,113,5,0.0442,0,0.0,0.0,0.0,25.27
2024-10-18,2024-10,fitcommerce.com/blog/best-yoga-mats-review,Commercial,11,4,1400,14.0,118,3,0.0254,0,0.0,0.0,0.0,25.27
2024-10-19,2024-10,fitcommerce.com/blog/best-yoga-mats-review,Commercial,11,4,1400,17.7,119,7,0.0588,0,0.0,0.0,0.0,25.27
2024-10-20,2024-10,fitcommerce.com/blog/best-yoga-mats-review,Commercial,11,4,1400,10.4,126,4,0.0317,1,138.51,34.63,25.0,25.27
2024-10-21,2024-10,fitcommerce.com/blog/best-yoga-mats-review,Commercial,11,4,1400,14.1,119,8,0.0672,0,0.0,0.0,0.0,25.27
2024-10-22,2024-10,fitcommerce.com/blog/best-yoga-mats-review,Commercial,11,4,1400,15.9,113,4,0.0354,0,0.0,0.0,0.0,25.27
2024-10-23,2024-10,fitcommerce.com/blog/best-yoga-mats-review,Commercial,11,4,1400,7.8,119,5,0.042,2,291.43,58.29,40.0,25.27
2024-10-24,2024-10,fitcommerce.com/blog/best-yoga-mats-review,Commercial,11,4,1400,16.6,111,6,0.0541,0,0.0,0.0,0.0,25.27
2024-10-25,2024-10,fitcommerce.com/blog/best-yoga-mats-review,Commercial,11,4,1400,12.5,117,5,0.0427,0,0.0,0.0,0.0,25.27
2024-10-26,2024-10,fitcommerce.com/blog/best-yoga-mats-review,Commercial,11,4,1400,14.4,100,5,0.05,0,0.0,0.0,0.0,25.27
2024-10-27,2024-10,fitcommerce.com/blog/best-yoga-mats-review,Commercial,11,4,1400,9.1,123,9,0.0732,0,0.0,0.0,0.0,25.27
2024-10-28,2024-10,fitcommerce.com/blog/best-yoga-mats-review,Commercial,11,4,1400,15.2,106,4,0.0377,0,0.0,0.0,0.0,25.27
2024-10-29,2024-10,fitcommerce.com/blog/best-yoga-mats-review,Commercial,11,4,1400,11.0,108,5,0.0463,0,0.0,0.0,0.0,25.27
2024-10-30,2024-10,fitcommerce.com/blog/best-yoga-mats-review,Commercial,11,4,1400,15.0,118,6,0.0508,0,0.0,0.0,0.0,25.27
2024-10-31,2024-10,fitcommerce.com/blog/best-yoga-mats-review,Commercial,11,4,1400,12.5,113,2,0.0177,2,253.94,126.97,100.0,25.27
2024-11-01,2024-11,fitcommerce.com/blog/best-yoga-mats-review,Commercial,11,4,1400,14.0,108,3,0.0278,0,0.0,0.0,0.0,13.64
2024-11-02,2024-11,fitcommerce.com/blog/best-yoga-mats-review,Commercial,11,4,1400,11.9,125,5,0.04,0,0.0,0.0,0.0,13.64
2024-11-03,2024-11,fitcommerce.com/blog/best-yoga-mats-review,Commercial,11,4,1400,10.1,113,3,0.0265,0,0.0,0.0,0.0,13.64
2024-11-04,2024-11,fitcommerce.com/blog/best-yoga-mats-review,Commercial,11,4,1400,9.2,116,3,0.0259,0,0.0,0.0,0.0,13.64
2024-11-05,2024-11,fitcommerce.com/blog/best-yoga-mats-review,Commercial,11,4,1400,16.0,120,2,0.0167,1,155.23,77.61,50.0,13.64
2024-11-06,2024-11,fitcommerce.com/blog/best-yoga-mats-review,Commercial,11,4,1400,9.2,118,4,0.0339,0,0.0,0.0,0.0,13.64
2024-11-07,2024-11,fitcommerce.com/blog/best-yoga-mats-review,Commercial,11,4,1400,13.8,112,6,0.0536,0,0.0,0.0,0.0,13.64
2024-11-08,2024-11,fitcommerce.com/blog/best-yoga-mats-review,Commercial,11,4,1400,12.6,128,3,0.0234,0,0.0,0.0,0.0,13.64
2024-11-09,2024-11,fitcommerce.com/blog/best-yoga-mats-review,Commercial,11,4,1400,14.5,126,3,0.0238,1,125.44,41.81,33.33,13.64
2024-11-10,2024-11,fitcommerce.com/blog/best-yoga-mats-review,Commercial,11,4,1400,14.4,104,6,0.0577,0,0.0,0.0,0.0,13.64
2024-11-11,2024-11,fitcommerce.com/blog/best-yoga-mats-review,Commercial,11,4,1400,8.5,131,2,0.0153,0,0.0,0.0,0.0,13.64
2024-11-12,2024-11,fitcommerce.com/blog/best-yoga-mats-review,Commercial,11,4,1400,10.5,122,7,0.0574,0,0.0,0.0,0.0,13.64
2024-11-13,2024-11,fitcommerce.com/blog/best-yoga-mats-review,Commercial,11,4,1400,8.5,133,2,0.015,0,0.0,0.0,0.0,13.64
2024-11-14,2024-11,fitcommerce.com/blog/best-yoga-mats-review,Commercial,11,4,1400,18.1,137,3,0.0219,0,0.0,0.0,0.0,13.64
2024-11-15,2024-11,fitcommerce.com/blog/best-yoga-mats-review,Commercial,11,4,1400,12.3,104,3,0.0288,0,0.0,0.0,0.0,13.64
2024-11-16,2024-11,fitcommerce.com/blog/best-yoga-mats-review,Commercial,11,4,1400,14.4,126,4,0.0317,0,0.0,0.0,0.0,13.64
2024-11-17,2024-11,fitcommerce.com/blog/best-yoga-mats-review,Commercial,11,4,1400,10.8,120,9,0.075,0,0.0,0.0,0.0,13.64
2024-11-18,2024-11,fitcommerce.com/blog/best-yoga-mats-review,Commercial,11,4,1400,10.5,104,3,0.0288,0,0.0,0.0,0.0,13.64
2024-11-19,2024-11,fitcommerce.com/blog/best-yoga-mats-review,Commercial,11,4,1400,7.6,122,7,0.0574,0,0.0,0.0,0.0,13.64
2024-11-20,2024-11,fitcommerce.com/blog/best-yoga-mats-review,Commercial,11,4,1400,14.3,115,3,0.0261,1,123.25,41.08,33.33,13.64
2024-11-21,2024-11,fitcommerce.com/blog/best-yoga-mats-review,Commercial,11,4,1400,8.3,125,5,0.04,0,0.0,0.0,0.0,13.64
2024-11-22,2024-11,fitcommerce.com/blog/best-yoga-mats-review,Commercial,11,4,1400,16.1,116,3,0.0259,0,0.0,0.0,0.0,13.64
2024-11-23,2024-11,fitcommerce.com/blog/best-yoga-mats-review,Commercial,11,4,1400,12.8,135,8,0.0593,0,0.0,0.0,0.0,13.64
2024-11-24,2024-11,fitcommerce.com/blog/best-yoga-mats-review,Commercial,11,4,1400,7.0,129,5,0.0388,0,0.0,0.0,0.0,13.64
2024-11-25,2024-11,fitcommerce.com/blog/best-yoga-mats-review,Commercial,11,4,1400,12.2,127,6,0.0472,0,0.0,0.0,0.0,13.64
2024-11-26,2024-11,fitcommerce.com/blog/best-yoga-mats-review,Commercial,11,4,1400,9.9,114,3,0.0263,0,0.0,0.0,0.0,13.64
2024-11-27,2024-11,fitcommerce.com/blog/best-yoga-mats-review,Commercial,11,4,1400,11.1,146,3,0.0205,0,0.0,0.0,0.0,13.64
2024-11-28,2024-11,fitcommerce.com/blog/best-yoga-mats-review,Commercial,11,4,1400,7.2,142,10,0.0704,0,0.0,0.0,0.0,13.64
2024-11-29,2024-11,fitcommerce.com/blog/best-yoga-mats-review,Commercial,11,4,1400,5.6,124,5,0.0403,0,0.0,0.0,0.0,13.64
2024-11-30,2024-11,fitcommerce.com/blog/best-yoga-mats-review,Commercial,11,4,1400,13.1,122,2,0.0164,1,123.87,61.94,50.0,13.64
2024-12-01,2024-12,fitcommerce.com/blog/best-yoga-mats-review,Commercial,11,4,1400,10.6,129,4,0.031,1,146.46,36.62,25.0,36.35
2024-12-02,2024-12,fitcommerce.com/blog/best-yoga-mats-review,Commercial,11,4,1400,11.7,146,11,0.0753,1,133.09,12.1,9.09,36.35
2024-12-03,2024-12,fitcommerce.com/blog/best-yoga-mats-review,Commercial,11,4,1400,8.2,128,3,0.0234,1,127.24,42.41,33.33,36.35
2024-12-04,2024-12,fitcommerce.com/blog/best-yoga-mats-review,Commercial,11,4,1400,9.6,137,6,0.0438,0,0.0,0.0,0.0,36.35
2024-12-05,2024-12,fitcommerce.com/blog/best-yoga-mats-review,Commercial,11,4,1400,12.5,115,6,0.0522,1,152.23,25.37,16.67,36.35
2024-12-06,2024-12,fitcommerce.com/blog/best-yoga-mats-review,Commercial,11,4,1400,12.0,143,8,0.0559,0,0.0,0.0,0.0,36.35
2024-12-07,2024-12,fitcommerce.com/blog/best-yoga-mats-review,Commercial,11,4,1400,10.0,135,2,0.0148,0,0.0,0.0,0.0,36.35
2024-12-08,2024-12,fitcommerce.com/blog/best-yoga-mats-review,Commercial,11,4,1400,10.4,126,2,0.0159,0,0.0,0.0,0.0,36.35
2024-12-09,2024-12,fitcommerce.com/blog/best-yoga-mats-review,Commercial,11,4,1400,12.0,153,3,0.0196,0,0.0,0.0,0.0,36.35
2024-12-10,2024-12,fitcommerce.com/blog/best-yoga-mats-review,Commercial,11,4,1400,13.3,144,3,0.0208,0,0.0,0.0,0.0,36.35
2024-12-11,2024-12,fitcommerce.com/blog/best-yoga-mats-review,Commercial,11,4,1400,13.3,153,10,0.0654,0,0.0,0.0,0.0,36.35
2024-12-12,2024-12,fitcommerce.com/blog/best-yoga-mats-review,Commercial,11,4,1400,10.1,130,5,0.0385,0,0.0,0.0,0.0,36.35
2024-12-13,2024-12,fitcommerce.com/blog/best-yoga-mats-review,Commercial,11,4,1400,15.6,157,3,0.0191,0,0.0,0.0,0.0,36.35
2024-12-14,2024-12,fitcommerce.com/blog/best-yoga-mats-review,Commercial,11,4,1400,12.0,145,3,0.0207,1,120.64,40.21,33.33,36.35
2024-12-15,2024-12,fitcommerce.com/blog/best-yoga-mats-review,Commercial,11,4,1400,13.7,151,11,0.0728,1,140.7,12.79,9.09,36.35
2024-12-16,2024-12,fitcommerce.com/blog/best-yoga-mats-review,Commercial,11,4,1400,10.7,137,6,0.0438,0,0.0,0.0,0.0,36.35
2024-12-17,2024-12,fitcommerce.com/blog/best-yoga-mats-review,Commercial,11,4,1400,7.5,140,8,0.0571,0,0.0,0.0,0.0,36.35
2024-12-18,2024-12,fitcommerce.com/blog/best-yoga-mats-review,Commercial,11,4,1400,8.3,123,5,0.0407,0,0.0,0.0,0.0,36.35
2024-12-19,2024-12,fitcommerce.com/blog/best-yoga-mats-review,Commercial,11,4,1400,10.9,128,7,0.0547,0,0.0,0.0,0.0,36.35
2024-12-20,2024-12,fitcommerce.com/blog/best-yoga-mats-review,Commercial,11,4,1400,15.8,161,12,0.0745,2,262.54,21.88,16.67,36.35
2024-12-21,2024-12,fitcommerce.com/blog/best-yoga-mats-review,Commercial,11,4,1400,8.3,151,6,0.0397,1,155.66,25.94,16.67,36.35
2024-12-22,2024-12,fitcommerce.com/blog/best-yoga-mats-review,Commercial,11,4,1400,8.9,143,3,0.021,0,0.0,0.0,0.0,36.35
2024-12-23,2024-12,fitcommerce.com/blog/best-yoga-mats-review,Commercial,11,4,1400,9.3,150,7,0.0467,0,0.0,0.0,0.0,36.35
2024-12-24,2024-12,fitcommerce.com/blog/best-yoga-mats-review,Commercial,11,4,1400,10.8,152,8,0.0526,1,151.87,18.98,12.5,36.35
2024-12-25,2024-12,fitcommerce.com/blog/best-yoga-mats-review,Commercial,11,4,1400,9.6,159,4,0.0252,0,0.0,0.0,0.0,36.35
2024-12-26,2024-12,fitcommerce.com/blog/best-yoga-mats-review,Commercial,11,4,1400,7.6,164,9,0.0549,0,0.0,0.0,0.0,36.35
2024-12-27,2024-12,fitcommerce.com/blog/best-yoga-mats-review,Commercial,11,4,1400,11.3,153,7,0.0458,0,0.0,0.0,0.0,36.35
2024-12-28,2024-12,fitcommerce.com/blog/best-yoga-mats-review,Commercial,11,4,1400,10.9,143,7,0.049,0,0.0,0.0,0.0,36.35
2024-12-29,2024-12,fitcommerce.com/blog/best-yoga-mats-review,Commercial,11,4,1400,9.1,140,5,0.0357,0,0.0,0.0,0.0,36.35
2024-12-30,2024-12,fitcommerce.com/blog/best-yoga-mats-review,Commercial,11,4,1400,8.5,130,7,0.0538,0,0.0,0.0,0.0,36.35
2024-12-31,2024-12,fitcommerce.com/blog/best-yoga-mats-review,Commercial,11,4,1400,8.3,134,3,0.0224,0,0.0,0.0,0.0,36.35
2025-01-01,2025-01,fitcommerce.com/blog/best-yoga-mats-review,Commercial,11,4,1400,11.3,164,3,0.0183,0,0.0,0.0,0.0,2.94
2025-01-02,2025-01,fitcommerce.com/blog/best-yoga-mats-review,Commercial,11,4,1400,10.6,171,7,0.0409,1,117.12,16.73,14.29,2.94
2025-01-03,2025-01,fitcommerce.com/blog/best-yoga-mats-review,Commercial,11,4,1400,14.6,170,9,0.0529,1,128.72,14.3,11.11,2.94
2025-01-04,2025-01,fitcommerce.com/blog/best-yoga-mats-review,Commercial,11,4,1400,8.9,178,5,0.0281,0,0.0,0.0,0.0,2.94
2025-01-05,2025-01,fitcommerce.com/blog/best-yoga-mats-review,Commercial,11,4,1400,10.4,133,3,0.0226,0,0.0,0.0,0.0,2.94
2025-01-06,2025-01,fitcommerce.com/blog/best-yoga-mats-review,Commercial,11,4,1400,13.0,159,6,0.0377,1,140.8,23.47,16.67,2.94
2025-01-07,2025-01,fitcommerce.com/blog/best-yoga-mats-review,Commercial,11,4,1400,10.4,152,8,0.0526,1,145.51,18.19,12.5,2.94
2025-01-08,2025-01,fitcommerce.com/blog/best-yoga-mats-review,Commercial,11,4,1400,13.2,171,8,0.0468,1,131.34,16.42,12.5,2.94
2025-01-09,2025-01,fitcommerce.com/blog/best-yoga-mats-review,Commercial,11,4,1400,9.8,146,4,0.0274,2,238.79,59.7,50.0,2.94
2025-01-10,2025-01,fitcommerce.com/blog/best-yoga-mats-review,Commercial,11,4,1400,11.4,173,6,0.0347,0,0.0,0.0,0.0,2.94
2025-01-11,2025-01,fitcommerce.com/blog/best-yoga-mats-review,Commercial,11,4,1400,9.9,176,8,0.0455,0,0.0,0.0,0.0,2.94
2025-01-12,2025-01,fitcommerce.com/blog/best-yoga-mats-review,Commercial,11,4,1400,9.8,160,7,0.0437,1,151.66,21.67,14.29,2.94
2025-01-13,2025-01,fitcommerce.com/blog/best-yoga-mats-review,Commercial,11,4,1400,7.4,154,6,0.039,0,0.0,0.0,0.0,2.94
2025-01-14,2025-01,fitcommerce.com/blog/best-yoga-mats-review,Commercial,11,4,1400,8.3,163,4,0.0245,0,0.0,0.0,0.0,2.94
2025-01-15,2025-01,fitcommerce.com/blog/best-yoga-mats-review,Commercial,11,4,1400,8.7,142,8,0.0563,0,0.0,0.0,0.0,2.94
2025-01-16,2025-01,fitcommerce.com/blog/best-yoga-mats-review,Commercial,11,4,1400,3.4,170,10,0.0588,0,0.0,0.0,0.0,2.94
2025-01-17,2025-01,fitcommerce.com/blog/best-yoga-mats-review,Commercial,11,4,1400,8.6,158,8,0.0506,0,0.0,0.0,0.0,2.94
2025-01-18,2025-01,fitcommerce.com/blog/best-yoga-mats-review,Commercial,11,4,1400,11.4,183,10,0.0546,0,0.0,0.0,0.0,2.94
2025-01-19,2025-01,fitcommerce.com/blog/best-yoga-mats-review,Commercial,11,4,1400,7.5,156,3,0.0192,0,0.0,0.0,0.0,2.94
2025-01-20,2025-01,fitcommerce.com/blog/best-yoga-mats-review,Commercial,11,4,1400,8.2,153,11,0.0719,1,124.64,11.33,9.09,2.94
2025-01-21,2025-01,fitcommerce.com/blog/best-yoga-mats-review,Commercial,11,4,1400,12.2,154,6,0.039,0,0.0,0.0,0.0,2.94
2025-01-22,2025-01,fitcommerce.com/blog/best-yoga-mats-review,Commercial,11,4,1400,12.2,159,4,0.0252,0,0.0,0.0,0.0,2.94
2025-01-23,2025-01,fitcommerce.com/blog/best-yoga-mats-review,Commercial,11,4,1400,8.4,152,3,0.0197,0,0.0,0.0,0.0,2.94
2025-01-24,2025-01,fitcommerce.com/blog/best-yoga-mats-review,Commercial,11,4,1400,12.9,194,6,0.0309,0,0.0,0.0,0.0,2.94
2025-01-25,2025-01,fitcommerce.com/blog/best-yoga-mats-review,Commercial,11,4,1400,10.7,185,8,0.0432,2,270.85,33.86,25.0,2.94
2025-01-26,2025-01,fitcommerce.com/blog/best-yoga-mats-review,Commercial,11,4,1400,15.7,174,4,0.023,0,0.0,0.0,0.0,2.94
2025-01-27,2025-01,fitcommerce.com/blog/best-yoga-mats-review,Commercial,11,4,1400,11.4,187,5,0.0267,1,128.09,25.62,20.0,2.94
2025-01-28,2025-01,fitcommerce.com/blog/best-yoga-mats-review,Commercial,11,4,1400,14.5,174,7,0.0402,0,0.0,0.0,0.0,2.94
2025-01-29,2025-01,fitcommerce.com/blog/best-yoga-mats-review,Commercial,11,4,1400,9.8,178,9,0.0506,0,0.0,0.0,0.0,2.94
2025-01-30,2025-01,fitcommerce.com/blog/best-yoga-mats-review,Commercial,11,4,1400,9.8,192,6,0.0312,0,0.0,0.0,0.0,2.94
2025-01-31,2025-01,fitcommerce.com/blog/best-yoga-mats-review,Commercial,11,4,1400,5.7,165,6,0.0364,0,0.0,0.0,0.0,2.94
2025-02-01,2025-02,fitcommerce.com/blog/best-yoga-mats-review,Commercial,11,4,1400,12.1,158,11,0.0696,0,0.0,0.0,0.0,-3.77
2025-02-02,2025-02,fitcommerce.com/blog/best-yoga-mats-review,Commercial,11,4,1400,9.7,151,7,0.0464,0,0.0,0.0,0.0,-3.77
2025-02-03,2025-02,fitcommerce.com/blog/best-yoga-mats-review,Commercial,11,4,1400,13.6,197,5,0.0254,0,0.0,0.0,0.0,-3.77
2025-02-04,2025-02,fitcommerce.com/blog/best-yoga-mats-review,Commercial,11,4,1400,13.8,202,10,0.0495,0,0.0,0.0,0.0,-3.77
2025-02-05,2025-02,fitcommerce.com/blog/best-yoga-mats-review,Commercial,11,4,1400,3.6,177,6,0.0339,1,133.65,22.28,16.67,-3.77
2025-02-06,2025-02,fitcommerce.com/blog/best-yoga-mats-review,Commercial,11,4,1400,7.4,176,10,0.0568,1,120.5,12.05,10.0,-3.77
2025-02-07,2025-02,fitcommerce.com/blog/best-yoga-mats-review,Commercial,11,4,1400,8.7,203,9,0.0443,0,0.0,0.0,0.0,-3.77
2025-02-08,2025-02,fitcommerce.com/blog/best-yoga-mats-review,Commercial,11,4,1400,13.2,177,6,0.0339,0,0.0,0.0,0.0,-3.77
2025-02-09,2025-02,fitcommerce.com/blog/best-yoga-mats-review,Commercial,11,4,1400,9.5,205,10,0.0488,1,118.69,11.87,10.0,-3.77
2025-02-10,2025-02,fitcommerce.com/blog/best-yoga-mats-review,Commercial,11,4,1400,7.2,160,6,0.0375,0,0.0,0.0,0.0,-3.77
2025-02-11,2025-02,fitcommerce.com/blog/best-yoga-mats-review,Commercial,11,4,1400,9.5,184,3,0.0163,0,0.0,0.0,0.0,-3.77
2025-02-12,2025-02,fitcommerce.com/blog/best-yoga-mats-review,Commercial,11,4,1400,16.1,210,12,0.0571,1,120.8,10.07,8.33,-3.77
2025-02-13,2025-02,fitcommerce.com/blog/best-yoga-mats-review,Commercial,11,4,1400,9.4,159,11,0.0692,0,0.0,0.0,0.0,-3.77
2025-02-14,2025-02,fitcommerce.com/blog/best-yoga-mats-review,Commercial,11,4,1400,10.5,213,7,0.0329,0,0.0,0.0,0.0,-3.77
2025-02-15,2025-02,fitcommerce.com/blog/best-yoga-mats-review,Commercial,11,4,1400,10.3,208,7,0.0337,0,0.0,0.0,0.0,-3.77
2025-02-16,2025-02,fitcommerce.com/blog/best-yoga-mats-review,Commercial,11,4,1400,9.3,188,7,0.0372,0,0.0,0.0,0.0,-3.77
2025-02-17,2025-02,fitcommerce.com/blog/best-yoga-mats-review,Commercial,11,4,1400,8.4,198,5,0.0253,1,120.66,24.13,20.0,-3.77
2025-02-18,2025-02,fitcommerce.com/blog/best-yoga-mats-review,Commercial,11,4,1400,5.5,172,8,0.0465,0,0.0,0.0,0.0,-3.77
2025-02-19,2025-02,fitcommerce.com/blog/best-yoga-mats-review,Commercial,11,4,1400,7.3,200,8,0.04,1,155.74,19.47,12.5,-3.77
2025-02-20,2025-02,fitcommerce.com/blog/best-yoga-mats-review,Commercial,11,4,1400,11.4,205,6,0.0293,0,0.0,0.0,0.0,-3.77
2025-02-21,2025-02,fitcommerce.com/blog/best-yoga-mats-review,Commercial,11,4,1400,6.5,181,9,0.0497,0,0.0,0.0,0.0,-3.77
2025-02-22,2025-02,fitcommerce.com/blog/best-yoga-mats-review,Commercial,11,4,1400,10.5,202,12,0.0594,0,0.0,0.0,0.0,-3.77
2025-02-23,2025-02,fitcommerce.com/blog/best-yoga-mats-review,Commercial,11,4,1400,17.9,190,12,0.0632,0,0.0,0.0,0.0,-3.77
2025-02-24,2025-02,fitcommerce.com/blog/best-yoga-mats-review,Commercial,11,4,1400,8.6,202,5,0.0248,0,0.0,0.0,0.0,-3.77
2025-02-25,2025-02,fitcommerce.com/blog/best-yoga-mats-review,Commercial,11,4,1400,7.4,188,4,0.0213,0,0.0,0.0,0.0,-3.77
2025-02-26,2025-02,fitcommerce.com/blog/best-yoga-mats-review,Commercial,11,4,1400,9.1,200,14,0.07,0,0.0,0.0,0.0,-3.77
2025-02-27,2025-02,fitcommerce.com/blog/best-yoga-mats-review,Commercial,11,4,1400,13.3,220,11,0.05,1,130.73,11.88,9.09,-3.77
2025-02-28,2025-02,fitcommerce.com/blog/best-yoga-mats-review,Commercial,11,4,1400,8.5,186,9,0.0484,2,249.39,27.71,22.22,-3.77
2025-03-01,2025-03,fitcommerce.com/blog/best-yoga-mats-review,Commercial,11,4,1400,10.1,186,12,0.0645,0,0.0,0.0,0.0,5.24
2025-03-02,2025-03,fitcommerce.com/blog/best-yoga-mats-review,Commercial,11,4,1400,9.7,194,5,0.0258,1,151.71,30.34,20.0,5.24
2025-03-03,2025-03,fitcommerce.com/blog/best-yoga-mats-review,Commercial,11,4,1400,6.7,214,14,0.0654,0,0.0,0.0,0.0,5.24
2025-03-04,2025-03,fitcommerce.com/blog/best-yoga-mats-review,Commercial,11,4,1400,12.3,217,12,0.0553,0,0.0,0.0,0.0,5.24
2025-03-05,2025-03,fitcommerce.com/blog/best-yoga-mats-review,Commercial,11,4,1400,16.0,175,13,0.0743,0,0.0,0.0,0.0,5.24
2025-03-06,2025-03,fitcommerce.com/blog/best-yoga-mats-review,Commercial,11,4,1400,11.5,200,4,0.02,0,0.0,0.0,0.0,5.24
2025-03-07,2025-03,fitcommerce.com/blog/best-yoga-mats-review,Commercial,11,4,1400,5.8,198,10,0.0505,1,148.92,14.89,10.0,5.24
2025-03-08,2025-03,fitcommerce.com/blog/best-yoga-mats-review,Commercial,11,4,1400,9.6,185,4,0.0216,2,287.85,71.96,50.0,5.24
2025-03-09,2025-03,fitcommerce.com/blog/best-yoga-mats-review,Commercial,11,4,1400,14.8,227,5,0.022,0,0.0,0.0,0.0,5.24
2025-03-10,2025-03,fitcommerce.com/blog/best-yoga-mats-review,Commercial,11,4,1400,13.9,178,11,0.0618,0,0.0,0.0,0.0,5.24
2025-03-11,2025-03,fitcommerce.com/blog/best-yoga-mats-review,Commercial,11,4,1400,11.2,184,7,0.038,1,121.65,17.38,14.29,5.24
2025-03-12,2025-03,fitcommerce.com/blog/best-yoga-mats-review,Commercial,11,4,1400,12.3,175,7,0.04,0,0.0,0.0,0.0,5.24
2025-03-13,2025-03,fitcommerce.com/blog/best-yoga-mats-review,Commercial,11,4,1400,12.9,182,8,0.044,0,0.0,0.0,0.0,5.24
2025-03-14,2025-03,fitcommerce.com/blog/best-yoga-mats-review,Commercial,11,4,1400,7.6,221,9,0.0407,0,0.0,0.0,0.0,5.24
2025-03-15,2025-03,fitcommerce.com/blog/best-yoga-mats-review,Commercial,11,4,1400,10.3,177,9,0.0508,0,0.0,0.0,0.0,5.24
2025-03-16,2025-03,fitcommerce.com/blog/best-yoga-mats-review,Commercial,11,4,1400,7.5,200,12,0.06,0,0.0,0.0,0.0,5.24
2025-03-17,2025-03,fitcommerce.com/blog/best-yoga-mats-review,Commercial,11,4,1400,13.5,189,8,0.0423,0,0.0,0.0,0.0,5.24
2025-03-18,2025-03,fitcommerce.com/blog/best-yoga-mats-review,Commercial,11,4,1400,6.4,218,16,0.0734,1,144.81,9.05,6.25,5.24
2025-03-19,2025-03,fitcommerce.com/blog/best-yoga-mats-review,Commercial,11,4,1400,8.7,189,10,0.0529,2,277.08,27.71,20.0,5.24
2025-03-20,2025-03,fitcommerce.com/blog/best-yoga-mats-review,Commercial,11,4,1400,15.5,234,15,0.0641,0,0.0,0.0,0.0,5.24
2025-03-21,2025-03,fitcommerce.com/blog/best-yoga-mats-review,Commercial,11,4,1400,4.6,224,16,0.0714,0,0.0,0.0,0.0,5.24
2025-03-22,2025-03,fitcommerce.com/blog/best-yoga-mats-review,Commercial,11,4,1400,8.7,196,4,0.0204,0,0.0,0.0,0.0,5.24
2025-03-23,2025-03,fitcommerce.com/blog/best-yoga-mats-review,Commercial,11,4,1400,6.2,205,11,0.0537,0,0.0,0.0,0.0,5.24
2025-03-24,2025-03,fitcommerce.com/blog/best-yoga-mats-review,Commercial,11,4,1400,3.8,196,11,0.0561,0,0.0,0.0,0.0,5.24
2025-03-25,2025-03,fitcommerce.com/blog/best-yoga-mats-review,Commercial,11,4,1400,10.6,210,14,0.0667,0,0.0,0.0,0.0,5.24
2025-03-26,2025-03,fitcommerce.com/blog/best-yoga-mats-review,Commercial,11,4,1400,7.3,202,5,0.0248,1,141.77,28.35,20.0,5.24
2025-03-27,2025-03,fitcommerce.com/blog/best-yoga-mats-review,Commercial,11,4,1400,12.5,205,6,0.0293,0,0.0,0.0,0.0,5.24
2025-03-28,2025-03,fitcommerce.com/blog/best-yoga-mats-review,Commercial,11,4,1400,11.6,191,4,0.0209,0,0.0,0.0,0.0,5.24
2025-03-29,2025-03,fitcommerce.com/blog/best-yoga-mats-review,Commercial,11,4,1400,6.0,176,12,0.0682,0,0.0,0.0,0.0,5.24
2025-03-30,2025-03,fitcommerce.com/blog/best-yoga-mats-review,Commercial,11,4,1400,7.0,176,4,0.0227,0,0.0,0.0,0.0,5.24
2025-03-31,2025-03,fitcommerce.com/blog/best-yoga-mats-review,Commercial,11,4,1400,4.4,214,6,0.028,0,0.0,0.0,0.0,5.24
2025-04-01,2025-04,fitcommerce.com/blog/best-yoga-mats-review,Commercial,11,4,1400,11.6,179,3,0.0168,0,0.0,0.0,0.0,-5.74
2025-04-02,2025-04,fitcommerce.com/blog/best-yoga-mats-review,Commercial,11,4,1400,4.8,223,8,0.0359,0,0.0,0.0,0.0,-5.74
2025-04-03,2025-04,fitcommerce.com/blog/best-yoga-mats-review,Commercial,11,4,1400,2.7,209,10,0.0478,0,0.0,0.0,0.0,-5.74
2025-04-04,2025-04,fitcommerce.com/blog/best-yoga-mats-review,Commercial,11,4,1400,15.3,185,8,0.0432,0,0.0,0.0,0.0,-5.74
2025-04-05,2025-04,fitcommerce.com/blog/best-yoga-mats-review,Commercial,11,4,1400,6.9,208,10,0.0481,0,0.0,0.0,0.0,-5.74
2025-04-06,2025-04,fitcommerce.com/blog/best-yoga-mats-review,Commercial,11,4,1400,11.6,224,12,0.0536,0,0.0,0.0,0.0,-5.74
2025-04-07,2025-04,fitcommerce.com/blog/best-yoga-mats-review,Commercial,11,4,1400,10.4,205,9,0.0439,0,0.0,0.0,0.0,-5.74
2025-04-08,2025-04,fitcommerce.com/blog/best-yoga-mats-review,Commercial,11,4,1400,9.6,215,5,0.0233,0,0.0,0.0,0.0,-5.74
2025-04-09,2025-04,fitcommerce.com/blog/best-yoga-mats-review,Commercial,11,4,1400,7.5,205,6,0.0293,0,0.0,0.0,0.0,-5.74
2025-04-10,2025-04,fitcommerce.com/blog/best-yoga-mats-review,Commercial,11,4,1400,13.6,214,7,0.0327,0,0.0,0.0,0.0,-5.74
2025-04-11,2025-04,fitcommerce.com/blog/best-yoga-mats-review,Commercial,11,4,1400,11.3,227,14,0.0617,1,144.53,10.32,7.14,-5.74
2025-04-12,2025-04,fitcommerce.com/blog/best-yoga-mats-review,Commercial,11,4,1400,8.5,239,13,0.0544,0,0.0,0.0,0.0,-5.74
2025-04-13,2025-04,fitcommerce.com/blog/best-yoga-mats-review,Commercial,11,4,1400,5.6,204,10,0.049,0,0.0,0.0,0.0,-5.74
2025-04-14,2025-04,fitcommerce.com/blog/best-yoga-mats-review,Commercial,11,4,1400,7.9,226,8,0.0354,0,0.0,0.0,0.0,-5.74
2025-04-15,2025-04,fitcommerce.com/blog/best-yoga-mats-review,Commercial,11,4,1400,11.6,240,7,0.0292,0,0.0,0.0,0.0,-5.74
2025-04-16,2025-04,fitcommerce.com/blog/best-yoga-mats-review,Commercial,11,4,1400,11.5,185,4,0.0216,1,123.35,30.84,25.0,-5.74
2025-04-17,2025-04,fitcommerce.com/blog/best-yoga-mats-review,Commercial,11,4,1400,10.5,207,14,0.0676,0,0.0,0.0,0.0,-5.74
2025-04-18,2025-04,fitcommerce.com/blog/best-yoga-mats-review,Commercial,11,4,1400,11.3,219,12,0.0548,1,145.84,12.15,8.33,-5.74
2025-04-19,2025-04,fitcommerce.com/blog/best-yoga-mats-review,Commercial,11,4,1400,8.3,237,18,0.0759,0,0.0,0.0,0.0,-5.74
2025-04-20,2025-04,fitcommerce.com/blog/best-yoga-mats-review,Commercial,11,4,1400,9.1,188,11,0.0585,1,152.23,13.84,9.09,-5.74
2025-04-21,2025-04,fitcommerce.com/blog/best-yoga-mats-review,Commercial,11,4,1400,9.9,215,9,0.0419,0,0.0,0.0,0.0,-5.74
2025-04-22,2025-04,fitcommerce.com/blog/best-yoga-mats-review,Commercial,11,4,1400,10.2,184,13,0.0707,2,297.49,22.88,15.38,-5.74
2025-04-23,2025-04,fitcommerce.com/blog/best-yoga-mats-review,Commercial,11,4,1400,7.6,219,7,0.032,0,0.0,0.0,0.0,-5.74
2025-04-24,2025-04,fitcommerce.com/blog/best-yoga-mats-review,Commercial,11,4,1400,6.7,234,13,0.0556,0,0.0,0.0,0.0,-5.74
2025-04-25,2025-04,fitcommerce.com/blog/best-yoga-mats-review,Commercial,11,4,1400,9.7,210,5,0.0238,0,0.0,0.0,0.0,-5.74
2025-04-26,2025-04,fitcommerce.com/blog/best-yoga-mats-review,Commercial,11,4,1400,10.8,222,13,0.0586,0,0.0,0.0,0.0,-5.74
2025-04-27,2025-04,fitcommerce.com/blog/best-yoga-mats-review,Commercial,11,4,1400,5.5,235,15,0.0638,2,255.8,17.05,13.33,-5.74
2025-04-28,2025-04,fitcommerce.com/blog/best-yoga-mats-review,Commercial,11,4,1400,5.5,214,10,0.0467,0,0.0,0.0,0.0,-5.74
2025-04-29,2025-04,fitcommerce.com/blog/best-yoga-mats-review,Commercial,11,4,1400,4.2,212,16,0.0755,0,0.0,0.0,0.0,-5.74
2025-04-30,2025-04,fitcommerce.com/blog/best-yoga-mats-review,Commercial,11,4,1400,11.5,188,5,0.0266,0,0.0,0.0,0.0,-5.74
2025-05-01,2025-05,fitcommerce.com/blog/best-yoga-mats-review,Commercial,11,4,1400,4.5,237,17,0.0717,0,0.0,0.0,0.0,4.19
2025-05-02,2025-05,fitcommerce.com/blog/best-yoga-mats-review,Commercial,11,4,1400,16.9,233,9,0.0386,0,0.0,0.0,0.0,4.19
2025-05-03,2025-05,fitcommerce.com/blog/best-yoga-mats-review,Commercial,11,4,1400,12.5,227,6,0.0264,1,117.66,19.61,16.67,4.19
2025-05-04,2025-05,fitcommerce.com/blog/best-yoga-mats-review,Commercial,11,4,1400,11.4,203,13,0.064,0,0.0,0.0,0.0,4.19
2025-05-05,2025-05,fitcommerce.com/blog/best-yoga-mats-review,Commercial,11,4,1400,11.4,196,11,0.0561,1,122.4,11.13,9.09,4.19
2025-05-06,2025-05,fitcommerce.com/blog/best-yoga-mats-review,Commercial,11,4,1400,10.2,210,12,0.0571,0,0.0,0.0,0.0,4.19
2025-05-07,2025-05,fitcommerce.com/blog/best-yoga-mats-review,Commercial,11,4,1400,9.5,232,14,0.0603,0,0.0,0.0,0.0,4.19
2025-05-08,2025-05,fitcommerce.com/blog/best-yoga-mats-review,Commercial,11,4,1400,2.0,204,13,0.0637,0,0.0,0.0,0.0,4.19
2025-05-09,2025-05,fitcommerce.com/blog/best-yoga-mats-review,Commercial,11,4,1400,13.9,215,7,0.0326,1,116.72,16.67,14.29,4.19
2025-05-10,2025-05,fitcommerce.com/blog/best-yoga-mats-review,Commercial,11,4,1400,11.3,235,10,0.0426,0,0.0,0.0,0.0,4.19
2025-05-11,2025-05,fitcommerce.com/blog/best-yoga-mats-review,Commercial,11,4,1400,5.8,185,10,0.0541,0,0.0,0.0,0.0,4.19
2025-05-12,2025-05,fitcommerce.com/blog/best-yoga-mats-review,Commercial,11,4,1400,10.2,192,4,0.0208,0,0.0,0.0,0.0,4.19
2025-05-13,2025-05,fitcommerce.com/blog/best-yoga-mats-review,Commercial,11,4,1400,9.8,218,5,0.0229,1,139.44,27.89,20.0,4.19
2025-05-14,2025-05,fitcommerce.com/blog/best-yoga-mats-review,Commercial,11,4,1400,7.5,209,12,0.0574,0,0.0,0.0,0.0,4.19
2025-05-15,2025-05,fitcommerce.com/blog/best-yoga-mats-review,Commercial,11,4,1400,13.8,198,7,0.0354,1,136.73,19.53,14.29,4.19
2025-05-16,2025-05,fitcommerce.com/blog/best-yoga-mats-review,Commercial,11,4,1400,9.4,229,8,0.0349,0,0.0,0.0,0.0,4.19
2025-05-17,2025-05,fitcommerce.com/blog/best-yoga-mats-review,Commercial,11,4,1400,8.3,230,15,0.0652,0,0.0,0.0,0.0,4.19
2025-05-18,2025-05,fitcommerce.com/blog/best-yoga-mats-review,Commercial,11,4,1400,5.1,224,7,0.0312,1,128.74,18.39,14.29,4.19
2025-05-19,2025-05,fitcommerce.com/blog/best-yoga-mats-review,Commercial,11,4,1400,8.1,240,6,0.025,0,0.0,0.0,0.0,4.19
2025-05-20,2025-05,fitcommerce.com/blog/best-yoga-mats-review,Commercial,11,4,1400,9.2,217,10,0.0461,0,0.0,0.0,0.0,4.19
2025-05-21,2025-05,fitcommerce.com/blog/best-yoga-mats-review,Commercial,11,4,1400,5.8,196,14,0.0714,0,0.0,0.0,0.0,4.19
2025-05-22,2025-05,fitcommerce.com/blog/best-yoga-mats-review,Commercial,11,4,1400,11.1,239,4,0.0167,0,0.0,0.0,0.0,4.19
2025-05-23,2025-05,fitcommerce.com/blog/best-yoga-mats-review,Commercial,11,4,1400,5.4,192,10,0.0521,0,0.0,0.0,0.0,4.19
2025-05-24,2025-05,fitcommerce.com/blog/best-yoga-mats-review,Commercial,11,4,1400,4.8,221,8,0.0362,1,139.82,17.48,12.5,4.19
2025-05-25,2025-05,fitcommerce.com/blog/best-yoga-mats-review,Commercial,11,4,1400,8.2,217,9,0.0415,0,0.0,0.0,0.0,4.19
2025-05-26,2025-05,fitcommerce.com/blog/best-yoga-mats-review,Commercial,11,4,1400,10.6,224,10,0.0446,0,0.0,0.0,0.0,4.19
2025-05-27,2025-05,fitcommerce.com/blog/best-yoga-mats-review,Commercial,11,4,1400,6.6,207,5,0.0242,0,0.0,0.0,0.0,4.19
2025-05-28,2025-05,fitcommerce.com/blog/best-yoga-mats-review,Commercial,11,4,1400,1.0,187,9,0.0481,0,0.0,0.0,0.0,4.19
2025-05-29,2025-05,fitcommerce.com/blog/best-yoga-mats-review,Commercial,11,4,1400,12.9,212,15,0.0708,0,0.0,0.0,0.0,4.19
2025-05-30,2025-05,fitcommerce.com/blog/best-yoga-mats-review,Commercial,11,4,1400,12.1,204,4,0.0196,0,0.0,0.0,0.0,4.19
2025-05-31,2025-05,fitcommerce.com/blog/best-yoga-mats-review,Commercial,11,4,1400,14.9,216,6,0.0278,0,0.0,0.0,0.0,4.19
2025-06-01,2025-06,fitcommerce.com/blog/best-yoga-mats-review,Commercial,11,4,1400,8.3,187,10,0.0535,0,0.0,0.0,0.0,-11.06
2025-06-02,2025-06,fitcommerce.com/blog/best-yoga-mats-review,Commercial,11,4,1400,8.8,200,9,0.045,0,0.0,0.0,0.0,-11.06
2025-06-03,2025-06,fitcommerce.com/blog/best-yoga-mats-review,Commercial,11,4,1400,7.8,224,11,0.0491,0,0.0,0.0,0.0,-11.06
2025-06-04,2025-06,fitcommerce.com/blog/best-yoga-mats-review,Commercial,11,4,1400,2.0,212,9,0.0425,0,0.0,0.0,0.0,-11.06
2025-06-05,2025-06,fitcommerce.com/blog/best-yoga-mats-review,Commercial,11,4,1400,10.9,201,5,0.0249,0,0.0,0.0,0.0,-11.06
2025-06-06,2025-06,fitcommerce.com/blog/best-yoga-mats-review,Commercial,11,4,1400,10.5,187,12,0.0642,0,0.0,0.0,0.0,-11.06
2025-06-07,2025-06,fitcommerce.com/blog/best-yoga-mats-review,Commercial,11,4,1400,12.0,230,13,0.0565,2,273.49,21.04,15.38,-11.06
2025-06-08,2025-06,fitcommerce.com/blog/best-yoga-mats-review,Commercial,11,4,1400,6.7,194,10,0.0515,0,0.0,0.0,0.0,-11.06
2025-06-09,2025-06,fitcommerce.com/blog/best-yoga-mats-review,Commercial,11,4,1400,12.2,184,6,0.0326,0,0.0,0.0,0.0,-11.06
2025-06-10,2025-06,fitcommerce.com/blog/best-yoga-mats-review,Commercial,11,4,1400,6.4,179,7,0.0391,0,0.0,0.0,0.0,-11.06
2025-06-11,2025-06,fitcommerce.com/blog/best-yoga-mats-review,Commercial,11,4,1400,7.7,177,14,0.0791,0,0.0,0.0,0.0,-11.06
2025-06-12,2025-06,fitcommerce.com/blog/best-yoga-mats-review,Commercial,11,4,1400,7.0,195,11,0.0564,1,135.67,12.33,9.09,-11.06
2025-06-13,2025-06,fitcommerce.com/blog/best-yoga-mats-review,Commercial,11,4,1400,10.1,211,10,0.0474,1,121.29,12.13,10.0,-11.06
2025-06-14,2025-06,fitcommerce.com/blog/best-yoga-mats-review,Commercial,11,4,1400,11.0,207,14,0.0676,1,139.3,9.95,7.14,-11.06
2025-06-15,2025-06,fitcommerce.com/blog/best-yoga-mats-review,Commercial,11,4,1400,9.6,184,7,0.038,0,0.0,0.0,0.0,-11.06
2025-06-16,2025-06,fitcommerce.com/blog/best-yoga-mats-review,Commercial,11,4,1400,6.3,202,5,0.0248,0,0.0,0.0,0.0,-11.06
2025-06-17,2025-06,fitcommerce.com/blog/best-yoga-mats-review,Commercial,11,4,1400,7.5,222,9,0.0405,0,0.0,0.0,0.0,-11.06
2025-06-18,2025-06,fitcommerce.com/blog/best-yoga-mats-review,Commercial,11,4,1400,5.8,186,10,0.0538,0,0.0,0.0,0.0,-11.06
2025-06-19,2025-06,fitcommerce.com/blog/best-yoga-mats-review,Commercial,11,4,1400,11.9,205,14,0.0683,0,0.0,0.0,0.0,-11.06
2025-06-20,2025-06,fitcommerce.com/blog/best-yoga-mats-review,Commercial,11,4,1400,8.2,198,11,0.0556,0,0.0,0.0,0.0,-11.06
2025-06-21,2025-06,fitcommerce.com/blog/best-yoga-mats-review,Commercial,11,4,1400,8.4,177,11,0.0621,0,0.0,0.0,0.0,-11.06
2025-06-22,2025-06,fitcommerce.com/blog/best-yoga-mats-review,Commercial,11,4,1400,6.4,192,11,0.0573,0,0.0,0.0,0.0,-11.06
2025-06-23,2025-06,fitcommerce.com/blog/best-yoga-mats-review,Commercial,11,4,1400,9.1,186,9,0.0484,0,0.0,0.0,0.0,-11.06
2025-06-24,2025-06,fitcommerce.com/blog/best-yoga-mats-review,Commercial,11,4,1400,7.5,205,12,0.0585,0,0.0,0.0,0.0,-11.06
2025-06-25,2025-06,fitcommerce.com/blog/best-yoga-mats-review,Commercial,11,4,1400,8.9,174,6,0.0345,0,0.0,0.0,0.0,-11.06
2025-06-26,2025-06,fitcommerce.com/blog/best-yoga-mats-review,Commercial,11,4,1400,13.3,190,4,0.0211,0,0.0,0.0,0.0,-11.06
2025-06-27,2025-06,fitcommerce.com/blog/best-yoga-mats-review,Commercial,11,4,1400,6.9,202,8,0.0396,0,0.0,0.0,0.0,-11.06
2025-06-28,2025-06,fitcommerce.com/blog/best-yoga-mats-review,Commercial,11,4,1400,2.8,199,5,0.0251,0,0.0,0.0,0.0,-11.06
2025-06-29,2025-06,fitcommerce.com/blog/best-yoga-mats-review,Commercial,11,4,1400,9.4,189,4,0.0212,0,0.0,0.0,0.0,-11.06
2025-06-30,2025-06,fitcommerce.com/blog/best-yoga-mats-review,Commercial,11,4,1400,15.8,207,4,0.0193,0,0.0,0.0,0.0,-11.06
2025-07-01,2025-07,fitcommerce.com/blog/best-yoga-mats-review,Commercial,11,4,1400,12.1,214,5,0.0234,0,0.0,0.0,0.0,6.91
2025-07-02,2025-07,fitcommerce.com/blog/best-yoga-mats-review,Commercial,11,4,1400,3.6,175,3,0.0171,0,0.0,0.0,0.0,6.91
2025-07-03,2025-07,fitcommerce.com/blog/best-yoga-mats-review,Commercial,11,4,1400,12.3,173,6,0.0347,0,0.0,0.0,0.0,6.91
2025-07-04,2025-07,fitcommerce.com/blog/best-yoga-mats-review,Commercial,11,4,1400,9.5,203,9,0.0443,0,0.0,0.0,0.0,6.91
2025-07-05,2025-07,fitcommerce.com/blog/best-yoga-mats-review,Commercial,11,4,1400,4.9,192,8,0.0417,0,0.0,0.0,0.0,6.91
2025-07-06,2025-07,fitcommerce.com/blog/best-yoga-mats-review,Commercial,11,4,1400,10.0,216,11,0.0509,0,0.0,0.0,0.0,6.91
2025-07-07,2025-07,fitcommerce.com/blog/best-yoga-mats-review,Commercial,11,4,1400,11.1,170,7,0.0412,0,0.0,0.0,0.0,6.91
2025-07-08,2025-07,fitcommerce.com/blog/best-yoga-mats-review,Commercial,11,4,1400,5.3,198,5,0.0253,1,153.2,30.64,20.0,6.91
2025-07-09,2025-07,fitcommerce.com/blog/best-yoga-mats-review,Commercial,11,4,1400,13.3,206,7,0.034,0,0.0,0.0,0.0,6.91
2025-07-10,2025-07,fitcommerce.com/blog/best-yoga-mats-review,Commercial,11,4,1400,2.9,213,12,0.0563,0,0.0,0.0,0.0,6.91
2025-07-11,2025-07,fitcommerce.com/blog/best-yoga-mats-review,Commercial,11,4,1400,8.4,174,9,0.0517,0,0.0,0.0,0.0,6.91
2025-07-12,2025-07,fitcommerce.com/blog/best-yoga-mats-review,Commercial,11,4,1400,7.6,200,6,0.03,0,0.0,0.0,0.0,6.91
2025-07-13,2025-07,fitcommerce.com/blog/best-yoga-mats-review,Commercial,11,4,1400,6.0,181,8,0.0442,0,0.0,0.0,0.0,6.91
2025-07-14,2025-07,fitcommerce.com/blog/best-yoga-mats-review,Commercial,11,4,1400,10.3,166,12,0.0723,1,132.87,11.07,8.33,6.91
2025-07-15,2025-07,fitcommerce.com/blog/best-yoga-mats-review,Commercial,11,4,1400,6.8,184,10,0.0543,2,251.02,25.1,20.0,6.91
2025-07-16,2025-07,fitcommerce.com/blog/best-yoga-mats-review,Commercial,11,4,1400,10.7,190,7,0.0368,1,118.66,16.95,14.29,6.91
2025-07-17,2025-07,fitcommerce.com/blog/best-yoga-mats-review,Commercial,11,4,1400,13.7,211,5,0.0237,0,0.0,0.0,0.0,6.91
2025-07-18,2025-07,fitcommerce.com/blog/best-yoga-mats-review,Commercial,11,4,1400,10.8,171,7,0.0409,1,155.85,22.26,14.29,6.91
2025-07-19,2025-07,fitcommerce.com/blog/best-yoga-mats-review,Commercial,11,4,1400,10.3,173,10,0.0578,0,0.0,0.0,0.0,6.91
2025-07-20,2025-07,fitcommerce.com/blog/best-yoga-mats-review,Commercial,11,4,1400,7.9,200,8,0.04,0,0.0,0.0,0.0,6.91
2025-07-21,2025-07,fitcommerce.com/blog/best-yoga-mats-review,Commercial,11,4,1400,4.0,198,11,0.0556,0,0.0,0.0,0.0,6.91
2025-07-22,2025-07,fitcommerce.com/blog/best-yoga-mats-review,Commercial,11,4,1400,5.2,170,3,0.0176,0,0.0,0.0,0.0,6.91
2025-07-23,2025-07,fitcommerce.com/blog/best-yoga-mats-review,Commercial,11,4,1400,11.3,207,11,0.0531,0,0.0,0.0,0.0,6.91
2025-07-24,2025-07,fitcommerce.com/blog/best-yoga-mats-review,Commercial,11,4,1400,9.1,184,11,0.0598,1,144.29,13.12,9.09,6.91
2025-07-25,2025-07,fitcommerce.com/blog/best-yoga-mats-review,Commercial,11,4,1400,11.9,209,10,0.0478,0,0.0,0.0,0.0,6.91
2025-07-26,2025-07,fitcommerce.com/blog/best-yoga-mats-review,Commercial,11,4,1400,15.5,165,7,0.0424,0,0.0,0.0,0.0,6.91
2025-07-27,2025-07,fitcommerce.com/blog/best-yoga-mats-review,Commercial,11,4,1400,9.1,159,11,0.0692,0,0.0,0.0,0.0,6.91
2025-07-28,2025-07,fitcommerce.com/blog/best-yoga-mats-review,Commercial,11,4,1400,10.4,176,8,0.0455,1,124.98,15.62,12.5,6.91
2025-07-29,2025-07,fitcommerce.com/blog/best-yoga-mats-review,Commercial,11,4,1400,8.7,209,7,0.0335,0,0.0,0.0,0.0,6.91
2025-07-30,2025-07,fitcommerce.com/blog/best-yoga-mats-review,Commercial,11,4,1400,9.7,207,9,0.0435,0,0.0,0.0,0.0,6.91
2025-07-31,2025-07,fitcommerce.com/blog/best-yoga-mats-review,Commercial,11,4,1400,1.0,194,4,0.0206,0,0.0,0.0,0.0,6.91
2024-08-01,2024-08,fitcommerce.com/blog/home-gym-setup-guide,Informational,8,4,6576,8.9,376,16,0.0426,1,95.01,5.94,6.25,
2024-08-02,2024-08,fitcommerce.com/blog/home-gym-setup-guide,Informational,8,4,6576,15.3,352,14,0.0398,1,81.07,5.79,7.14,
2024-08-03,2024-08,fitcommerce.com/blog/home-gym-setup-guide,Informational,8,4,6576,13.0,389,17,0.0437,1,87.49,5.15,5.88,
2024-08-04,2024-08,fitcommerce.com/blog/home-gym-setup-guide,Informational,8,4,6576,15.6,305,9,0.0295,0,0.0,0.0,0.0,
2024-08-05,2024-08,fitcommerce.com/blog/home-gym-setup-guide,Informational,8,4,6576,18.1,397,17,0.0428,1,92.9,5.46,5.88,
2024-08-06,2024-08,fitcommerce.com/blog/home-gym-setup-guide,Informational,8,4,6576,16.2,392,23,0.0587,0,0.0,0.0,0.0,
2024-08-07,2024-08,fitcommerce.com/blog/home-gym-setup-guide,Informational,8,4,6576,14.4,333,10,0.03,2,160.84,16.08,20.0,
2024-08-08,2024-08,fitcommerce.com/blog/home-gym-setup-guide,Informational,8,4,6576,16.4,378,13,0.0344,1,87.35,6.72,7.69,
2024-08-09,2024-08,fitcommerce.com/blog/home-gym-setup-guide,Informational,8,4,6576,16.0,307,15,0.0489,0,0.0,0.0,0.0,
2024-08-10,2024-08,fitcommerce.com/blog/home-gym-setup-guide,Informational,8,4,6576,11.2,386,17,0.044,1,107.55,6.33,5.88,
2024-08-11,2024-08,fitcommerce.com/blog/home-gym-setup-guide,Informational,8,4,6576,10.4,342,20,0.0585,0,0.0,0.0,0.0,
2024-08-12,2024-08,fitcommerce.com/blog/home-gym-setup-guide,Informational,8,4,6576,12.9,321,20,0.0623,2,171.56,8.58,10.0,
2024-08-13,2024-08,fitcommerce.com/blog/home-gym-setup-guide,Informational,8,4,6576,8.4,341,9,0.0264,1,95.47,10.61,11.11,
2024-08-14,2024-08,fitcommerce.com/blog/home-gym-setup-guide,Informational,8,4,6576,12.7,324,14,0.0432,1,101.04,7.22,7.14,
2024-08-15,2024-08,fitcommerce.com/blog/home-gym-setup-guide,Informational,8,4,6576,18.7,356,19,0.0534,1,93.4,4.92,5.26,
2024-08-16,2024-08,fitcommerce.com/blog/home-gym-setup-guide,Informational,8,4,6576,16.8,368,14,0.038,1,89.3,6.38,7.14,
2024-08-17,2024-08,fitcommerce.com/blog/home-gym-setup-guide,Informational,8,4,6576,14.3,387,20,0.0517,0,0.0,0.0,0.0,
2024-08-18,2024-08,fitcommerce.com/blog/home-gym-setup-guide,Informational,8,4,6576,11.2,304,12,0.0395,1,95.5,7.96,8.33,
2024-08-19,2024-08,fitcommerce.com/blog/home-gym-setup-guide,Informational,8,4,6576,16.2,329,21,0.0638,1,105.97,5.05,4.76,
2024-08-20,2024-08,fitcommerce.com/blog/home-gym-setup-guide,Informational,8,4,6576,11.0,377,13,0.0345,0,0.0,0.0,0.0,
2024-08-21,2024-08,fitcommerce.com/blog/home-gym-setup-guide,Informational,8,4,6576,15.3,353,24,0.068,0,0.0,0.0,0.0,
2024-08-22,2024-08,fitcommerce.com/blog/home-gym-setup-guide,Informational,8,4,6576,10.9,343,18,0.0525,0,0.0,0.0,0.0,
2024-08-23,2024-08,fitcommerce.com/blog/home-gym-setup-guide,Informational,8,4,6576,10.6,352,23,0.0653,1,98.61,4.29,4.35,
2024-08-24,2024-08,fitcommerce.com/blog/home-gym-setup-guide,Informational,8,4,6576,14.7,386,22,0.057,0,0.0,0.0,0.0,
2024-08-25,2024-08,fitcommerce.com/blog/home-gym-setup-guide,Informational,8,4,6576,11.6,349,12,0.0344,1,86.45,7.2,8.33,
2024-08-26,2024-08,fitcommerce.com/blog/home-gym-setup-guide,Informational,8,4,6576,15.0,390,12,0.0308,1,85.81,7.15,8.33,
2024-08-27,2024-08,fitcommerce.com/blog/home-gym-setup-guide,Informational,8,4,6576,15.1,346,10,0.0289,2,194.5,19.45,20.0,
2024-08-28,2024-08,fitcommerce.com/blog/home-gym-setup-guide,Informational,8,4,6576,10.7,356,7,0.0197,0,0.0,0.0,0.0,
2024-08-29,2024-08,fitcommerce.com/blog/home-gym-setup-guide,Informational,8,4,6576,13.9,305,18,0.059,0,0.0,0.0,0.0,
2024-08-30,2024-08,fitcommerce.com/blog/home-gym-setup-guide,Informational,8,4,6576,11.6,306,23,0.0752,1,83.18,3.62,4.35,
2024-08-31,2024-08,fitcommerce.com/blog/home-gym-setup-guide,Informational,8,4,6576,14.4,371,27,0.0728,1,91.01,3.37,3.7,
2024-09-01,2024-09,fitcommerce.com/blog/home-gym-setup-guide,Informational,8,4,6576,17.3,330,9,0.0273,0,0.0,0.0,0.0,-13.81
2024-09-02,2024-09,fitcommerce.com/blog/home-gym-setup-guide,Informational,8,4,6576,8.9,364,9,0.0247,1,91.08,10.12,11.11,-13.81
2024-09-03,2024-09,fitcommerce.com/blog/home-gym-setup-guide,Informational,8,4,6576,13.0,359,26,0.0724,0,0.0,0.0,0.0,-13.81
2024-09-04,2024-09,fitcommerce.com/blog/home-gym-setup-guide,Informational,8,4,6576,12.5,368,17,0.0462,1,87.39,5.14,5.88,-13.81
2024-09-05,2024-09,fitcommerce.com/blog/home-gym-setup-guide,Informational,8,4,6576,12.9,376,10,0.0266,1,85.27,8.53,10.0,-13.81
2024-09-06,2024-09,fitcommerce.com/blog/home-gym-setup-guide,Informational,8,4,6576,14.0,301,7,0.0233,0,0.0,0.0,0.0,-13.81
2024-09-07,2024-09,fitcommerce.com/blog/home-gym-setup-guide,Informational,8,4,6576,12.2,386,17,0.044,3,303.87,17.87,17.65,-13.81
2024-09-08,2024-09,fitcommerce.com/blog/home-gym-setup-guide,Informational,8,4,6576,9.8,320,9,0.0281,1,93.36,10.37,11.11,-13.81
2024-09-09,2024-09,fitcommerce.com/blog/home-gym-setup-guide,Informational,8,4,6576,19.1,362,21,0.058,1,85.39,4.07,4.76,-13.81
2024-09-10,2024-09,fitcommerce.com/blog/home-gym-setup-guide,Informational,8,4,6576,17.6,364,22,0.0604,0,0.0,0.0,0.0,-13.81
2024-09-11,2024-09,fitcommerce.com/blog/home-gym-setup-guide,Informational,8,4,6576,10.8,362,9,0.0249,0,0.0,0.0,0.0,-13.81
2024-09-12,2024-09,fitcommerce.com/blog/home-gym-setup-guide,Informational,8,4,6576,13.6,347,12,0.0346,0,0.0,0.0,0.0,-13.81
2024-09-13,2024-09,fitcommerce.com/blog/home-gym-setup-guide,Informational,8,4,6576,13.7,349,21,0.0602,2,184.45,8.78,9.52,-13.81
2024-09-14,2024-09,fitcommerce.com/blog/home-gym-setup-guide,Informational,8,4,6576,13.4,312,10,0.0321,0,0.0,0.0,0.0,-13.81
2024-09-15,2024-09,fitcommerce.com/blog/home-gym-setup-guide,Informational,8,4,6576,14.4,336,10,0.0298,1,101.45,10.14,10.0,-13.81
2024-09-16,2024-09,fitcommerce.com/blog/home-gym-setup-guide,Informational,8,4,6576,19.5,382,24,0.0628,0,0.0,0.0,0.0,-13.81
2024-09-17,2024-09,fitcommerce.com/blog/home-gym-setup-guide,Informational,8,4,6576,12.7,344,13,0.0378,0,0.0,0.0,0.0,-13.81
2024-09-18,2024-09,fitcommerce.com/blog/home-gym-setup-guide,Informational,8,4,6576,11.8,372,9,0.0242,0,0.0,0.0,0.0,-13.81
2024-09-19,2024-09,fitcommerce.com/blog/home-gym-setup-guide,Informational,8,4,6576,15.4,333,15,0.045,2,213.98,14.27,13.33,-13.81
2024-09-20,2024-09,fitcommerce.com/blog/home-gym-setup-guide,Informational,8,4,6576,13.8,329,15,0.0456,2,182.77,12.18,13.33,-13.81
2024-09-21,2024-09,fitcommerce.com/blog/home-gym-setup-guide,Informational,8,4,6576,12.9,401,16,0.0399,0,0.0,0.0,0.0,-13.81
2024-09-22,2024-09,fitcommerce.com/blog/home-gym-setup-guide,Informational,8,4,6576,15.3,315,12,0.0381,2,174.75,14.56,16.67,-13.81
2024-09-23,2024-09,fitcommerce.com/blog/home-gym-setup-guide,Informational,8,4,6576,13.8,320,15,0.0469,1,104.36,6.96,6.67,-13.81
2024-09-24,2024-09,fitcommerce.com/blog/home-gym-setup-guide,Informational,8,4,6576,12.0,339,8,0.0236,0,0.0,0.0,0.0,-13.81
2024-09-25,2024-09,fitcommerce.com/blog/home-gym-setup-guide,Informational,8,4,6576,10.0,344,12,0.0349,1,90.47,7.54,8.33,-13.81
2024-09-26,2024-09,fitcommerce.com/blog/home-gym-setup-guide,Informational,8,4,6576,15.4,398,13,0.0327,2,203.83,15.68,15.38,-13.81
2024-09-27,2024-09,fitcommerce.com/blog/home-gym-setup-guide,Informational,8,4,6576,12.0,361,13,0.036,0,0.0,0.0,0.0,-13.81
2024-09-28,2024-09,fitcommerce.com/blog/home-gym-setup-guide,Informational,8,4,6576,8.7,348,13,0.0374,0,0.0,0.0,0.0,-13.81
2024-09-29,2024-09,fitcommerce.com/blog/home-gym-setup-guide,Informational,8,4,6576,13.6,344,22,0.064,0,0.0,0.0,0.0,-13.81
2024-09-30,2024-09,fitcommerce.com/blog/home-gym-setup-guide,Informational,8,4,6576,11.5,337,11,0.0326,0,0.0,0.0,0.0,-13.81
2024-10-01,2024-10,fitcommerce.com/blog/home-gym-setup-guide,Informational,8,4,6576,20.0,324,14,0.0432,0,0.0,0.0,0.0,25.27
2024-10-02,2024-10,fitcommerce.com/blog/home-gym-setup-guide,Informational,8,4,6576,11.3,357,14,0.0392,0,0.0,0.0,0.0,25.27
2024-10-03,2024-10,fitcommerce.com/blog/home-gym-setup-guide,Informational,8,4,6576,16.7,321,16,0.0498,0,0.0,0.0,0.0,25.27
2024-10-04,2024-10,fitcommerce.com/blog/home-gym-setup-guide,Informational,8,4,6576,19.2,378,22,0.0582,1,94.96,4.32,4.55,25.27
2024-10-05,2024-10,fitcommerce.com/blog/home-gym-setup-guide,Informational,8,4,6576,10.0,374,15,0.0401,1,84.88,5.66,6.67,25.27
2024-10-06,2024-10,fitcommerce.com/blog/home-gym-setup-guide,Informational,8,4,6576,10.1,384,23,0.0599,1,81.18,3.53,4.35,25.27
2024-10-07,2024-10,fitcommerce.com/blog/home-gym-setup-guide,Informational,8,4,6576,13.1,312,10,0.0321,0,0.0,0.0,0.0,25.27
2024-10-08,2024-10,fitcommerce.com/blog/home-gym-setup-guide,Informational,8,4,6576,9.4,406,25,0.0616,0,0.0,0.0,0.0,25.27
2024-10-09,2024-10,fitcommerce.com/blog/home-gym-setup-guide,Informational,8,4,6576,13.4,409,13,0.0318,0,0.0,0.0,0.0,25.27
2024-10-10,2024-10,fitcommerce.com/blog/home-gym-setup-guide,Informational,8,4,6576,17.5,357,26,0.0728,1,105.28,4.05,3.85,25.27
2024-10-11,2024-10,fitcommerce.com/blog/home-gym-setup-guide,Informational,8,4,6576,18.8,392,26,0.0663,0,0.0,0.0,0.0,25.27
2024-10-12,2024-10,fitcommerce.com/blog/home-gym-setup-guide,Informational,8,4,6576,5.8,365,29,0.0795,0,0.0,0.0,0.0,25.27
2024-10-13,2024-10,fitcommerce.com/blog/home-gym-setup-guide,Informational,8,4,6576,13.1,372,8,0.0215,0,0.0,0.0,0.0,25.27
2024-10-14,2024-10,fitcommerce.com/blog/home-gym-setup-guide,Informational,8,4,6576,12.8,400,11,0.0275,0,0.0,0.0,0.0,25.27
2024-10-15,2024-10,fitcommerce.com/blog/home-gym-setup-guide,Informational,8,4,6576,15.1,345,14,0.0406,0,0.0,0.0,0.0,25.27
2024-10-16,2024-10,fitcommerce.com/blog/home-gym-setup-guide,Informational,8,4,6576,13.5,375,22,0.0587,0,0.0,0.0,0.0,25.27
2024-10-17,2024-10,fitcommerce.com/blog/home-gym-setup-guide,Informational,8,4,6576,17.1,344,19,0.0552,0,0.0,0.0,0.0,25.27
2024-10-18,2024-10,fitcommerce.com/blog/home-gym-setup-guide,Informational,8,4,6576,10.1,368,7,0.019,0,0.0,0.0,0.0,25.27
2024-10-19,2024-10,fitcommerce.com/blog/home-gym-setup-guide,Informational,8,4,6576,10.1,381,8,0.021,0,0.0,0.0,0.0,25.27
2024-10-20,2024-10,fitcommerce.com/blog/home-gym-setup-guide,Informational,8,4,6576,14.1,337,12,0.0356,0,0.0,0.0,0.0,25.27
2024-10-21,2024-10,fitcommerce.com/blog/home-gym-setup-guide,Informational,8,4,6576,12.3,318,15,0.0472,1,87.7,5.85,6.67,25.27
2024-10-22,2024-10,fitcommerce.com/blog/home-gym-setup-guide,Informational,8,4,6576,12.1,377,12,0.0318,0,0.0,0.0,0.0,25.27
2024-10-23,2024-10,fitcommerce.com/blog/home-gym-setup-guide,Informational,8,4,6576,15.3,419,6,0.0143,0,0.0,0.0,0.0,25.27
2024-10-24,2024-10,fitcommerce.com/blog/home-gym-setup-guide,Informational,8,4,6576,11.7,401,9,0.0224,0,0.0,0.0,0.0,25.27
2024-10-25,2024-10,fitcommerce.com/blog/home-gym-setup-guide,Informational,8,4,6576,8.5,391,17,0.0435,1,107.37,6.32,5.88,25.27
2024-10-26,2024-10,fitcommerce.com/blog/home-gym-setup-guide,Informational,8,4,6576,12.0,367,27,0.0736,3,293.78,10.88,11.11,25.27
2024-10-27,2024-10,fitcommerce.com/blog/home-gym-setup-guide,Informational,8,4,6576,13.4,316,9,0.0285,3,278.65,30.96,33.33,25.27
2024-10-28,2024-10,fitcommerce.com/blog/home-gym-setup-guide,Informational,8,4,6576,12.3,333,12,0.036,1,101.41,8.45,8.33,25.27
2024-10-29,2024-10,fitcommerce.com/blog/home-gym-setup-guide,Informational,8,4,6576,14.8,414,22,0.0531,0,0.0,0.0,0.0,25.27
2024-10-30,2024-10,fitcommerce.com/blog/home-gym-setup-guide,Informational,8,4,6576,10.5,365,9,0.0247,1,81.02,9.0,11.11,25.27
2024-10-31,2024-10,fitcommerce.com/blog/home-gym-setup-guide,Informational,8,4,6576,13.0,327,15,0.0459,0,0.0,0.0,0.0,25.27
2024-11-01,2024-11,fitcommerce.com/blog/home-gym-setup-guide,Informational,8,4,6576,13.7,392,23,0.0587,1,81.96,3.56,4.35,13.64
2024-11-02,2024-11,fitcommerce.com/blog/home-gym-setup-guide,Informational,8,4,6576,9.0,387,19,0.0491,2,177.95,9.37,10.53,13.64
2024-11-03,2024-11,fitcommerce.com/blog/home-gym-setup-guide,Informational,8,4,6576,5.9,424,25,0.059,1,107.56,4.3,4.0,13.64
2024-11-04,2024-11,fitcommerce.com/blog/home-gym-setup-guide,Informational,8,4,6576,16.1,426,23,0.054,0,0.0,0.0,0.0,13.64
2024-11-05,2024-11,fitcommerce.com/blog/home-gym-setup-guide,Informational,8,4,6576,11.2,425,23,0.0541,0,0.0,0.0,0.0,13.64
2024-11-06,2024-11,fitcommerce.com/blog/home-gym-setup-guide,Informational,8,4,6576,11.3,347,11,0.0317,0,0.0,0.0,0.0,13.64
2024-11-07,2024-11,fitcommerce.com/blog/home-gym-setup-guide,Informational,8,4,6576,14.1,366,7,0.0191,0,0.0,0.0,0.0,13.64
2024-11-08,2024-11,fitcommerce.com/blog/home-gym-setup-guide,Informational,8,4,6576,18.8,370,21,0.0568,0,0.0,0.0,0.0,13.64
2024-11-09,2024-11,fitcommerce.com/blog/home-gym-setup-guide,Informational,8,4,6576,12.0,369,22,0.0596,1,80.57,3.66,4.55,13.64
2024-11-10,2024-11,fitcommerce.com/blog/home-gym-setup-guide,Informational,8,4,6576,16.3,394,11,0.0279,0,0.0,0.0,0.0,13.64
2024-11-11,2024-11,fitcommerce.com/blog/home-gym-setup-guide,Informational,8,4,6576,11.2,433,23,0.0531,3,304.3,13.23,13.04,13.64
2024-11-12,2024-11,fitcommerce.com/blog/home-gym-setup-guide,Informational,8,4,6576,13.1,389,10,0.0257,0,0.0,0.0,0.0,13.64
2024-11-13,2024-11,fitcommerce.com/blog/home-gym-setup-guide,Informational,8,4,6576,10.1,417,15,0.036,0,0.0,0.0,0.0,13.64
2024-11-14,2024-11,fitcommerce.com/blog/home-gym-setup-guide,Informational,8,4,6576,10.9,435,17,0.0391,0,0.0,0.0,0.0,13.64
2024-11-15,2024-11,fitcommerce.com/blog/home-gym-setup-guide,Informational,8,4,6576,10.0,394,22,0.0558,1,96.23,4.37,4.55,13.64
2024-11-16,2024-11,fitcommerce.com/blog/home-gym-setup-guide,Informational,8,4,6576,17.8,424,12,0.0283,0,0.0,0.0,0.0,13.64
2024-11-17,2024-11,fitcommerce.com/blog/home-gym-setup-guide,Informational,8,4,6576,15.7,435,25,0.0575,0,0.0,0.0,0.0,13.64
2024-11-18,2024-11,fitcommerce.com/blog/home-gym-setup-guide,Informational,8,4,6576,14.1,436,12,0.0275,0,0.0,0.0,0.0,13.64
2024-11-19,2024-11,fitcommerce.com/blog/home-gym-setup-guide,Informational,8,4,6576,8.9,383,18,0.047,1,91.4,5.08,5.56,13.64
2024-11-20,2024-11,fitcommerce.com/blog/home-gym-setup-guide,Informational,8,4,6576,11.5,370,8,0.0216,1,83.8,10.48,12.5,13.64
2024-11-21,2024-11,fitcommerce.com/blog/home-gym-setup-guide,Informational,8,4,6576,12.2,434,26,0.0599,1,97.43,3.75,3.85,13.64
2024-11-22,2024-11,fitcommerce.com/blog/home-gym-setup-guide,Informational,8,4,6576,11.5,384,10,0.026,1,92.57,9.26,10.0,13.64
2024-11-23,2024-11,fitcommerce.com/blog/home-gym-setup-guide,Informational,8,4,6576,8.7,354,22,0.0621,0,0.0,0.0,0.0,13.64
2024-11-24,2024-11,fitcommerce.com/blog/home-gym-setup-guide,Informational,8,4,6576,17.4,438,26,0.0594,1,83.12,3.2,3.85,13.64
2024-11-25,2024-11,fitcommerce.com/blog/home-gym-setup-guide,Informational,8,4,6576,18.6,358,13,0.0363,0,0.0,0.0,0.0,13.64
2024-11-26,2024-11,fitcommerce.com/blog/home-gym-setup-guide,Informational,8,4,6576,8.0,394,14,0.0355,0,0.0,0.0,0.0,13.64
2024-11-27,2024-11,fitcommerce.com/blog/home-gym-setup-guide,Informational,8,4,6576,9.8,447,14,0.0313,1,86.66,6.19,7.14,13.64
2024-11-28,2024-11,fitcommerce.com/blog/home-gym-setup-guide,Informational,8,4,6576,13.0,337,9,0.0267,0,0.0,0.0,0.0,13.64
2024-11-29,2024-11,fitcommerce.com/blog/home-gym-setup-guide,Informational,8,4,6576,13.9,419,13,0.031,0,0.0,0.0,0.0,13.64
2024-11-30,2024-11,fitcommerce.com/blog/home-gym-setup-guide,Informational,8,4,6576,9.0,385,24,0.0623,0,0.0,0.0,0.0,13.64
2024-12-01,2024-12,fitcommerce.com/blog/home-gym-setup-guide,Informational,8,4,6576,10.2,449,10,0.0223,1,90.56,9.06,10.0,36.35
2024-12-02,2024-12,fitcommerce.com/blog/home-gym-setup-guide,Informational,8,4,6576,8.1,349,9,0.0258,1,89.75,9.97,11.11,36.35
2024-12-03,2024-12,fitcommerce.com/blog/home-gym-setup-guide,Informational,8,4,6576,10.2,452,24,0.0531,0,0.0,0.0,0.0,36.35
2024-12-04,2024-12,fitcommerce.com/blog/home-gym-setup-guide,Informational,8,4,6576,15.2,345,6,0.0174,0,0.0,0.0,0.0,36.35
2024-12-05,2024-12,fitcommerce.com/blog/home-gym-setup-guide,Informational,8,4,6576,12.9,370,7,0.0189,0,0.0,0.0,0.0,36.35
2024-12-06,2024-12,fitcommerce.com/blog/home-gym-setup-guide,Informational,8,4,6576,9.1,413,16,0.0387,0,0.0,0.0,0.0,36.35
2024-12-07,2024-12,fitcommerce.com/blog/home-gym-setup-guide,Informational,8,4,6576,13.3,381,8,0.021,1,102.61,12.83,12.5,36.35
2024-12-08,2024-12,fitcommerce.com/blog/home-gym-setup-guide,Informational,8,4,6576,8.5,427,19,0.0445,1,96.39,5.07,5.26,36.35
2024-12-09,2024-12,fitcommerce.com/blog/home-gym-setup-guide,Informational,8,4,6576,15.2,391,21,0.0537,1,97.44,4.64,4.76,36.35
2024-12-10,2024-12,fitcommerce.com/blog/home-gym-setup-guide,Informational,8,4,6576,14.9,396,13,0.0328,1,101.17,7.78,7.69,36.35
2024-12-11,2024-12,fitcommerce.com/blog/home-gym-setup-guide,Informational,8,4,6576,12.5,357,6,0.0168,0,0.0,0.0,0.0,36.35
2024-12-12,2024-12,fitcommerce.com/blog/home-gym-setup-guide,Informational,8,4,6576,8.4,451,16,0.0355,0,0.0,0.0,0.0,36.35
2024-12-13,2024-12,fitcommerce.com/blog/home-gym-setup-guide,Informational,8,4,6576,10.6,465,35,0.0753,1,102.95,2.94,2.86,36.35
2024-12-14,2024-12,fitcommerce.com/blog/home-gym-setup-guide,Informational,8,4,6576,11.8,419,22,0.0525,2,209.34,9.52,9.09,36.35
2024-12-15,2024-12,fitcommerce.com/blog/home-gym-setup-guide,Informational,8,4,6576,21.2,473,20,0.0423,1,106.56,5.33,5.0,36.35
2024-12-16,2024-12,fitcommerce.com/blog/home-gym-setup-guide,Informational,8,4,6576,13.9,453,23,0.0508,0,0.0,0.0,0.0,36.35
2024-12-17,2024-12,fitcommerce.com/blog/home-gym-setup-guide,Informational,8,4,6576,13.7,430,22,0.0512,1,93.11,4.23,4.55,36.35
2024-12-18,2024-12,fitcommerce.com/blog/home-gym-setup-guide,Informational,8,4,6576,15.0,374,12,0.0321,1,97.74,8.14,8.33,36.35
2024-12-19,2024-12,fitcommerce.com/blog/home-gym-setup-guide,Informational,8,4,6576,15.2,357,14,0.0392,1,100.15,7.15,7.14,36.35
2024-12-20,2024-12,fitcommerce.com/blog/home-gym-setup-guide,Informational,8,4,6576,13.8,399,19,0.0476,1,89.59,4.72,5.26,36.35
2024-12-21,2024-12,fitcommerce.com/blog/home-gym-setup-guide,Informational,8,4,6576,10.9,454,28,0.0617,0,0.0,0.0,0.0,36.35
2024-12-22,2024-12,fitcommerce.com/blog/home-gym-setup-guide,Informational,8,4,6576,8.0,446,10,0.0224,0,0.0,0.0,0.0,36.35
2024-12-23,2024-12,fitcommerce.com/blog/home-gym-setup-guide,Informational,8,4,6576,15.5,363,17,0.0468,0,0.0,0.0,0.0,36.35
2024-12-24,2024-12,fitcommerce.com/blog/home-gym-setup-guide,Informational,8,4,6576,15.2,443,14,0.0316,2,198.47,14.18,14.29,36.35
2024-12-25,2024-12,fitcommerce.com/blog/home-gym-setup-guide,Informational,8,4,6576,6.5,433,20,0.0462,1,83.16,4.16,5.0,36.35
2024-12-26,2024-12,fitcommerce.com/blog/home-gym-setup-guide,Informational,8,4,6576,10.2,397,11,0.0277,2,164.17,14.92,18.18,36.35
2024-12-27,2024-12,fitcommerce.com/blog/home-gym-setup-guide,Informational,8,4,6576,14.1,373,11,0.0295,2,216.15,19.65,18.18,36.35
2024-12-28,2024-12,fitcommerce.com/blog/home-gym-setup-guide,Informational,8,4,6576,10.1,404,23,0.0569,2,211.11,9.18,8.7,36.35
2024-12-29,2024-12,fitcommerce.com/blog/home-gym-setup-guide,Informational,8,4,6576,11.8,437,24,0.0549,0,0.0,0.0,0.0,36.35
2024-12-30,2024-12,fitcommerce.com/blog/home-gym-setup-guide,Informational,8,4,6576,12.9,406,12,0.0296,0,0.0,0.0,0.0,36.35
2024-12-31,2024-12,fitcommerce.com/blog/home-gym-setup-guide,Informational,8,4,6576,10.1,457,16,0.035,0,0.0,0.0,0.0,36.35
2025-01-01,2025-01,fitcommerce.com/blog/home-gym-setup-guide,Informational,8,4,6576,17.5,475,22,0.0463,0,0.0,0.0,0.0,2.94
2025-01-02,2025-01,fitcommerce.com/blog/home-gym-setup-guide,Informational,8,4,6576,7.4,446,14,0.0314,2,183.71,13.12,14.29,2.94
2025-01-03,2025-01,fitcommerce.com/blog/home-gym-setup-guide,Informational,8,4,6576,10.0,397,15,0.0378,0,0.0,0.0,0.0,2.94
2025-01-04,2025-01,fitcommerce.com/blog/home-gym-setup-guide,Informational,8,4,6576,9.6,439,8,0.0182,2,180.99,22.62,25.0,2.94
2025-01-05,2025-01,fitcommerce.com/blog/home-gym-setup-guide,Informational,8,4,6576,16.1,381,15,0.0394,1,96.35,6.42,6.67,2.94
2025-01-06,2025-01,fitcommerce.com/blog/home-gym-setup-guide,Informational,8,4,6576,14.2,440,28,0.0636,0,0.0,0.0,0.0,2.94
2025-01-07,2025-01,fitcommerce.com/blog/home-gym-setup-guide,Informational,8,4,6576,18.7,493,32,0.0649,1,99.16,3.1,3.12,2.94
2025-01-08,2025-01,fitcommerce.com/blog/home-gym-setup-guide,Informational,8,4,6576,12.2,412,15,0.0364,1,88.13,5.88,6.67,2.94
2025-01-09,2025-01,fitcommerce.com/blog/home-gym-setup-guide,Informational,8,4,6576,19.0,386,11,0.0285,1,103.43,9.4,9.09,2.94
2025-01-10,2025-01,fitcommerce.com/blog/home-gym-setup-guide,Informational,8,4,6576,14.7,491,25,0.0509,0,0.0,0.0,0.0,2.94
2025-01-11,2025-01,fitcommerce.com/blog/home-gym-setup-guide,Informational,8,4,6576,6.6,434,18,0.0415,0,0.0,0.0,0.0,2.94
2025-01-12,2025-01,fitcommerce.com/blog/home-gym-setup-guide,Informational,8,4,6576,12.5,441,14,0.0317,1,100.9,7.21,7.14,2.94
2025-01-13,2025-01,fitcommerce.com/blog/home-gym-setup-guide,Informational,8,4,6576,6.2,492,22,0.0447,2,213.93,9.72,9.09,2.94
2025-01-14,2025-01,fitcommerce.com/blog/home-gym-setup-guide,Informational,8,4,6576,15.3,492,16,0.0325,0,0.0,0.0,0.0,2.94
2025-01-15,2025-01,fitcommerce.com/blog/home-gym-setup-guide,Informational,8,4,6576,10.8,385,14,0.0364,0,0.0,0.0,0.0,2.94
2025-01-16,2025-01,fitcommerce.com/blog/home-gym-setup-guide,Informational,8,4,6576,11.2,455,19,0.0418,1,96.84,5.1,5.26,2.94
2025-01-17,2025-01,fitcommerce.com/blog/home-gym-setup-guide,Informational,8,4,6576,8.1,448,26,0.058,0,0.0,0.0,0.0,2.94
2025-01-18,2025-01,fitcommerce.com/blog/home-gym-setup-guide,Informational,8,4,6576,9.0,499,21,0.0421,1,99.76,4.75,4.76,2.94
2025-01-19,2025-01,fitcommerce.com/blog/home-gym-setup-guide,Informational,8,4,6576,9.5,434,15,0.0346,1,97.46,6.5,6.67,2.94
2025-01-20,2025-01,fitcommerce.com/blog/home-gym-setup-guide,Informational,8,4,6576,13.1,427,18,0.0422,1,99.44,5.52,5.56,2.94
2025-01-21,2025-01,fitcommerce.com/blog/home-gym-setup-guide,Informational,8,4,6576,13.2,449,25,0.0557,1,104.82,4.19,4.0,2.94
2025-01-22,2025-01,fitcommerce.com/blog/home-gym-setup-guide,Informational,8,4,6576,14.8,388,19,0.049,0,0.0,0.0,0.0,2.94
2025-01-23,2025-01,fitcommerce.com/blog/home-gym-setup-guide,Informational,8,4,6576,12.5,519,29,0.0559,0,0.0,0.0,0.0,2.94
2025-01-24,2025-01,fitcommerce.com/blog/home-gym-setup-guide,Informational,8,4,6576,7.1,399,12,0.0301,0,0.0,0.0,0.0,2.94
2025-01-25,2025-01,fitcommerce.com/blog/home-gym-setup-guide,Informational,8,4,6576,5.8,430,18,0.0419,0,0.0,0.0,0.0,2.94
2025-01-26,2025-01,fitcommerce.com/blog/home-gym-setup-guide,Informational,8,4,6576,8.6,475,11,0.0232,0,0.0,0.0,0.0,2.94
2025-01-27,2025-01,fitcommerce.com/blog/home-gym-setup-guide,Informational,8,4,6576,9.9,512,10,0.0195,1,104.48,10.45,10.0,2.94
2025-01-28,2025-01,fitcommerce.com/blog/home-gym-setup-guide,Informational,8,4,6576,8.4,467,16,0.0343,2,199.06,12.44,12.5,2.94
2025-01-29,2025-01,fitcommerce.com/blog/home-gym-setup-guide,Informational,8,4,6576,16.3,457,14,0.0306,1,93.26,6.66,7.14,2.94
2025-01-30,2025-01,fitcommerce.com/blog/home-gym-setup-guide,Informational,8,4,6576,9.6,483,27,0.0559,0,0.0,0.0,0.0,2.94
2025-01-31,2025-01,fitcommerce.com/blog/home-gym-setup-guide,Informational,8,4,6576,11.7,527,37,0.0702,1,90.04,2.43,2.7,2.94
2025-02-01,2025-02,fitcommerce.com/blog/home-gym-setup-guide,Informational,8,4,6576,14.3,525,18,0.0343,1,86.94,4.83,5.56,-3.77
2025-02-02,2025-02,fitcommerce.com/blog/home-gym-setup-guide,Informational,8,4,6576,13.1,507,21,0.0414,1,88.79,4.23,4.76,-3.77
2025-02-03,2025-02,fitcommerce.com/blog/home-gym-setup-guide,Informational,8,4,6576,11.5,433,13,0.03,0,0.0,0.0,0.0,-3.77
2025-02-04,2025-02,fitcommerce.com/blog/home-gym-setup-guide,Informational,8,4,6576,12.9,470,22,0.0468,2,194.87,8.86,9.09,-3.77
2025-02-05,2025-02,fitcommerce.com/blog/home-gym-setup-guide,Informational,8,4,6576,5.9,445,29,0.0652,1,106.87,3.69,3.45,-3.77
2025-02-06,2025-02,fitcommerce.com/blog/home-gym-setup-guide,Informational,8,4,6576,8.7,504,36,0.0714,1,87.76,2.44,2.78,-3.77
2025-02-07,2025-02,fitcommerce.com/blog/home-gym-setup-guide,Informational,8,4,6576,15.5,432,26,0.0602,0,0.0,0.0,0.0,-3.77
2025-02-08,2025-02,fitcommerce.com/blog/home-gym-setup-guide,Informational,8,4,6576,12.7,427,26,0.0609,2,194.53,7.48,7.69,-3.77
2025-02-09,2025-02,fitcommerce.com/blog/home-gym-setup-guide,Informational,8,4,6576,10.4,528,14,0.0265,1,98.34,7.02,7.14,-3.77
2025-02-10,2025-02,fitcommerce.com/blog/home-gym-setup-guide,Informational,8,4,6576,8.5,509,27,0.053,1,83.83,3.1,3.7,-3.77
2025-02-11,2025-02,fitcommerce.com/blog/home-gym-setup-guide,Informational,8,4,6576,8.3,479,26,0.0543,0,0.0,0.0,0.0,-3.77
2025-02-12,2025-02,fitcommerce.com/blog/home-gym-setup-guide,Informational,8,4,6576,11.3,489,14,0.0286,0,0.0,0.0,0.0,-3.77
2025-02-13,2025-02,fitcommerce.com/blog/home-gym-setup-guide,Informational,8,4,6576,9.8,472,8,0.0169,1,91.54,11.44,12.5,-3.77
2025-02-14,2025-02,fitcommerce.com/blog/home-gym-setup-guide,Informational,8,4,6576,17.2,530,23,0.0434,0,0.0,0.0,0.0,-3.77
2025-02-15,2025-02,fitcommerce.com/blog/home-gym-setup-guide,Informational,8,4,6576,11.9,495,13,0.0263,1,89.35,6.87,7.69,-3.77
2025-02-16,2025-02,fitcommerce.com/blog/home-gym-setup-guide,Informational,8,4,6576,12.6,506,15,0.0296,1,89.66,5.98,6.67,-3.77
2025-02-17,2025-02,fitcommerce.com/blog/home-gym-setup-guide,Informational,8,4,6576,17.1,531,13,0.0245,1,85.52,6.58,7.69,-3.77
2025-02-18,2025-02,fitcommerce.com/blog/home-gym-setup-guide,Informational,8,4,6576,10.4,463,25,0.054,1,104.26,4.17,4.0,-3.77
2025-02-19,2025-02,fitcommerce.com/blog/home-gym-setup-guide,Informational,8,4,6576,8.8,463,22,0.0475,1,86.56,3.93,4.55,-3.77
2025-02-20,2025-02,fitcommerce.com/blog/home-gym-setup-guide,Informational,8,4,6576,13.2,418,12,0.0287,2,172.5,14.38,16.67,-3.77
2025-02-21,2025-02,fitcommerce.com/blog/home-gym-setup-guide,Informational,8,4,6576,11.3,491,27,0.055,0,0.0,0.0,0.0,-3.77
2025-02-22,2025-02,fitcommerce.com/blog/home-gym-setup-guide,Informational,8,4,6576,19.5,550,34,0.0618,0,0.0,0.0,0.0,-3.77
2025-02-23,2025-02,fitcommerce.com/blog/home-gym-setup-guide,Informational,8,4,6576,11.4,419,19,0.0453,0,0.0,0.0,0.0,-3.77
2025-02-24,2025-02,fitcommerce.com/blog/home-gym-setup-guide,Informational,8,4,6576,12.4,453,16,0.0353,1,101.41,6.34,6.25,-3.77
2025-02-25,2025-02,fitcommerce.com/blog/home-gym-setup-guide,Informational,8,4,6576,12.3,433,27,0.0624,1,90.04,3.33,3.7,-3.77
2025-02-26,2025-02,fitcommerce.com/blog/home-gym-setup-guide,Informational,8,4,6576,12.4,456,18,0.0395,1,95.82,5.32,5.56,-3.77
2025-02-27,2025-02,fitcommerce.com/blog/home-gym-setup-guide,Informational,8,4,6576,10.6,550,21,0.0382,1,94.56,4.5,4.76,-3.77
2025-02-28,2025-02,fitcommerce.com/blog/home-gym-setup-guide,Informational,8,4,6576,6.1,453,19,0.0419,1,105.62,5.56,5.26,-3.77
2025-03-01,2025-03,fitcommerce.com/blog/home-gym-setup-guide,Informational,8,4,6576,11.0,540,18,0.0333,2,197.33,10.96,11.11,5.24
2025-03-02,2025-03,fitcommerce.com/blog/home-gym-setup-guide,Informational,8,4,6576,12.7,518,25,0.0483,1,108.79,4.35,4.0,5.24
2025-03-03,2025-03,fitcommerce.com/blog/home-gym-setup-guide,Informational,8,4,6576,15.7,545,12,0.022,0,0.0,0.0,0.0,5.24
2025-03-04,2025-03,fitcommerce.com/blog/home-gym-setup-guide,Informational,8,4,6576,12.2,451,26,0.0576,0,0.0,0.0,0.0,5.24
2025-03-05,2025-03,fitcommerce.com/blog/home-gym-setup-guide,Informational,8,4,6576,9.4,448,21,0.0469,1,103.15,4.91,4.76,5.24
2025-03-06,2025-03,fitcommerce.com/blog/home-gym-setup-guide,Informational,8,4,6576,11.7,473,24,0.0507,0,0.0,0.0,0.0,5.24
2025-03-07,2025-03,fitcommerce.com/blog/home-gym-setup-guide,Informational,8,4,6576,13.5,481,17,0.0353,0,0.0,0.0,0.0,5.24
2025-03-08,2025-03,fitcommerce.com/blog/home-gym-setup-guide,Informational,8,4,6576,11.5,548,12,0.0219,1,91.18,7.6,8.33,5.24
2025-03-09,2025-03,fitcommerce.com/blog/home-gym-setup-guide,Informational,8,4,6576,9.5,561,26,0.0463,1,94.23,3.62,3.85,5.24
2025-03-10,2025-03,fitcommerce.com/blog/home-gym-setup-guide,Informational,8,4,6576,14.8,495,36,0.0727,1,88.03,2.45,2.78,5.24
2025-03-11,2025-03,fitcommerce.com/blog/home-gym-setup-guide,Informational,8,4,6576,9.3,446,10,0.0224,0,0.0,0.0,0.0,5.24
2025-03-12,2025-03,fitcommerce.com/blog/home-gym-setup-guide,Informational,8,4,6576,14.6,427,24,0.0562,2,194.86,8.12,8.33,5.24
2025-03-13,2025-03,fitcommerce.com/blog/home-gym-setup-guide,Informational,8,4,6576,13.9,426,12,0.0282,2,179.62,14.97,16.67,5.24
2025-03-14,2025-03,fitcommerce.com/blog/home-gym-setup-guide,Informational,8,4,6576,11.1,557,23,0.0413,4,335.19,14.57,17.39,5.24
2025-03-15,2025-03,fitcommerce.com/blog/home-gym-setup-guide,Informational,8,4,6576,11.2,509,13,0.0255,2,213.84,16.45,15.38,5.24
2025-03-16,2025-03,fitcommerce.com/blog/home-gym-setup-guide,Informational,8,4,6576,7.3,500,8,0.016,0,0.0,0.0,0.0,5.24
2025-03-17,2025-03,fitcommerce.com/blog/home-gym-setup-guide,Informational,8,4,6576,16.2,483,23,0.0476,1,90.03,3.91,4.35,5.24
2025-03-18,2025-03,fitcommerce.com/blog/home-gym-setup-guide,Informational,8,4,6576,5.4,561,17,0.0303,0,0.0,0.0,0.0,5.24
2025-03-19,2025-03,fitcommerce.com/blog/home-gym-setup-guide,Informational,8,4,6576,10.6,501,24,0.0479,1,108.11,4.5,4.17,5.24
2025-03-20,2025-03,fitcommerce.com/blog/home-gym-setup-guide,Informational,8,4,6576,11.4,433,17,0.0393,0,0.0,0.0,0.0,5.24
2025-03-21,2025-03,fitcommerce.com/blog/home-gym-setup-guide,Informational,8,4,6576,11.3,556,27,0.0486,0,0.0,0.0,0.0,5.24
2025-03-22,2025-03,fitcommerce.com/blog/home-gym-setup-guide,Informational,8,4,6576,3.7,435,33,0.0759,1,91.92,2.79,3.03,5.24
2025-03-23,2025-03,fitcommerce.com/blog/home-gym-setup-guide,Informational,8,4,6576,15.3,457,10,0.0219,2,211.82,21.18,20.0,5.24
2025-03-24,2025-03,fitcommerce.com/blog/home-gym-setup-guide,Informational,8,4,6576,15.2,559,31,0.0555,1,98.69,3.18,3.23,5.24
2025-03-25,2025-03,fitcommerce.com/blog/home-gym-setup-guide,Informational,8,4,6576,18.0,523,28,0.0535,2,215.95,7.71,7.14,5.24
2025-03-26,2025-03,fitcommerce.com/blog/home-gym-setup-guide,Informational,8,4,6576,10.4,515,28,0.0544,1,87.36,3.12,3.57,5.24
2025-03-27,2025-03,fitcommerce.com/blog/home-gym-setup-guide,Informational,8,4,6576,9.9,541,28,0.0518,1,107.59,3.84,3.57,5.24
2025-03-28,2025-03,fitcommerce.com/blog/home-gym-setup-guide,Informational,8,4,6576,17.2,468,9,0.0192,1,100.33,11.15,11.11,5.24
2025-03-29,2025-03,fitcommerce.com/blog/home-gym-setup-guide,Informational,8,4,6576,7.6,522,33,0.0632,1,82.59,2.5,3.03,5.24
2025-03-30,2025-03,fitcommerce.com/blog/home-gym-setup-guide,Informational,8,4,6576,10.1,443,23,0.0519,2,182.49,7.93,8.7,5.24
2025-03-31,2025-03,fitcommerce.com/blog/home-gym-setup-guide,Informational,8,4,6576,11.0,526,28,0.0532,0,0.0,0.0,0.0,5.24
2025-04-01,2025-04,fitcommerce.com/blog/home-gym-setup-guide,Informational,8,4,6576,14.5,476,35,0.0735,1,101.1,2.89,2.86,-5.74
2025-04-02,2025-04,fitcommerce.com/blog/home-gym-setup-guide,Informational,8,4,6576,5.3,458,8,0.0175,1,104.16,13.02,12.5,-5.74
2025-04-03,2025-04,fitcommerce.com/blog/home-gym-setup-guide,Informational,8,4,6576,14.2,570,22,0.0386,0,0.0,0.0,0.0,-5.74
2025-04-04,2025-04,fitcommerce.com/blog/home-gym-setup-guide,Informational,8,4,6576,15.8,578,41,0.0709,0,0.0,0.0,0.0,-5.74
2025-04-05,2025-04,fitcommerce.com/blog/home-gym-setup-guide,Informational,8,4,6576,11.6,462,26,0.0563,1,97.27,3.74,3.85,-5.74
2025-04-06,2025-04,fitcommerce.com/blog/home-gym-setup-guide,Informational,8,4,6576,12.7,479,28,0.0585,0,0.0,0.0,0.0,-5.74
2025-04-07,2025-04,fitcommerce.com/blog/home-gym-setup-guide,Informational,8,4,6576,8.1,448,27,0.0603,0,0.0,0.0,0.0,-5.74
2025-04-08,2025-04,fitcommerce.com/blog/home-gym-setup-guide,Informational,8,4,6576,14.4,470,14,0.0298,3,243.57,17.4,21.43,-5.74
2025-04-09,2025-04,fitcommerce.com/blog/home-gym-setup-guide,Informational,8,4,6576,14.0,512,18,0.0352,2,167.79,9.32,11.11,-5.74
2025-04-10,2025-04,fitcommerce.com/blog/home-gym-setup-guide,Informational,8,4,6576,10.2,521,20,0.0384,3,273.99,13.7,15.0,-5.74
2025-04-11,2025-04,fitcommerce.com/blog/home-gym-setup-guide,Informational,8,4,6576,15.3,459,23,0.0501,0,0.0,0.0,0.0,-5.74
2025-04-12,2025-04,fitcommerce.com/blog/home-gym-setup-guide,Informational,8,4,6576,9.3,465,14,0.0301,2,166.27,11.88,14.29,-5.74
2025-04-13,2025-04,fitcommerce.com/blog/home-gym-setup-guide,Informational,8,4,6576,14.4,449,21,0.0468,0,0.0,0.0,0.0,-5.74
2025-04-14,2025-04,fitcommerce.com/blog/home-gym-setup-guide,Informational,8,4,6576,9.8,470,17,0.0362,0,0.0,0.0,0.0,-5.74
2025-04-15,2025-04,fitcommerce.com/blog/home-gym-setup-guide,Informational,8,4,6576,12.8,469,16,0.0341,3,285.06,17.82,18.75,-5.74
2025-04-16,2025-04,fitcommerce.com/blog/home-gym-setup-guide,Informational,8,4,6576,10.2,584,37,0.0634,2,208.03,5.62,5.41,-5.74
2025-04-17,2025-04,fitcommerce.com/blog/home-gym-setup-guide,Informational,8,4,6576,12.3,571,15,0.0263,0,0.0,0.0,0.0,-5.74
2025-04-18,2025-04,fitcommerce.com/blog/home-gym-setup-guide,Informational,8,4,6576,14.8,538,23,0.0428,1,82.12,3.57,4.35,-5.74
2025-04-19,2025-04,fitcommerce.com/blog/home-gym-setup-guide,Informational,8,4,6576,14.0,470,10,0.0213,1,105.05,10.5,10.0,-5.74
2025-04-20,2025-04,fitcommerce.com/blog/home-gym-setup-guide,Informational,8,4,6576,5.8,475,13,0.0274,1,99.91,7.69,7.69,-5.74
2025-04-21,2025-04,fitcommerce.com/blog/home-gym-setup-guide,Informational,8,4,6576,13.6,564,16,0.0284,0,0.0,0.0,0.0,-5.74
2025-04-22,2025-04,fitcommerce.com/blog/home-gym-setup-guide,Informational,8,4,6576,8.6,439,15,0.0342,2,206.72,13.78,13.33,-5.74
2025-04-23,2025-04,fitcommerce.com/blog/home-gym-setup-guide,Informational,8,4,6576,11.2,529,26,0.0491,1,94.63,3.64,3.85,-5.74
2025-04-24,2025-04,fitcommerce.com/blog/home-gym-setup-guide,Informational,8,4,6576,12.0,525,35,0.0667,1,105.7,3.02,2.86,-5.74
2025-04-25,2025-04,fitcommerce.com/blog/home-gym-setup-guide,Informational,8,4,6576,11.9,582,24,0.0412,1,108.26,4.51,4.17,-5.74
2025-04-26,2025-04,fitcommerce.com/blog/home-gym-setup-guide,Informational,8,4,6576,8.3,559,36,0.0644,0,0.0,0.0,0.0,-5.74
2025-04-27,2025-04,fitcommerce.com/blog/home-gym-setup-guide,Informational,8,4,6576,8.5,472,21,0.0445,0,0.0,0.0,0.0,-5.74
2025-04-28,2025-04,fitcommerce.com/blog/home-gym-setup-guide,Informational,8,4,6576,13.3,552,27,0.0489,1,84.84,3.14,3.7,-5.74
2025-04-29,2025-04,fitcommerce.com/blog/home-gym-setup-guide,Informational,8,4,6576,7.1,555,40,0.0721,0,0.0,0.0,0.0,-5.74
2025-04-30,2025-04,fitcommerce.com/blog/home-gym-setup-guide,Informational,8,4,6576,15.5,586,33,0.0563,1,100.13,3.03,3.03,-5.74
2025-05-01,2025-05,fitcommerce.com/blog/home-gym-setup-guide,Informational,8,4,6576,10.8,457,16,0.035,2,211.52,13.22,12.5,4.19
2025-05-02,2025-05,fitcommerce.com/blog/home-gym-setup-guide,Informational,8,4,6576,12.2,482,14,0.029,0,0.0,0.0,0.0,4.19
2025-05-03,2025-05,fitcommerce.com/blog/home-gym-setup-guide,Informational,8,4,6576,7.5,476,15,0.0315,1,86.68,5.78,6.67,4.19
2025-05-04,2025-05,fitcommerce.com/blog/home-gym-setup-guide,Informational,8,4,6576,15.8,538,12,0.0223,1,106.49,8.87,8.33,4.19
2025-05-05,2025-05,fitcommerce.com/blog/home-gym-setup-guide,Informational,8,4,6576,6.3,474,17,0.0359,0,0.0,0.0,0.0,4.19
2025-05-06,2025-05,fitcommerce.com/blog/home-gym-setup-guide,Informational,8,4,6576,12.4,442,18,0.0407,2,207.91,11.55,11.11,4.19
2025-05-07,2025-05,fitcommerce.com/blog/home-gym-setup-guide,Informational,8,4,6576,8.7,590,24,0.0407,0,0.0,0.0,0.0,4.19
2025-05-08,2025-05,fitcommerce.com/blog/home-gym-setup-guide,Informational,8,4,6576,9.3,585,35,0.0598,0,0.0,0.0,0.0,4.19
2025-05-09,2025-05,fitcommerce.com/blog/home-gym-setup-guide,Informational,8,4,6576,12.2,516,15,0.0291,2,190.97,12.73,13.33,4.19
2025-05-10,2025-05,fitcommerce.com/blog/home-gym-setup-guide,Informational,8,4,6576,16.3,502,14,0.0279,1,94.63,6.76,7.14,4.19
2025-05-11,2025-05,fitcommerce.com/blog/home-gym-setup-guide,Informational,8,4,6576,3.8,459,12,0.0261,1,101.99,8.5,8.33,4.19
2025-05-12,2025-05,fitcommerce.com/blog/home-gym-setup-guide,Informational,8,4,6576,11.3,588,13,0.0221,2,208.13,16.01,15.38,4.19
2025-05-13,2025-05,fitcommerce.com/blog/home-gym-setup-guide,Informational,8,4,6576,14.3,499,16,0.0321,0,0.0,0.0,0.0,4.19
2025-05-14,2025-05,fitcommerce.com/blog/home-gym-setup-guide,Informational,8,4,6576,14.3,483,33,0.0683,0,0.0,0.0,0.0,4.19
2025-05-15,2025-05,fitcommerce.com/blog/home-gym-setup-guide,Informational,8,4,6576,12.9,475,23,0.0484,1,80.69,3.51,4.35,4.19
2025-05-16,2025-05,fitcommerce.com/blog/home-gym-setup-guide,Informational,8,4,6576,10.3,556,20,0.036,0,0.0,0.0,0.0,4.19
2025-05-17,2025-05,fitcommerce.com/blog/home-gym-setup-guide,Informational,8,4,6576,13.9,445,19,0.0427,2,214.87,11.31,10.53,4.19
2025-05-18,2025-05,fitcommerce.com/blog/home-gym-setup-guide,Informational,8,4,6576,17.3,538,36,0.0669,1,90.6,2.52,2.78,4.19
2025-05-19,2025-05,fitcommerce.com/blog/home-gym-setup-guide,Informational,8,4,6576,9.6,451,17,0.0377,1,97.54,5.74,5.88,4.19
2025-05-20,2025-05,fitcommerce.com/blog/home-gym-setup-guide,Informational,8,4,6576,14.3,537,9,0.0168,2,175.93,19.55,22.22,4.19
2025-05-21,2025-05,fitcommerce.com/blog/home-gym-setup-guide,Informational,8,4,6576,13.3,563,22,0.0391,2,202.3,9.2,9.09,4.19
2025-05-22,2025-05,fitcommerce.com/blog/home-gym-setup-guide,Informational,8,4,6576,9.9,519,29,0.0559,1,86.13,2.97,3.45,4.19
2025-05-23,2025-05,fitcommerce.com/blog/home-gym-setup-guide,Informational,8,4,6576,9.4,559,32,0.0572,2,200.84,6.28,6.25,4.19
2025-05-24,2025-05,fitcommerce.com/blog/home-gym-setup-guide,Informational,8,4,6576,12.7,513,23,0.0448,2,216.96,9.43,8.7,4.19
2025-05-25,2025-05,fitcommerce.com/blog/home-gym-setup-guide,Informational,8,4,6576,9.7,455,25,0.0549,0,0.0,0.0,0.0,4.19
2025-05-26,2025-05,fitcommerce.com/blog/home-gym-setup-guide,Informational,8,4,6576,11.8,505,32,0.0634,1,93.9,2.93,3.12,4.19
2025-05-27,2025-05,fitcommerce.com/blog/home-gym-setup-guide,Informational,8,4,6576,11.4,501,11,0.022,2,168.12,15.28,18.18,4.19
2025-05-28,2025-05,fitcommerce.com/blog/home-gym-setup-guide,Informational,8,4,6576,5.7,470,13,0.0277,0,0.0,0.0,0.0,4.19
2025-05-29,2025-05,fitcommerce.com/blog/home-gym-setup-guide,Informational,8,4,6576,14.3,569,15,0.0264,3,299.16,19.94,20.0,4.19
2025-05-30,2025-05,fitcommerce.com/blog/home-gym-setup-guide,Informational,8,4,6576,9.7,526,16,0.0304,0,0.0,0.0,0.0,4.19
2025-05-31,2025-05,fitcommerce.com/blog/home-gym-setup-guide,Informational,8,4,6576,15.4,563,14,0.0249,0,0.0,0.0,0.0,4.19
2025-06-01,2025-06,fitcommerce.com/blog/home-gym-setup-guide,Informational,8,4,6576,14.2,445,12,0.027,1,99.13,8.26,8.33,-11.06
2025-06-02,2025-06,fitcommerce.com/blog/home-gym-setup-guide,Informational,8,4,6576,3.5,568,43,0.0757,3,280.86,6.53,6.98,-11.06
2025-06-03,2025-06,fitcommerce.com/blog/home-gym-setup-guide,Informational,8,4,6576,9.5,578,40,0.0692,2,208.69,5.22,5.0,-11.06
2025-06-04,2025-06,fitcommerce.com/blog/home-gym-setup-guide,Informational,8,4,6576,11.6,491,24,0.0489,0,0.0,0.0,0.0,-11.06
2025-06-05,2025-06,fitcommerce.com/blog/home-gym-setup-guide,Informational,8,4,6576,6.6,471,27,0.0573,0,0.0,0.0,0.0,-11.06
2025-06-06,2025-06,fitcommerce.com/blog/home-gym-setup-guide,Informational,8,4,6576,11.2,512,34,0.0664,0,0.0,0.0,0.0,-11.06
2025-06-07,2025-06,fitcommerce.com/blog/home-gym-setup-guide,Informational,8,4,6576,10.2,549,16,0.0291,1,84.01,5.25,6.25,-11.06
2025-06-08,2025-06,fitcommerce.com/blog/home-gym-setup-guide,Informational,8,4,6576,10.3,556,16,0.0288,1,80.95,5.06,6.25,-11.06
2025-06-09,2025-06,fitcommerce.com/blog/home-gym-setup-guide,Informational,8,4,6576,9.0,573,17,0.0297,1,89.46,5.26,5.88,-11.06
2025-06-10,2025-06,fitcommerce.com/blog/home-gym-setup-guide,Informational,8,4,6576,9.8,443,10,0.0226,1,97.91,9.79,10.0,-11.06
2025-06-11,2025-06,fitcommerce.com/blog/home-gym-setup-guide,Informational,8,4,6576,13.3,456,19,0.0417,2,172.94,9.1,10.53,-11.06
2025-06-12,2025-06,fitcommerce.com/blog/home-gym-setup-guide,Informational,8,4,6576,10.4,502,22,0.0438,1,94.35,4.29,4.55,-11.06
2025-06-13,2025-06,fitcommerce.com/blog/home-gym-setup-guide,Informational,8,4,6576,15.2,438,11,0.0251,1,106.46,9.68,9.09,-11.06
2025-06-14,2025-06,fitcommerce.com/blog/home-gym-setup-guide,Informational,8,4,6576,10.6,564,23,0.0408,1,87.85,3.82,4.35,-11.06
2025-06-15,2025-06,fitcommerce.com/blog/home-gym-setup-guide,Informational,8,4,6576,10.2,501,39,0.0778,2,201.17,5.16,5.13,-11.06
2025-06-16,2025-06,fitcommerce.com/blog/home-gym-setup-guide,Informational,8,4,6576,11.9,541,15,0.0277,2,187.28,12.49,13.33,-11.06
2025-06-17,2025-06,fitcommerce.com/blog/home-gym-setup-guide,Informational,8,4,6576,11.7,567,14,0.0247,2,197.56,14.11,14.29,-11.06
2025-06-18,2025-06,fitcommerce.com/blog/home-gym-setup-guide,Informational,8,4,6576,9.8,466,15,0.0322,2,200.07,13.34,13.33,-11.06
2025-06-19,2025-06,fitcommerce.com/blog/home-gym-setup-guide,Informational,8,4,6576,10.2,512,20,0.0391,1,93.68,4.68,5.0,-11.06
2025-06-20,2025-06,fitcommerce.com/blog/home-gym-setup-guide,Informational,8,4,6576,8.1,546,31,0.0568,1,102.54,3.31,3.23,-11.06
2025-06-21,2025-06,fitcommerce.com/blog/home-gym-setup-guide,Informational,8,4,6576,12.7,509,27,0.053,2,166.06,6.15,7.41,-11.06
2025-06-22,2025-06,fitcommerce.com/blog/home-gym-setup-guide,Informational,8,4,6576,3.3,443,8,0.0181,1,90.32,11.29,12.5,-11.06
2025-06-23,2025-06,fitcommerce.com/blog/home-gym-setup-guide,Informational,8,4,6576,9.0,516,10,0.0194,0,0.0,0.0,0.0,-11.06
2025-06-24,2025-06,fitcommerce.com/blog/home-gym-setup-guide,Informational,8,4,6576,10.1,450,23,0.0511,0,0.0,0.0,0.0,-11.06
2025-06-25,2025-06,fitcommerce.com/blog/home-gym-setup-guide,Informational,8,4,6576,6.5,519,21,0.0405,2,193.07,9.19,9.52,-11.06
2025-06-26,2025-06,fitcommerce.com/blog/home-gym-setup-guide,Informational,8,4,6576,12.1,547,27,0.0494,1,105.36,3.9,3.7,-11.06
2025-06-27,2025-06,fitcommerce.com/blog/home-gym-setup-guide,Informational,8,4,6576,10.8,481,36,0.0748,0,0.0,0.0,0.0,-11.06
2025-06-28,2025-06,fitcommerce.com/blog/home-gym-setup-guide,Informational,8,4,6576,12.3,490,32,0.0653,0,0.0,0.0,0.0,-11.06
2025-06-29,2025-06,fitcommerce.com/blog/home-gym-setup-guide,Informational,8,4,6576,11.4,562,22,0.0391,1,89.82,4.08,4.55,-11.06
2025-06-30,2025-06,fitcommerce.com/blog/home-gym-setup-guide,Informational,8,4,6576,6.4,446,19,0.0426,2,169.83,8.94,10.53,-11.06
2025-07-01,2025-07,fitcommerce.com/blog/home-gym-setup-guide,Informational,8,4,6576,9.6,440,23,0.0523,1,105.13,4.57,4.35,6.91
2025-07-02,2025-07,fitcommerce.com/blog/home-gym-setup-guide,Informational,8,4,6576,8.4,501,16,0.0319,0,0.0,0.0,0.0,6.91
2025-07-03,2025-07,fitcommerce.com/blog/home-gym-setup-guide,Informational,8,4,6576,15.6,561,15,0.0267,1,100.82,6.72,6.67,6.91
2025-07-04,2025-07,fitcommerce.com/blog/home-gym-setup-guide,Informational,8,4,6576,9.8,459,9,0.0196,0,0.0,0.0,0.0,6.91
2025-07-05,2025-07,fitcommerce.com/blog/home-gym-setup-guide,Informational,8,4,6576,12.1,558,21,0.0376,0,0.0,0.0,0.0,6.91
2025-07-06,2025-07,fitcommerce.com/blog/home-gym-setup-guide,Informational,8,4,6576,15.8,560,35,0.0625,1,89.18,2.55,2.86,6.91
2025-07-07,2025-07,fitcommerce.com/blog/home-gym-setup-guide,Informational,8,4,6576,13.6,518,26,0.0502,2,193.6,7.45,7.69,6.91
2025-07-08,2025-07,fitcommerce.com/blog/home-gym-setup-guide,Informational,8,4,6576,8.5,459,19,0.0414,0,0.0,0.0,0.0,6.91
2025-07-09,2025-07,fitcommerce.com/blog/home-gym-setup-guide,Informational,8,4,6576,6.9,535,15,0.028,1,108.62,7.24,6.67,6.91
2025-07-10,2025-07,fitcommerce.com/blog/home-gym-setup-guide,Informational,8,4,6576,11.8,494,15,0.0304,0,0.0,0.0,0.0,6.91
2025-07-11,2025-07,fitcommerce.com/blog/home-gym-setup-guide,Informational,8,4,6576,10.8,465,12,0.0258,2,210.45,17.54,16.67,6.91
2025-07-12,2025-07,fitcommerce.com/blog/home-gym-setup-guide,Informational,8,4,6576,10.1,468,23,0.0491,1,94.02,4.09,4.35,6.91
2025-07-13,2025-07,fitcommerce.com/blog/home-gym-setup-guide,Informational,8,4,6576,11.6,511,31,0.0607,0,0.0,0.0,0.0,6.91
2025-07-14,2025-07,fitcommerce.com/blog/home-gym-setup-guide,Informational,8,4,6576,8.2,453,9,0.0199,1,103.06,11.45,11.11,6.91
2025-07-15,2025-07,fitcommerce.com/blog/home-gym-setup-guide,Informational,8,4,6576,7.3,475,22,0.0463,0,0.0,0.0,0.0,6.91
2025-07-16,2025-07,fitcommerce.com/blog/home-gym-setup-guide,Informational,8,4,6576,7.1,420,23,0.0548,0,0.0,0.0,0.0,6.91
2025-07-17,2025-07,fitcommerce.com/blog/home-gym-setup-guide,Informational,8,4,6576,14.0,462,25,0.0541,0,0.0,0.0,0.0,6.91
2025-07-18,2025-07,fitcommerce.com/blog/home-gym-setup-guide,Informational,8,4,6576,1.3,503,24,0.0477,1,94.92,3.96,4.17,6.91
2025-07-19,2025-07,fitcommerce.com/blog/home-gym-setup-guide,Informational,8,4,6576,9.8,431,12,0.0278,1,103.43,8.62,8.33,6.91
2025-07-20,2025-07,fitcommerce.com/blog/home-gym-setup-guide,Informational,8,4,6576,13.5,434,28,0.0645,0,0.0,0.0,0.0,6.91
2025-07-21,2025-07,fitcommerce.com/blog/home-gym-setup-guide,Informational,8,4,6576,11.3,537,30,0.0559,0,0.0,0.0,0.0,6.91
2025-07-22,2025-07,fitcommerce.com/blog/home-gym-setup-guide,Informational,8,4,6576,9.0,419,18,0.043,0,0.0,0.0,0.0,6.91
2025-07-23,2025-07,fitcommerce.com/blog/home-gym-setup-guide,Informational,8,4,6576,14.2,453,24,0.053,1,98.33,4.1,4.17,6.91
2025-07-24,2025-07,fitcommerce.com/blog/home-gym-setup-guide,Informational,8,4,6576,8.6,412,24,0.0583,1,85.01,3.54,4.17,6.91
2025-07-25,2025-07,fitcommerce.com/blog/home-gym-setup-guide,Informational,8,4,6576,8.3,542,32,0.059,1,102.57,3.21,3.12,6.91
2025-07-26,2025-07,fitcommerce.com/blog/home-gym-setup-guide,Informational,8,4,6576,11.0,444,10,0.0225,0,0.0,0.0,0.0,6.91
2025-07-27,2025-07,fitcommerce.com/blog/home-gym-setup-guide,Informational,8,4,6576,6.2,532,20,0.0376,1,101.27,5.06,5.0,6.91
2025-07-28,2025-07,fitcommerce.com/blog/home-gym-setup-guide,Informational,8,4,6576,3.5,545,19,0.0349,0,0.0,0.0,0.0,6.91
2025-07-29,2025-07,fitcommerce.com/blog/home-gym-setup-guide,Informational,8,4,6576,12.8,466,10,0.0215,1,82.51,8.25,10.0,6.91
2025-07-30,2025-07,fitcommerce.com/blog/home-gym-setup-guide,Informational,8,4,6576,13.2,486,24,0.0494,1,92.25,3.84,4.17,6.91
2025-07-31,2025-07,fitcommerce.com/blog/home-gym-setup-guide,Informational,8,4,6576,8.6,515,35,0.068,1,90.55,2.59,2.86,6.91
2024-08-01,2024-08,fitcommerce.com/blog/how-to-train-for-a-marathon,Informational,10,4,3275,17.5,202,11,0.0545,0,0.0,0.0,0.0,
2024-08-02,2024-08,fitcommerce.com/blog/how-to-train-for-a-marathon,Informational,10,4,3275,10.9,161,5,0.0311,0,0.0,0.0,0.0,
2024-08-03,2024-08,fitcommerce.com/blog/how-to-train-for-a-marathon,Informational,10,4,3275,17.9,210,12,0.0571,0,0.0,0.0,0.0,
2024-08-04,2024-08,fitcommerce.com/blog/how-to-train-for-a-marathon,Informational,10,4,3275,21.3,163,12,0.0736,0,0.0,0.0,0.0,
2024-08-05,2024-08,fitcommerce.com/blog/how-to-train-for-a-marathon,Informational,10,4,3275,13.0,198,5,0.0253,1,48.87,9.77,20.0,
2024-08-06,2024-08,fitcommerce.com/blog/how-to-train-for-a-marathon,Informational,10,4,3275,15.4,177,4,0.0226,0,0.0,0.0,0.0,
2024-08-07,2024-08,fitcommerce.com/blog/how-to-train-for-a-marathon,Informational,10,4,3275,14.0,179,6,0.0335,1,52.7,8.78,16.67,
2024-08-08,2024-08,fitcommerce.com/blog/how-to-train-for-a-marathon,Informational,10,4,3275,15.4,179,4,0.0223,0,0.0,0.0,0.0,
2024-08-09,2024-08,fitcommerce.com/blog/how-to-train-for-a-marathon,Informational,10,4,3275,9.9,190,4,0.0211,1,47.8,11.95,25.0,
2024-08-10,2024-08,fitcommerce.com/blog/how-to-train-for-a-marathon,Informational,10,4,3275,12.0,197,6,0.0305,0,0.0,0.0,0.0,
2024-08-11,2024-08,fitcommerce.com/blog/how-to-train-for-a-marathon,Informational,10,4,3275,12.5,160,4,0.025,0,0.0,0.0,0.0,
2024-08-12,2024-08,fitcommerce.com/blog/how-to-train-for-a-marathon,Informational,10,4,3275,9.1,191,4,0.0209,0,0.0,0.0,0.0,
2024-08-13,2024-08,fitcommerce.com/blog/how-to-train-for-a-marathon,Informational,10,4,3275,16.4,187,8,0.0428,0,0.0,0.0,0.0,
2024-08-14,2024-08,fitcommerce.com/blog/how-to-train-for-a-marathon,Informational,10,4,3275,12.1,160,10,0.0625,1,43.36,4.34,10.0,
2024-08-15,2024-08,fitcommerce.com/blog/how-to-train-for-a-marathon,Informational,10,4,3275,10.1,175,11,0.0629,0,0.0,0.0,0.0,
2024-08-16,2024-08,fitcommerce.com/blog/how-to-train-for-a-marathon,Informational,10,4,3275,12.4,194,3,0.0155,0,0.0,0.0,0.0,
2024-08-17,2024-08,fitcommerce.com/blog/how-to-train-for-a-marathon,Informational,10,4,3275,13.5,166,8,0.0482,1,52.25,6.53,12.5,
2024-08-18,2024-08,fitcommerce.com/blog/how-to-train-for-a-marathon,Informational,10,4,3275,10.5,180,4,0.0222,1,41.67,10.42,25.0,
2024-08-19,2024-08,fitcommerce.com/blog/how-to-train-for-a-marathon,Informational,10,4,3275,13.4,181,8,0.0442,0,0.0,0.0,0.0,
2024-08-20,2024-08,fitcommerce.com/blog/how-to-train-for-a-marathon,Informational,10,4,3275,16.9,156,5,0.0321,0,0.0,0.0,0.0,
2024-08-21,2024-08,fitcommerce.com/blog/how-to-train-for-a-marathon,Informational,10,4,3275,10.8,176,6,0.0341,0,0.0,0.0,0.0,
2024-08-22,2024-08,fitcommerce.com/blog/how-to-train-for-a-marathon,Informational,10,4,3275,16.8,175,11,0.0629,0,0.0,0.0,0.0,
2024-08-23,2024-08,fitcommerce.com/blog/how-to-train-for-a-marathon,Informational,10,4,3275,10.0,174,6,0.0345,0,0.0,0.0,0.0,
2024-08-24,2024-08,fitcommerce.com/blog/how-to-train-for-a-marathon,Informational,10,4,3275,17.5,152,9,0.0592,0,0.0,0.0,0.0,
2024-08-25,2024-08,fitcommerce.com/blog/how-to-train-for-a-marathon,Informational,10,4,3275,16.9,197,10,0.0508,1,51.66,5.17,10.0,
2024-08-26,2024-08,fitcommerce.com/blog/how-to-train-for-a-marathon,Informational,10,4,3275,13.5,153,6,0.0392,1,55.44,9.24,16.67,
2024-08-27,2024-08,fitcommerce.com/blog/how-to-train-for-a-marathon,Informational,10,4,3275,18.4,186,3,0.0161,0,0.0,0.0,0.0,
2024-08-28,2024-08,fitcommerce.com/blog/how-to-train-for-a-marathon,Informational,10,4,3275,10.8,187,3,0.016,0,0.0,0.0,0.0,
2024-08-29,2024-08,fitcommerce.com/blog/how-to-train-for-a-marathon,Informational,10,4,3275,17.1,165,6,0.0364,0,0.0,0.0,0.0,
2024-08-30,2024-08,fitcommerce.com/blog/how-to-train-for-a-marathon,Informational,10,4,3275,14.0,184,4,0.0217,0,0.0,0.0,0.0,
2024-08-31,2024-08,fitcommerce.com/blog/how-to-train-for-a-marathon,Informational,10,4,3275,11.0,189,5,0.0265,0,0.0,0.0,0.0,
2024-09-01,2024-09,fitcommerce.com/blog/how-to-train-for-a-marathon,Informational,10,4,3275,14.9,153,9,0.0588,0,0.0,0.0,0.0,-13.81
2024-09-02,2024-09,fitcommerce.com/blog/how-to-train-for-a-marathon,Informational,10,4,3275,17.0,169,4,0.0237,0,0.0,0.0,0.0,-13.81
2024-09-03,2024-09,fitcommerce.com/blog/how-to-train-for-a-marathon,Informational,10,4,3275,11.3,181,11,0.0608,0,0.0,0.0,0.0,-13.81
2024-09-04,2024-09,fitcommerce.com/blog/how-to-train-for-a-marathon,Informational,10,4,3275,13.1,199,10,0.0503,1,51.62,5.16,10.0,-13.81
2024-09-05,2024-09,fitcommerce.com/blog/how-to-train-for-a-marathon,Informational,10,4,3275,15.2,200,10,0.05,0,0.0,0.0,0.0,-13.81
2024-09-06,2024-09,fitcommerce.com/blog/how-to-train-for-a-marathon,Informational,10,4,3275,14.7,183,4,0.0219,0,0.0,0.0,0.0,-13.81
2024-09-07,2024-09,fitcommerce.com/blog/how-to-train-for-a-marathon,Informational,10,4,3275,7.7,197,5,0.0254,0,0.0,0.0,0.0,-13.81
2024-09-08,2024-09,fitcommerce.com/blog/how-to-train-for-a-marathon,Informational,10,4,3275,7.0,180,10,0.0556,1,41.25,4.12,10.0,-13.81
2024-09-09,2024-09,fitcommerce.com/blog/how-to-train-for-a-marathon,Informational,10,4,3275,8.8,155,5,0.0323,0,0.0,0.0,0.0,-13.81
2024-09-10,2024-09,fitcommerce.com/blog/how-to-train-for-a-marathon,Informational,10,4,3275,15.6,191,13,0.0681,0,0.0,0.0,0.0,-13.81
2024-09-11,2024-09,fitcommerce.com/blog/how-to-train-for-a-marathon,Informational,10,4,3275,16.4,196,7,0.0357,0,0.0,0.0,0.0,-13.81
2024-09-12,2024-09,fitcommerce.com/blog/how-to-train-for-a-marathon,Informational,10,4,3275,12.4,187,11,0.0588,1,44.18,4.02,9.09,-13.81
2024-09-13,2024-09,fitcommerce.com/blog/how-to-train-for-a-marathon,Informational,10,4,3275,12.5,158,8,0.0506,0,0.0,0.0,0.0,-13.81
2024-09-14,2024-09,fitcommerce.com/blog/how-to-train-for-a-marathon,Informational,10,4,3275,12.5,186,10,0.0538,0,0.0,0.0,0.0,-13.81
2024-09-15,2024-09,fitcommerce.com/blog/how-to-train-for-a-marathon,Informational,10,4,3275,19.6,175,11,0.0629,0,0.0,0.0,0.0,-13.81
2024-09-16,2024-09,fitcommerce.com/blog/how-to-train-for-a-marathon,Informational,10,4,3275,15.9,175,6,0.0343,0,0.0,0.0,0.0,-13.81
2024-09-17,2024-09,fitcommerce.com/blog/how-to-train-for-a-marathon,Informational,10,4,3275,10.8,185,12,0.0649,0,0.0,0.0,0.0,-13.81
2024-09-18,2024-09,fitcommerce.com/blog/how-to-train-for-a-marathon,Informational,10,4,3275,14.0,173,3,0.0173,0,0.0,0.0,0.0,-13.81
2024-09-19,2024-09,fitcommerce.com/blog/how-to-train-for-a-marathon,Informational,10,4,3275,16.5,187,10,0.0535,0,0.0,0.0,0.0,-13.81
2024-09-20,2024-09,fitcommerce.com/blog/how-to-train-for-a-marathon,Informational,10,4,3275,11.3,160,8,0.05,1,44.19,5.52,12.5,-13.81
2024-09-21,2024-09,fitcommerce.com/blog/how-to-train-for-a-marathon,Informational,10,4,3275,13.4,182,5,0.0275,1,45.94,9.19,20.0,-13.81
2024-09-22,2024-09,fitcommerce.com/blog/how-to-train-for-a-marathon,Informational,10,4,3275,16.9,150,7,0.0467,0,0.0,0.0,0.0,-13.81
2024-09-23,2024-09,fitcommerce.com/blog/how-to-train-for-a-marathon,Informational,10,4,3275,8.1,189,6,0.0317,0,0.0,0.0,0.0,-13.81
2024-09-24,2024-09,fitcommerce.com/blog/how-to-train-for-a-marathon,Informational,10,4,3275,9.1,158,6,0.038,0,0.0,0.0,0.0,-13.81
2024-09-25,2024-09,fitcommerce.com/blog/how-to-train-for-a-marathon,Informational,10,4,3275,14.2,203,7,0.0345,0,0.0,0.0,0.0,-13.81
2024-09-26,2024-09,fitcommerce.com/blog/how-to-train-for-a-marathon,Informational,10,4,3275,13.4,182,6,0.033,1,51.95,8.66,16.67,-13.81
2024-09-27,2024-09,fitcommerce.com/blog/how-to-train-for-a-marathon,Informational,10,4,3275,15.9,187,3,0.016,0,0.0,0.0,0.0,-13.81
2024-09-28,2024-09,fitcommerce.com/blog/how-to-train-for-a-marathon,Informational,10,4,3275,10.6,156,7,0.0449,1,51.4,7.34,14.29,-13.81
2024-09-29,2024-09,fitcommerce.com/blog/how-to-train-for-a-marathon,Informational,10,4,3275,17.9,185,4,0.0216,1,43.46,10.86,25.0,-13.81
2024-09-30,2024-09,fitcommerce.com/blog/how-to-train-for-a-marathon,Informational,10,4,3275,18.0,184,11,0.0598,0,0.0,0.0,0.0,-13.81
2024-10-01,2024-10,fitcommerce.com/blog/how-to-train-for-a-marathon,Informational,10,4,3275,15.6,166,10,0.0602,2,97.61,9.76,20.0,25.27
2024-10-02,2024-10,fitcommerce.com/blog/how-to-train-for-a-marathon,Informational,10,4,3275,10.3,190,11,0.0579,0,0.0,0.0,0.0,25.27
2024-10-03,2024-10,fitcommerce.com/blog/how-to-train-for-a-marathon,Informational,10,4,3275,9.7,176,4,0.0227,0,0.0,0.0,0.0,25.27
2024-10-04,2024-10,fitcommerce.com/blog/how-to-train-for-a-marathon,Informational,10,4,3275,11.8,165,9,0.0545,0,0.0,0.0,0.0,25.27
2024-10-05,2024-10,fitcommerce.com/blog/how-to-train-for-a-marathon,Informational,10,4,3275,17.8,207,14,0.0676,0,0.0,0.0,0.0,25.27
2024-10-06,2024-10,fitcommerce.com/blog/how-to-train-for-a-marathon,Informational,10,4,3275,8.9,196,4,0.0204,0,0.0,0.0,0.0,25.27
2024-10-07,2024-10,fitcommerce.com/blog/how-to-train-for-a-marathon,Informational,10,4,3275,8.4,200,8,0.04,0,0.0,0.0,0.0,25.27
2024-10-08,2024-10,fitcommerce.com/blog/how-to-train-for-a-marathon,Informational,10,4,3275,13.2,174,5,0.0287,0,0.0,0.0,0.0,25.27
2024-10-09,2024-10,fitcommerce.com/blog/how-to-train-for-a-marathon,Informational,10,4,3275,6.4,156,8,0.0513,0,0.0,0.0,0.0,25.27
2024-10-10,2024-10,fitcommerce.com/blog/how-to-train-for-a-marathon,Informational,10,4,3275,12.6,207,6,0.029,0,0.0,0.0,0.0,25.27
2024-10-11,2024-10,fitcommerce.com/blog/how-to-train-for-a-marathon,Informational,10,4,3275,11.5,204,11,0.0539,0,0.0,0.0,0.0,25.27
2024-10-12,2024-10,fitcommerce.com/blog/how-to-train-for-a-marathon,Informational,10,4,3275,16.2,183,4,0.0219,0,0.0,0.0,0.0,25.27
2024-10-13,2024-10,fitcommerce.com/blog/how-to-train-for-a-marathon,Informational,10,4,3275,14.7,197,8,0.0406,0,0.0,0.0,0.0,25.27
2024-10-14,2024-10,fitcommerce.com/blog/how-to-train-for-a-marathon,Informational,10,4,3275,14.3,166,7,0.0422,0,0.0,0.0,0.0,25.27
2024-10-15,2024-10,fitcommerce.com/blog/how-to-train-for-a-marathon,Informational,10,4,3275,9.0,200,12,0.06,0,0.0,0.0,0.0,25.27
2024-10-16,2024-10,fitcommerce.com/blog/how-to-train-for-a-marathon,Informational,10,4,3275,9.2,172,10,0.0581,0,0.0,0.0,0.0,25.27
2024-10-17,2024-10,fitcommerce.com/blog/how-to-train-for-a-marathon,Informational,10,4,3275,10.3,174,9,0.0517,0,0.0,0.0,0.0,25.27
2024-10-18,2024-10,fitcommerce.com/blog/how-to-train-for-a-marathon,Informational,10,4,3275,11.8,163,9,0.0552,0,0.0,0.0,0.0,25.27
2024-10-19,2024-10,fitcommerce.com/blog/how-to-train-for-a-marathon,Informational,10,4,3275,12.6,190,7,0.0368,1,53.34,7.62,14.29,25.27
2024-10-20,2024-10,fitcommerce.com/blog/how-to-train-for-a-marathon,Informational,10,4,3275,12.1,193,10,0.0518,0,0.0,0.0,0.0,25.27
2024-10-21,2024-10,fitcommerce.com/blog/how-to-train-for-a-marathon,Informational,10,4,3275,8.5,186,6,0.0323,1,52.47,8.74,16.67,25.27
2024-10-22,2024-10,fitcommerce.com/blog/how-to-train-for-a-marathon,Informational,10,4,3275,13.5,195,10,0.0513,0,0.0,0.0,0.0,25.27
2024-10-23,2024-10,fitcommerce.com/blog/how-to-train-for-a-marathon,Informational,10,4,3275,10.5,198,6,0.0303,0,0.0,0.0,0.0,25.27
2024-10-24,2024-10,fitcommerce.com/blog/how-to-train-for-a-marathon,Informational,10,4,3275,10.1,178,11,0.0618,0,0.0,0.0,0.0,25.27
2024-10-25,2024-10,fitcommerce.com/blog/how-to-train-for-a-marathon,Informational,10,4,3275,10.8,195,5,0.0256,2,90.86,18.17,40.0,25.27
2024-10-26,2024-10,fitcommerce.com/blog/how-to-train-for-a-marathon,Informational,10,4,3275,12.2,207,8,0.0386,0,0.0,0.0,0.0,25.27
2024-10-27,2024-10,fitcommerce.com/blog/how-to-train-for-a-marathon,Informational,10,4,3275,10.3,193,7,0.0363,0,0.0,0.0,0.0,25.27
2024-10-28,2024-10,fitcommerce.com/blog/how-to-train-for-a-marathon,Informational,10,4,3275,17.7,191,10,0.0524,0,0.0,0.0,0.0,25.27
2024-10-29,2024-10,fitcommerce.com/blog/how-to-train-for-a-marathon,Informational,10,4,3275,9.7,171,8,0.0468,0,0.0,0.0,0.0,25.27
2024-10-30,2024-10,fitcommerce.com/blog/how-to-train-for-a-marathon,Informational,10,4,3275,11.4,215,5,0.0233,1,51.31,10.26,20.0,25.27
2024-10-31,2024-10,fitcommerce.com/blog/how-to-train-for-a-marathon,Informational,10,4,3275,7.2,179,7,0.0391,0,0.0,0.0,0.0,25.27
2024-11-01,2024-11,fitcommerce.com/blog/how-to-train-for-a-marathon,Informational,10,4,3275,11.8,223,16,0.0717,0,0.0,0.0,0.0,13.64
2024-11-02,2024-11,fitcommerce.com/blog/how-to-train-for-a-marathon,Informational,10,4,3275,11.4,185,9,0.0486,0,0.0,0.0,0.0,13.64
2024-11-03,2024-11,fitcommerce.com/blog/how-to-train-for-a-marathon,Informational,10,4,3275,9.3,227,10,0.0441,1,55.11,5.51,10.0,13.64
2024-11-04,2024-11,fitcommerce.com/blog/how-to-train-for-a-marathon,Informational,10,4,3275,15.4,179,10,0.0559,0,0.0,0.0,0.0,13.64
2024-11-05,2024-11,fitcommerce.com/blog/how-to-train-for-a-marathon,Informational,10,4,3275,9.8,233,7,0.03,0,0.0,0.0,0.0,13.64
2024-11-06,2024-11,fitcommerce.com/blog/how-to-train-for-a-marathon,Informational,10,4,3275,15.0,192,11,0.0573,0,0.0,0.0,0.0,13.64
2024-11-07,2024-11,fitcommerce.com/blog/how-to-train-for-a-marathon,Informational,10,4,3275,13.0,200,13,0.065,0,0.0,0.0,0.0,13.64
2024-11-08,2024-11,fitcommerce.com/blog/how-to-train-for-a-marathon,Informational,10,4,3275,13.9,187,11,0.0588,0,0.0,0.0,0.0,13.64
2024-11-09,2024-11,fitcommerce.com/blog/how-to-train-for-a-marathon,Informational,10,4,3275,10.1,235,9,0.0383,0,0.0,0.0,0.0,13.64
2024-11-10,2024-11,fitcommerce.com/blog/how-to-train-for-a-marathon,Informational,10,4,3275,12.3,188,4,0.0213,1,51.52,12.88,25.0,13.64
2024-11-11,2024-11,fitcommerce.com/blog/how-to-train-for-a-marathon,Informational,10,4,3275,13.6,189,8,0.0423,0,0.0,0.0,0.0,13.64
2024-11-12,2024-11,fitcommerce.com/blog/how-to-train-for-a-marathon,Informational,10,4,3275,12.9,186,13,0.0699,1,44.45,3.42,7.69,13.64
2024-11-13,2024-11,fitcommerce.com/blog/how-to-train-for-a-marathon,Informational,10,4,3275,11.3,209,15,0.0718,1,43.96,2.93,6.67,13.64
2024-11-14,2024-11,fitcommerce.com/blog/how-to-train-for-a-marathon,Informational,10,4,3275,7.7,224,7,0.0312,0,0.0,0.0,0.0,13.64
2024-11-15,2024-11,fitcommerce.com/blog/how-to-train-for-a-marathon,Informational,10,4,3275,10.5,185,8,0.0432,0,0.0,0.0,0.0,13.64
2024-11-16,2024-11,fitcommerce.com/blog/how-to-train-for-a-marathon,Informational,10,4,3275,8.8,232,12,0.0517,1,43.87,3.66,8.33,13.64
2024-11-17,2024-11,fitcommerce.com/blog/how-to-train-for-a-marathon,Informational,10,4,3275,13.0,243,15,0.0617,0,0.0,0.0,0.0,13.64
2024-11-18,2024-11,fitcommerce.com/blog/how-to-train-for-a-marathon,Informational,10,4,3275,10.7,235,8,0.034,0,0.0,0.0,0.0,13.64
2024-11-19,2024-11,fitcommerce.com/blog/how-to-train-for-a-marathon,Informational,10,4,3275,15.1,212,10,0.0472,0,0.0,0.0,0.0,13.64
2024-11-20,2024-11,fitcommerce.com/blog/how-to-train-for-a-marathon,Informational,10,4,3275,9.5,212,6,0.0283,0,0.0,0.0,0.0,13.64
2024-11-21,2024-11,fitcommerce.com/blog/how-to-train-for-a-marathon,Informational,10,4,3275,9.9,214,10,0.0467,0,0.0,0.0,0.0,13.64
2024-11-22,2024-11,fitcommerce.com/blog/how-to-train-for-a-marathon,Informational,10,4,3275,10.8,236,11,0.0466,1,47.38,4.31,9.09,13.64
2024-11-23,2024-11,fitcommerce.com/blog/how-to-train-for-a-marathon,Informational,10,4,3275,14.8,260,11,0.0423,0,0.0,0.0,0.0,13.64
2024-11-24,2024-11,fitcommerce.com/blog/how-to-train-for-a-marathon,Informational,10,4,3275,9.9,241,9,0.0373,1,47.21,5.25,11.11,13.64
2024-11-25,2024-11,fitcommerce.com/blog/how-to-train-for-a-marathon,Informational,10,4,3275,12.6,254,9,0.0354,0,0.0,0.0,0.0,13.64
2024-11-26,2024-11,fitcommerce.com/blog/how-to-train-for-a-marathon,Informational,10,4,3275,14.1,246,10,0.0407,0,0.0,0.0,0.0,13.64
2024-11-27,2024-11,fitcommerce.com/blog/how-to-train-for-a-marathon,Informational,10,4,3275,7.1,264,18,0.0682,0,0.0,0.0,0.0,13.64
2024-11-28,2024-11,fitcommerce.com/blog/how-to-train-for-a-marathon,Informational,10,4,3275,11.8,255,12,0.0471,0,0.0,0.0,0.0,13.64
2024-11-29,2024-11,fitcommerce.com/blog/how-to-train-for-a-marathon,Informational,10,4,3275,12.9,241,6,0.0249,1,43.43,7.24,16.67,13.64
2024-11-30,2024-11,fitcommerce.com/blog/how-to-train-for-a-marathon,Informational,10,4,3275,11.7,235,15,0.0638,0,0.0,0.0,0.0,13.64
2024-12-01,2024-12,fitcommerce.com/blog/how-to-train-for-a-marathon,Informational,10,4,3275,10.7,212,7,0.033,0,0.0,0.0,0.0,36.35
2024-12-02,2024-12,fitcommerce.com/blog/how-to-train-for-a-marathon,Informational,10,4,3275,9.6,259,15,0.0579,0,0.0,0.0,0.0,36.35
2024-12-03,2024-12,fitcommerce.com/blog/how-to-train-for-a-marathon,Informational,10,4,3275,13.2,273,17,0.0623,1,48.63,2.86,5.88,36.35
2024-12-04,2024-12,fitcommerce.com/blog/how-to-train-for-a-marathon,Informational,10,4,3275,13.5,209,15,0.0718,0,0.0,0.0,0.0,36.35
2024-12-05,2024-12,fitcommerce.com/blog/how-to-train-for-a-marathon,Informational,10,4,3275,9.3,230,12,0.0522,0,0.0,0.0,0.0,36.35
2024-12-06,2024-12,fitcommerce.com/blog/how-to-train-for-a-marathon,Informational,10,4,3275,5.2,263,10,0.038,0,0.0,0.0,0.0,36.35
2024-12-07,2024-12,fitcommerce.com/blog/how-to-train-for-a-marathon,Informational,10,4,3275,9.9,257,8,0.0311,0,0.0,0.0,0.0,36.35
2024-12-08,2024-12,fitcommerce.com/blog/how-to-train-for-a-marathon,Informational,10,4,3275,12.1,269,6,0.0223,0,0.0,0.0,0.0,36.35
2024-12-09,2024-12,fitcommerce.com/blog/how-to-train-for-a-marathon,Informational,10,4,3275,13.5,260,14,0.0538,0,0.0,0.0,0.0,36.35
2024-12-10,2024-12,fitcommerce.com/blog/how-to-train-for-a-marathon,Informational,10,4,3275,11.0,222,7,0.0315,1,54.15,7.74,14.29,36.35
2024-12-11,2024-12,fitcommerce.com/blog/how-to-train-for-a-marathon,Informational,10,4,3275,9.3,294,18,0.0612,0,0.0,0.0,0.0,36.35
2024-12-12,2024-12,fitcommerce.com/blog/how-to-train-for-a-marathon,Informational,10,4,3275,11.5,224,14,0.0625,0,0.0,0.0,0.0,36.35
2024-12-13,2024-12,fitcommerce.com/blog/how-to-train-for-a-marathon,Informational,10,4,3275,12.6,285,18,0.0632,0,0.0,0.0,0.0,36.35
2024-12-14,2024-12,fitcommerce.com/blog/how-to-train-for-a-marathon,Informational,10,4,3275,15.1,263,10,0.038,1,47.67,4.77,10.0,36.35
2024-12-15,2024-12,fitcommerce.com/blog/how-to-train-for-a-marathon,Informational,10,4,3275,9.6,271,17,0.0627,2,102.39,6.02,11.76,36.35
2024-12-16,2024-12,fitcommerce.com/blog/how-to-train-for-a-marathon,Informational,10,4,3275,7.6,273,14,0.0513,0,0.0,0.0,0.0,36.35
2024-12-17,2024-12,fitcommerce.com/blog/how-to-train-for-a-marathon,Informational,10,4,3275,13.0,268,6,0.0224,0,0.0,0.0,0.0,36.35
2024-12-18,2024-12,fitcommerce.com/blog/how-to-train-for-a-marathon,Informational,10,4,3275,15.1,267,16,0.0599,0,0.0,0.0,0.0,36.35
2024-12-19,2024-12,fitcommerce.com/blog/how-to-train-for-a-marathon,Informational,10,4,3275,12.4,271,11,0.0406,0,0.0,0.0,0.0,36.35
2024-12-20,2024-12,fitcommerce.com/blog/how-to-train-for-a-marathon,Informational,10,4,3275,9.9,252,9,0.0357,1,49.82,5.54,11.11,36.35
2024-12-21,2024-12,fitcommerce.com/blog/how-to-train-for-a-marathon,Informational,10,4,3275,4.4,249,11,0.0442,0,0.0,0.0,0.0,36.35
2024-12-22,2024-12,fitcommerce.com/blog/how-to-train-for-a-marathon,Informational,10,4,3275,13.8,251,9,0.0359,0,0.0,0.0,0.0,36.35
2024-12-23,2024-12,fitcommerce.com/blog/how-to-train-for-a-marathon,Informational,10,4,3275,8.8,283,11,0.0389,0,0.0,0.0,0.0,36.35
2024-12-24,2024-12,fitcommerce.com/blog/how-to-train-for-a-marathon,Informational,10,4,3275,7.8,315,10,0.0317,0,0.0,0.0,0.0,36.35
2024-12-25,2024-12,fitcommerce.com/blog/how-to-train-for-a-marathon,Informational,10,4,3275,11.3,268,13,0.0485,0,0.0,0.0,0.0,36.35
2024-12-26,2024-12,fitcommerce.com/blog/how-to-train-for-a-marathon,Informational,10,4,3275,9.3,282,18,0.0638,0,0.0,0.0,0.0,36.35
2024-12-27,2024-12,fitcommerce.com/blog/how-to-train-for-a-marathon,Informational,10,4,3275,8.5,276,10,0.0362,0,0.0,0.0,0.0,36.35
2024-12-28,2024-12,fitcommerce.com/blog/how-to-train-for-a-marathon,Informational,10,4,3275,13.2,322,18,0.0559,0,0.0,0.0,0.0,36.35
2024-12-29,2024-12,fitcommerce.com/blog/how-to-train-for-a-marathon,Informational,10,4,3275,8.8,328,16,0.0488,0,0.0,0.0,0.0,36.35
2024-12-30,2024-12,fitcommerce.com/blog/how-to-train-for-a-marathon,Informational,10,4,3275,10.8,302,6,0.0199,0,0.0,0.0,0.0,36.35
2024-12-31,2024-12,fitcommerce.com/blog/how-to-train-for-a-marathon,Informational,10,4,3275,8.5,309,7,0.0227,0,0.0,0.0,0.0,36.35
2025-01-01,2025-01,fitcommerce.com/blog/how-to-train-for-a-marathon,Informational,10,4,3275,14.9,289,9,0.0311,0,0.0,0.0,0.0,2.94
2025-01-02,2025-01,fitcommerce.com/blog/how-to-train-for-a-marathon,Informational,10,4,3275,8.9,257,5,0.0195,1,41.84,8.37,20.0,2.94
2025-01-03,2025-01,fitcommerce.com/blog/how-to-train-for-a-marathon,Informational,10,4,3275,13.9,336,19,0.0565,0,0.0,0.0,0.0,2.94
2025-01-04,2025-01,fitcommerce.com/blog/how-to-train-for-a-marathon,Informational,10,4,3275,5.1,254,15,0.0591,0,0.0,0.0,0.0,2.94
2025-01-05,2025-01,fitcommerce.com/blog/how-to-train-for-a-marathon,Informational,10,4,3275,10.5,310,21,0.0677,0,0.0,0.0,0.0,2.94
2025-01-06,2025-01,fitcommerce.com/blog/how-to-train-for-a-marathon,Informational,10,4,3275,8.0,270,5,0.0185,0,0.0,0.0,0.0,2.94
2025-01-07,2025-01,fitcommerce.com/blog/how-to-train-for-a-marathon,Informational,10,4,3275,4.4,285,13,0.0456,0,0.0,0.0,0.0,2.94
2025-01-08,2025-01,fitcommerce.com/blog/how-to-train-for-a-marathon,Informational,10,4,3275,12.4,327,19,0.0581,0,0.0,0.0,0.0,2.94
2025-01-09,2025-01,fitcommerce.com/blog/how-to-train-for-a-marathon,Informational,10,4,3275,7.4,326,14,0.0429,0,0.0,0.0,0.0,2.94
2025-01-10,2025-01,fitcommerce.com/blog/how-to-train-for-a-marathon,Informational,10,4,3275,6.9,336,15,0.0446,0,0.0,0.0,0.0,2.94
2025-01-11,2025-01,fitcommerce.com/blog/how-to-train-for-a-marathon,Informational,10,4,3275,4.7,342,25,0.0731,0,0.0,0.0,0.0,2.94
2025-01-12,2025-01,fitcommerce.com/blog/how-to-train-for-a-marathon,Informational,10,4,3275,8.1,321,12,0.0374,1,41.69,3.47,8.33,2.94
2025-01-13,2025-01,fitcommerce.com/blog/how-to-train-for-a-marathon,Informational,10,4,3275,9.4,335,17,0.0507,0,0.0,0.0,0.0,2.94
2025-01-14,2025-01,fitcommerce.com/blog/how-to-train-for-a-marathon,Informational,10,4,3275,6.5,283,17,0.0601,0,0.0,0.0,0.0,2.94
2025-01-15,2025-01,fitcommerce.com/blog/how-to-train-for-a-marathon,Informational,10,4,3275,5.9,286,6,0.021,0,0.0,0.0,0.0,2.94
2025-01-16,2025-01,fitcommerce.com/blog/how-to-train-for-a-marathon,Informational,10,4,3275,13.7,280,10,0.0357,0,0.0,0.0,0.0,2.94
2025-01-17,2025-01,fitcommerce.com/blog/how-to-train-for-a-marathon,Informational,10,4,3275,15.8,340,16,0.0471,0,0.0,0.0,0.0,2.94
2025-01-18,2025-01,fitcommerce.com/blog/how-to-train-for-a-marathon,Informational,10,4,3275,8.7,290,10,0.0345,1,44.43,4.44,10.0,2.94
2025-01-19,2025-01,fitcommerce.com/blog/how-to-train-for-a-marathon,Informational,10,4,3275,6.8,327,21,0.0642,0,0.0,0.0,0.0,2.94
2025-01-20,2025-01,fitcommerce.com/blog/how-to-train-for-a-marathon,Informational,10,4,3275,9.0,281,15,0.0534,1,41.78,2.79,6.67,2.94
2025-01-21,2025-01,fitcommerce.com/blog/how-to-train-for-a-marathon,Informational,10,4,3275,9.7,309,17,0.055,0,0.0,0.0,0.0,2.94
2025-01-22,2025-01,fitcommerce.com/blog/how-to-train-for-a-marathon,Informational,10,4,3275,10.7,371,21,0.0566,0,0.0,0.0,0.0,2.94
2025-01-23,2025-01,fitcommerce.com/blog/how-to-train-for-a-marathon,Informational,10,4,3275,5.4,383,15,0.0392,1,42.56,2.84,6.67,2.94
2025-01-24,2025-01,fitcommerce.com/blog/how-to-train-for-a-marathon,Informational,10,4,3275,5.5,320,12,0.0375,2,93.4,7.78,16.67,2.94
2025-01-25,2025-01,fitcommerce.com/blog/how-to-train-for-a-marathon,Informational,10,4,3275,9.3,343,17,0.0496,0,0.0,0.0,0.0,2.94
2025-01-26,2025-01,fitcommerce.com/blog/how-to-train-for-a-marathon,Informational,10,4,3275,13.6,319,9,0.0282,1,52.37,5.82,11.11,2.94
2025-01-27,2025-01,fitcommerce.com/blog/how-to-train-for-a-marathon,Informational,10,4,3275,10.1,296,9,0.0304,0,0.0,0.0,0.0,2.94
2025-01-28,2025-01,fitcommerce.com/blog/how-to-train-for-a-marathon,Informational,10,4,3275,11.4,328,13,0.0396,0,0.0,0.0,0.0,2.94
2025-01-29,2025-01,fitcommerce.com/blog/how-to-train-for-a-marathon,Informational,10,4,3275,10.8,339,17,0.0501,0,0.0,0.0,0.0,2.94
2025-01-30,2025-01,fitcommerce.com/blog/how-to-train-for-a-marathon,Informational,10,4,3275,12.6,354,15,0.0424,0,0.0,0.0,0.0,2.94
2025-01-31,2025-01,fitcommerce.com/blog/how-to-train-for-a-marathon,Informational,10,4,3275,5.3,338,7,0.0207,0,0.0,0.0,0.0,2.94
2025-02-01,2025-02,fitcommerce.com/blog/how-to-train-for-a-marathon,Informational,10,4,3275,10.6,399,28,0.0702,0,0.0,0.0,0.0,-3.77
2025-02-02,2025-02,fitcommerce.com/blog/how-to-train-for-a-marathon,Informational,10,4,3275,8.7,356,19,0.0534,1,53.52,2.82,5.26,-3.77
2025-02-03,2025-02,fitcommerce.com/blog/how-to-train-for-a-marathon,Informational,10,4,3275,10.7,385,14,0.0364,0,0.0,0.0,0.0,-3.77
2025-02-04,2025-02,fitcommerce.com/blog/how-to-train-for-a-marathon,Informational,10,4,3275,9.8,403,10,0.0248,0,0.0,0.0,0.0,-3.77
2025-02-05,2025-02,fitcommerce.com/blog/how-to-train-for-a-marathon,Informational,10,4,3275,11.0,397,18,0.0453,0,0.0,0.0,0.0,-3.77
2025-02-06,2025-02,fitcommerce.com/blog/how-to-train-for-a-marathon,Informational,10,4,3275,10.5,336,11,0.0327,0,0.0,0.0,0.0,-3.77
2025-02-07,2025-02,fitcommerce.com/blog/how-to-train-for-a-marathon,Informational,10,4,3275,2.5,360,20,0.0556,1,53.01,2.65,5.0,-3.77
2025-02-08,2025-02,fitcommerce.com/blog/how-to-train-for-a-marathon,Informational,10,4,3275,11.0,415,18,0.0434,1,41.24,2.29,5.56,-3.77
2025-02-09,2025-02,fitcommerce.com/blog/how-to-train-for-a-marathon,Informational,10,4,3275,14.2,415,10,0.0241,0,0.0,0.0,0.0,-3.77
2025-02-10,2025-02,fitcommerce.com/blog/how-to-train-for-a-marathon,Informational,10,4,3275,9.3,405,19,0.0469,1,45.16,2.38,5.26,-3.77
2025-02-11,2025-02,fitcommerce.com/blog/how-to-train-for-a-marathon,Informational,10,4,3275,12.7,369,22,0.0596,2,99.6,4.53,9.09,-3.77
2025-02-12,2025-02,fitcommerce.com/blog/how-to-train-for-a-marathon,Informational,10,4,3275,12.5,316,14,0.0443,0,0.0,0.0,0.0,-3.77
2025-02-13,2025-02,fitcommerce.com/blog/how-to-train-for-a-marathon,Informational,10,4,3275,13.0,331,10,0.0302,0,0.0,0.0,0.0,-3.77
2025-02-14,2025-02,fitcommerce.com/blog/how-to-train-for-a-marathon,Informational,10,4,3275,8.0,407,12,0.0295,0,0.0,0.0,0.0,-3.77
2025-02-15,2025-02,fitcommerce.com/blog/how-to-train-for-a-marathon,Informational,10,4,3275,12.2,320,20,0.0625,0,0.0,0.0,0.0,-3.77
2025-02-16,2025-02,fitcommerce.com/blog/how-to-train-for-a-marathon,Informational,10,4,3275,11.7,404,12,0.0297,0,0.0,0.0,0.0,-3.77
2025-02-17,2025-02,fitcommerce.com/blog/how-to-train-for-a-marathon,Informational,10,4,3275,13.1,408,26,0.0637,0,0.0,0.0,0.0,-3.77
2025-02-18,2025-02,fitcommerce.com/blog/how-to-train-for-a-marathon,Informational,10,4,3275,4.7,333,12,0.036,1,48.39,4.03,8.33,-3.77
2025-02-19,2025-02,fitcommerce.com/blog/how-to-train-for-a-marathon,Informational,10,4,3275,4.7,331,10,0.0302,2,108.92,10.89,20.0,-3.77
2025-02-20,2025-02,fitcommerce.com/blog/how-to-train-for-a-marathon,Informational,10,4,3275,9.6,418,23,0.055,0,0.0,0.0,0.0,-3.77
2025-02-21,2025-02,fitcommerce.com/blog/how-to-train-for-a-marathon,Informational,10,4,3275,11.4,361,8,0.0222,0,0.0,0.0,0.0,-3.77
2025-02-22,2025-02,fitcommerce.com/blog/how-to-train-for-a-marathon,Informational,10,4,3275,9.0,420,19,0.0452,0,0.0,0.0,0.0,-3.77
2025-02-23,2025-02,fitcommerce.com/blog/how-to-train-for-a-marathon,Informational,10,4,3275,7.4,363,10,0.0275,0,0.0,0.0,0.0,-3.77
2025-02-24,2025-02,fitcommerce.com/blog/how-to-train-for-a-marathon,Informational,10,4,3275,8.7,424,27,0.0637,0,0.0,0.0,0.0,-3.77
2025-02-25,2025-02,fitcommerce.com/blog/how-to-train-for-a-marathon,Informational,10,4,3275,11.4,387,12,0.031,1,44.86,3.74,8.33,-3.77
2025-02-26,2025-02,fitcommerce.com/blog/how-to-train-for-a-marathon,Informational,10,4,3275,6.9,448,21,0.0469,0,0.0,0.0,0.0,-3.77
2025-02-27,2025-02,fitcommerce.com/blog/how-to-train-for-a-marathon,Informational,10,4,3275,10.5,439,19,0.0433,0,0.0,0.0,0.0,-3.77
2025-02-28,2025-02,fitcommerce.com/blog/how-to-train-for-a-marathon,Informational,10,4,3275,6.1,405,17,0.042,1,44.32,2.61,5.88,-3.77
2025-03-01,2025-03,fitcommerce.com/blog/how-to-train-for-a-marathon,Informational,10,4,3275,11.8,421,28,0.0665,0,0.0,0.0,0.0,5.24
2025-03-02,2025-03,fitcommerce.com/blog/how-to-train-for-a-marathon,Informational,10,4,3275,7.2,404,15,0.0371,1,47.12,3.14,6.67,5.24
2025-03-03,2025-03,fitcommerce.com/blog/how-to-train-for-a-marathon,Informational,10,4,3275,12.1,398,11,0.0276,1,52.82,4.8,9.09,5.24
2025-03-04,2025-03,fitcommerce.com/blog/how-to-train-for-a-marathon,Informational,10,4,3275,7.5,416,10,0.024,0,0.0,0.0,0.0,5.24
2025-03-05,2025-03,fitcommerce.com/blog/how-to-train-for-a-marathon,Informational,10,4,3275,9.4,374,17,0.0455,0,0.0,0.0,0.0,5.24
2025-03-06,2025-03,fitcommerce.com/blog/how-to-train-for-a-marathon,Informational,10,4,3275,6.8,444,8,0.018,1,53.41,6.68,12.5,5.24
2025-03-07,2025-03,fitcommerce.com/blog/how-to-train-for-a-marathon,Informational,10,4,3275,12.7,356,12,0.0337,0,0.0,0.0,0.0,5.24
2025-03-08,2025-03,fitcommerce.com/blog/how-to-train-for-a-marathon,Informational,10,4,3275,8.8,447,17,0.038,0,0.0,0.0,0.0,5.24
2025-03-09,2025-03,fitcommerce.com/blog/how-to-train-for-a-marathon,Informational,10,4,3275,12.1,456,21,0.0461,0,0.0,0.0,0.0,5.24
2025-03-10,2025-03,fitcommerce.com/blog/how-to-train-for-a-marathon,Informational,10,4,3275,14.0,357,19,0.0532,1,44.15,2.32,5.26,5.24
2025-03-11,2025-03,fitcommerce.com/blog/how-to-train-for-a-marathon,Informational,10,4,3275,5.3,434,7,0.0161,0,0.0,0.0,0.0,5.24
2025-03-12,2025-03,fitcommerce.com/blog/how-to-train-for-a-marathon,Informational,10,4,3275,6.1,436,27,0.0619,0,0.0,0.0,0.0,5.24
2025-03-13,2025-03,fitcommerce.com/blog/how-to-train-for-a-marathon,Informational,10,4,3275,12.4,362,22,0.0608,0,0.0,0.0,0.0,5.24
2025-03-14,2025-03,fitcommerce.com/blog/how-to-train-for-a-marathon,Informational,10,4,3275,1.0,356,16,0.0449,0,0.0,0.0,0.0,5.24
2025-03-15,2025-03,fitcommerce.com/blog/how-to-train-for-a-marathon,Informational,10,4,3275,9.3,408,11,0.027,1,42.89,3.9,9.09,5.24
2025-03-16,2025-03,fitcommerce.com/blog/how-to-train-for-a-marathon,Informational,10,4,3275,12.9,398,9,0.0226,1,48.28,5.36,11.11,5.24
2025-03-17,2025-03,fitcommerce.com/blog/how-to-train-for-a-marathon,Informational,10,4,3275,8.2,459,14,0.0305,0,0.0,0.0,0.0,5.24
2025-03-18,2025-03,fitcommerce.com/blog/how-to-train-for-a-marathon,Informational,10,4,3275,12.1,413,23,0.0557,0,0.0,0.0,0.0,5.24
2025-03-19,2025-03,fitcommerce.com/blog/how-to-train-for-a-marathon,Informational,10,4,3275,14.0,392,11,0.0281,0,0.0,0.0,0.0,5.24
2025-03-20,2025-03,fitcommerce.com/blog/how-to-train-for-a-marathon,Informational,10,4,3275,13.8,448,16,0.0357,0,0.0,0.0,0.0,5.24
2025-03-21,2025-03,fitcommerce.com/blog/how-to-train-for-a-marathon,Informational,10,4,3275,6.9,381,22,0.0577,0,0.0,0.0,0.0,5.24
2025-03-22,2025-03,fitcommerce.com/blog/how-to-train-for-a-marathon,Informational,10,4,3275,3.9,403,7,0.0174,1,52.64,7.52,14.29,5.24
2025-03-23,2025-03,fitcommerce.com/blog/how-to-train-for-a-marathon,Informational,10,4,3275,9.5,463,9,0.0194,0,0.0,0.0,0.0,5.24
2025-03-24,2025-03,fitcommerce.com/blog/how-to-train-for-a-marathon,Informational,10,4,3275,8.4,401,7,0.0175,0,0.0,0.0,0.0,5.24
2025-03-25,2025-03,fitcommerce.com/blog/how-to-train-for-a-marathon,Informational,10,4,3275,1.2,411,19,0.0462,2,94.85,4.99,10.53,5.24
2025-03-26,2025-03,fitcommerce.com/blog/how-to-train-for-a-marathon,Informational,10,4,3275,15.1,361,18,0.0499,0,0.0,0.0,0.0,5.24
2025-03-27,2025-03,fitcommerce.com/blog/how-to-train-for-a-marathon,Informational,10,4,3275,9.7,400,26,0.065,0,0.0,0.0,0.0,5.24
2025-03-28,2025-03,fitcommerce.com/blog/how-to-train-for-a-marathon,Informational,10,4,3275,8.3,428,25,0.0584,0,0.0,0.0,0.0,5.24
2025-03-29,2025-03,fitcommerce.com/blog/how-to-train-for-a-marathon,Informational,10,4,3275,9.6,396,7,0.0177,0,0.0,0.0,0.0,5.24
2025-03-30,2025-03,fitcommerce.com/blog/how-to-train-for-a-marathon,Informational,10,4,3275,12.0,462,19,0.0411,0,0.0,0.0,0.0,5.24
2025-03-31,2025-03,fitcommerce.com/blog/how-to-train-for-a-marathon,Informational,10,4,3275,5.0,488,24,0.0492,0,0.0,0.0,0.0,5.24
2025-04-01,2025-04,fitcommerce.com/blog/how-to-train-for-a-marathon,Informational,10,4,3275,2.2,479,31,0.0647,1,53.0,1.71,3.23,-5.74
2025-04-02,2025-04,fitcommerce.com/blog/how-to-train-for-a-marathon,Informational,10,4,3275,6.2,403,8,0.0199,0,0.0,0.0,0.0,-5.74
2025-04-03,2025-04,fitcommerce.com/blog/how-to-train-for-a-marathon,Informational,10,4,3275,6.9,396,19,0.048,1,45.72,2.41,5.26,-5.74
2025-04-04,2025-04,fitcommerce.com/blog/how-to-train-for-a-marathon,Informational,10,4,3275,8.8,489,36,0.0736,1,52.05,1.45,2.78,-5.74
2025-04-05,2025-04,fitcommerce.com/blog/how-to-train-for-a-marathon,Informational,10,4,3275,8.3,494,27,0.0547,1,41.07,1.52,3.7,-5.74
2025-04-06,2025-04,fitcommerce.com/blog/how-to-train-for-a-marathon,Informational,10,4,3275,7.0,395,10,0.0253,0,0.0,0.0,0.0,-5.74
2025-04-07,2025-04,fitcommerce.com/blog/how-to-train-for-a-marathon,Informational,10,4,3275,9.9,447,27,0.0604,0,0.0,0.0,0.0,-5.74
2025-04-08,2025-04,fitcommerce.com/blog/how-to-train-for-a-marathon,Informational,10,4,3275,7.8,449,18,0.0401,0,0.0,0.0,0.0,-5.74
2025-04-09,2025-04,fitcommerce.com/blog/how-to-train-for-a-marathon,Informational,10,4,3275,8.1,401,17,0.0424,0,0.0,0.0,0.0,-5.74
2025-04-10,2025-04,fitcommerce.com/blog/how-to-train-for-a-marathon,Informational,10,4,3275,3.4,483,22,0.0455,1,52.93,2.41,4.55,-5.74
2025-04-11,2025-04,fitcommerce.com/blog/how-to-train-for-a-marathon,Informational,10,4,3275,5.6,387,8,0.0207,0,0.0,0.0,0.0,-5.74
2025-04-12,2025-04,fitcommerce.com/blog/how-to-train-for-a-marathon,Informational,10,4,3275,8.4,493,20,0.0406,0,0.0,0.0,0.0,-5.74
2025-04-13,2025-04,fitcommerce.com/blog/how-to-train-for-a-marathon,Informational,10,4,3275,11.4,434,19,0.0438,0,0.0,0.0,0.0,-5.74
2025-04-14,2025-04,fitcommerce.com/blog/how-to-train-for-a-marathon,Informational,10,4,3275,7.0,429,19,0.0443,1,54.36,2.86,5.26,-5.74
2025-04-15,2025-04,fitcommerce.com/blog/how-to-train-for-a-marathon,Informational,10,4,3275,10.2,375,10,0.0267,0,0.0,0.0,0.0,-5.74
2025-04-16,2025-04,fitcommerce.com/blog/how-to-train-for-a-marathon,Informational,10,4,3275,9.9,401,23,0.0574,0,0.0,0.0,0.0,-5.74
2025-04-17,2025-04,fitcommerce.com/blog/how-to-train-for-a-marathon,Informational,10,4,3275,8.9,493,37,0.0751,1,47.35,1.28,2.7,-5.74
2025-04-18,2025-04,fitcommerce.com/blog/how-to-train-for-a-marathon,Informational,10,4,3275,9.8,403,17,0.0422,0,0.0,0.0,0.0,-5.74
2025-04-19,2025-04,fitcommerce.com/blog/how-to-train-for-a-marathon,Informational,10,4,3275,10.4,379,23,0.0607,1,51.7,2.25,4.35,-5.74
2025-04-20,2025-04,fitcommerce.com/blog/how-to-train-for-a-marathon,Informational,10,4,3275,7.0,488,38,0.0779,0,0.0,0.0,0.0,-5.74
2025-04-21,2025-04,fitcommerce.com/blog/how-to-train-for-a-marathon,Informational,10,4,3275,8.5,438,33,0.0753,1,47.21,1.43,3.03,-5.74
2025-04-22,2025-04,fitcommerce.com/blog/how-to-train-for-a-marathon,Informational,10,4,3275,5.0,464,15,0.0323,1,51.26,3.42,6.67,-5.74
2025-04-23,2025-04,fitcommerce.com/blog/how-to-train-for-a-marathon,Informational,10,4,3275,8.7,457,13,0.0284,0,0.0,0.0,0.0,-5.74
2025-04-24,2025-04,fitcommerce.com/blog/how-to-train-for-a-marathon,Informational,10,4,3275,13.4,371,7,0.0189,1,48.29,6.9,14.29,-5.74
2025-04-25,2025-04,fitcommerce.com/blog/how-to-train-for-a-marathon,Informational,10,4,3275,6.6,491,16,0.0326,0,0.0,0.0,0.0,-5.74
2025-04-26,2025-04,fitcommerce.com/blog/how-to-train-for-a-marathon,Informational,10,4,3275,5.4,481,22,0.0457,2,91.37,4.15,9.09,-5.74
2025-04-27,2025-04,fitcommerce.com/blog/how-to-train-for-a-marathon,Informational,10,4,3275,6.3,426,9,0.0211,0,0.0,0.0,0.0,-5.74
2025-04-28,2025-04,fitcommerce.com/blog/how-to-train-for-a-marathon,Informational,10,4,3275,9.7,407,18,0.0442,0,0.0,0.0,0.0,-5.74
2025-04-29,2025-04,fitcommerce.com/blog/how-to-train-for-a-marathon,Informational,10,4,3275,4.6,499,12,0.024,1,48.49,4.04,8.33,-5.74
2025-04-30,2025-04,fitcommerce.com/blog/how-to-train-for-a-marathon,Informational,10,4,3275,3.8,468,36,0.0769,0,0.0,0.0,0.0,-5.74
2025-05-01,2025-05,fitcommerce.com/blog/how-to-train-for-a-marathon,Informational,10,4,3275,9.8,445,18,0.0404,0,0.0,0.0,0.0,4.19
2025-05-02,2025-05,fitcommerce.com/blog/how-to-train-for-a-marathon,Informational,10,4,3275,3.9,416,19,0.0457,0,0.0,0.0,0.0,4.19
2025-05-03,2025-05,fitcommerce.com/blog/how-to-train-for-a-marathon,Informational,10,4,3275,4.0,394,21,0.0533,1,49.86,2.37,4.76,4.19
2025-05-04,2025-05,fitcommerce.com/blog/how-to-train-for-a-marathon,Informational,10,4,3275,8.7,374,7,0.0187,0,0.0,0.0,0.0,4.19
2025-05-05,2025-05,fitcommerce.com/blog/how-to-train-for-a-marathon,Informational,10,4,3275,3.9,481,19,0.0395,0,0.0,0.0,0.0,4.19
2025-05-06,2025-05,fitcommerce.com/blog/how-to-train-for-a-marathon,Informational,10,4,3275,14.5,444,22,0.0495,0,0.0,0.0,0.0,4.19
2025-05-07,2025-05,fitcommerce.com/blog/how-to-train-for-a-marathon,Informational,10,4,3275,12.8,405,17,0.042,0,0.0,0.0,0.0,4.19
2025-05-08,2025-05,fitcommerce.com/blog/how-to-train-for-a-marathon,Informational,10,4,3275,7.3,429,16,0.0373,0,0.0,0.0,0.0,4.19
2025-05-09,2025-05,fitcommerce.com/blog/how-to-train-for-a-marathon,Informational,10,4,3275,7.4,444,12,0.027,0,0.0,0.0,0.0,4.19
2025-05-10,2025-05,fitcommerce.com/blog/how-to-train-for-a-marathon,Informational,10,4,3275,9.8,376,10,0.0266,0,0.0,0.0,0.0,4.19
2025-05-11,2025-05,fitcommerce.com/blog/how-to-train-for-a-marathon,Informational,10,4,3275,7.1,432,19,0.044,2,101.64,5.35,10.53,4.19
2025-05-12,2025-05,fitcommerce.com/blog/how-to-train-for-a-marathon,Informational,10,4,3275,11.4,456,28,0.0614,0,0.0,0.0,0.0,4.19
2025-05-13,2025-05,fitcommerce.com/blog/how-to-train-for-a-marathon,Informational,10,4,3275,6.7,385,24,0.0623,0,0.0,0.0,0.0,4.19
2025-05-14,2025-05,fitcommerce.com/blog/how-to-train-for-a-marathon,Informational,10,4,3275,3.5,370,10,0.027,0,0.0,0.0,0.0,4.19
2025-05-15,2025-05,fitcommerce.com/blog/how-to-train-for-a-marathon,Informational,10,4,3275,6.2,365,15,0.0411,0,0.0,0.0,0.0,4.19
2025-05-16,2025-05,fitcommerce.com/blog/how-to-train-for-a-marathon,Informational,10,4,3275,5.4,403,10,0.0248,0,0.0,0.0,0.0,4.19
2025-05-17,2025-05,fitcommerce.com/blog/how-to-train-for-a-marathon,Informational,10,4,3275,12.1,457,27,0.0591,1,44.78,1.66,3.7,4.19
2025-05-18,2025-05,fitcommerce.com/blog/how-to-train-for-a-marathon,Informational,10,4,3275,10.9,472,17,0.036,1,43.0,2.53,5.88,4.19
2025-05-19,2025-05,fitcommerce.com/blog/how-to-train-for-a-marathon,Informational,10,4,3275,7.0,404,25,0.0619,0,0.0,0.0,0.0,4.19
2025-05-20,2025-05,fitcommerce.com/blog/how-to-train-for-a-marathon,Informational,10,4,3275,5.0,477,34,0.0713,0,0.0,0.0,0.0,4.19
2025-05-21,2025-05,fitcommerce.com/blog/how-to-train-for-a-marathon,Informational,10,4,3275,6.6,458,18,0.0393,0,0.0,0.0,0.0,4.19
2025-05-22,2025-05,fitcommerce.com/blog/how-to-train-for-a-marathon,Informational,10,4,3275,9.0,430,20,0.0465,0,0.0,0.0,0.0,4.19
2025-05-23,2025-05,fitcommerce.com/blog/how-to-train-for-a-marathon,Informational,10,4,3275,3.6,460,26,0.0565,0,0.0,0.0,0.0,4.19
2025-05-24,2025-05,fitcommerce.com/blog/how-to-train-for-a-marathon,Informational,10,4,3275,10.7,450,21,0.0467,1,53.46,2.55,4.76,4.19
2025-05-25,2025-05,fitcommerce.com/blog/how-to-train-for-a-marathon,Informational,10,4,3275,11.6,424,18,0.0425,0,0.0,0.0,0.0,4.19
2025-05-26,2025-05,fitcommerce.com/blog/how-to-train-for-a-marathon,Informational,10,4,3275,11.3,417,29,0.0695,0,0.0,0.0,0.0,4.19
2025-05-27,2025-05,fitcommerce.com/blog/how-to-train-for-a-marathon,Informational,10,4,3275,6.7,450,25,0.0556,1,44.36,1.77,4.0,4.19
2025-05-28,2025-05,fitcommerce.com/blog/how-to-train-for-a-marathon,Informational,10,4,3275,9.9,400,17,0.0425,1,42.02,2.47,5.88,4.19
2025-05-29,2025-05,fitcommerce.com/blog/how-to-train-for-a-marathon,Informational,10,4,3275,10.2,464,27,0.0582,0,0.0,0.0,0.0,4.19
2025-05-30,2025-05,fitcommerce.com/blog/how-to-train-for-a-marathon,Informational,10,4,3275,8.5,418,14,0.0335,1,41.4,2.96,7.14,4.19
2025-05-31,2025-05,fitcommerce.com/blog/how-to-train-for-a-marathon,Informational,10,4,3275,8.1,453,24,0.053,0,0.0,0.0,0.0,4.19
2025-06-01,2025-06,fitcommerce.com/blog/how-to-train-for-a-marathon,Informational,10,4,3275,9.6,383,23,0.0601,0,0.0,0.0,0.0,-11.06
2025-06-02,2025-06,fitcommerce.com/blog/how-to-train-for-a-marathon,Informational,10,4,3275,13.7,421,23,0.0546,0,0.0,0.0,0.0,-11.06
2025-06-03,2025-06,fitcommerce.com/blog/how-to-train-for-a-marathon,Informational,10,4,3275,8.3,460,14,0.0304,0,0.0,0.0,0.0,-11.06
2025-06-04,2025-06,fitcommerce.com/blog/how-to-train-for-a-marathon,Informational,10,4,3275,4.9,420,14,0.0333,0,0.0,0.0,0.0,-11.06
2025-06-05,2025-06,fitcommerce.com/blog/how-to-train-for-a-marathon,Informational,10,4,3275,5.2,458,27,0.059,0,0.0,0.0,0.0,-11.06
2025-06-06,2025-06,fitcommerce.com/blog/how-to-train-for-a-marathon,Informational,10,4,3275,8.4,381,20,0.0525,0,0.0,0.0,0.0,-11.06
2025-06-07,2025-06,fitcommerce.com/blog/how-to-train-for-a-marathon,Informational,10,4,3275,6.3,384,12,0.0312,1,49.82,4.15,8.33,-11.06
2025-06-08,2025-06,fitcommerce.com/blog/how-to-train-for-a-marathon,Informational,10,4,3275,6.1,424,17,0.0401,0,0.0,0.0,0.0,-11.06
2025-06-09,2025-06,fitcommerce.com/blog/how-to-train-for-a-marathon,Informational,10,4,3275,7.7,443,14,0.0316,2,90.47,6.46,14.29,-11.06
2025-06-10,2025-06,fitcommerce.com/blog/how-to-train-for-a-marathon,Informational,10,4,3275,9.8,430,12,0.0279,1,52.12,4.34,8.33,-11.06
2025-06-11,2025-06,fitcommerce.com/blog/how-to-train-for-a-marathon,Informational,10,4,3275,7.7,423,23,0.0544,1,55.18,2.4,4.35,-11.06
2025-06-12,2025-06,fitcommerce.com/blog/how-to-train-for-a-marathon,Informational,10,4,3275,7.2,368,16,0.0435,2,89.19,5.57,12.5,-11.06
2025-06-13,2025-06,fitcommerce.com/blog/how-to-train-for-a-marathon,Informational,10,4,3275,6.5,377,18,0.0477,0,0.0,0.0,0.0,-11.06
2025-06-14,2025-06,fitcommerce.com/blog/how-to-train-for-a-marathon,Informational,10,4,3275,12.6,350,14,0.04,0,0.0,0.0,0.0,-11.06
2025-06-15,2025-06,fitcommerce.com/blog/how-to-train-for-a-marathon,Informational,10,4,3275,6.3,426,16,0.0376,0,0.0,0.0,0.0,-11.06
2025-06-16,2025-06,fitcommerce.com/blog/how-to-train-for-a-marathon,Informational,10,4,3275,2.8,388,11,0.0284,0,0.0,0.0,0.0,-11.06
2025-06-17,2025-06,fitcommerce.com/blog/how-to-train-for-a-marathon,Informational,10,4,3275,7.7,374,23,0.0615,1,41.94,1.82,4.35,-11.06
2025-06-18,2025-06,fitcommerce.com/blog/how-to-train-for-a-marathon,Informational,10,4,3275,7.8,410,8,0.0195,1,49.58,6.2,12.5,-11.06
2025-06-19,2025-06,fitcommerce.com/blog/how-to-train-for-a-marathon,Informational,10,4,3275,8.6,348,18,0.0517,1,41.53,2.31,5.56,-11.06
2025-06-20,2025-06,fitcommerce.com/blog/how-to-train-for-a-marathon,Informational,10,4,3275,11.6,413,11,0.0266,2,96.03,8.73,18.18,-11.06
2025-06-21,2025-06,fitcommerce.com/blog/how-to-train-for-a-marathon,Informational,10,4,3275,11.1,407,13,0.0319,0,0.0,0.0,0.0,-11.06
2025-06-22,2025-06,fitcommerce.com/blog/how-to-train-for-a-marathon,Informational,10,4,3275,7.4,405,30,0.0741,0,0.0,0.0,0.0,-11.06
2025-06-23,2025-06,fitcommerce.com/blog/how-to-train-for-a-marathon,Informational,10,4,3275,8.8,402,23,0.0572,0,0.0,0.0,0.0,-11.06
2025-06-24,2025-06,fitcommerce.com/blog/how-to-train-for-a-marathon,Informational,10,4,3275,7.0,380,8,0.0211,0,0.0,0.0,0.0,-11.06
2025-06-25,2025-06,fitcommerce.com/blog/how-to-train-for-a-marathon,Informational,10,4,3275,3.1,443,20,0.0451,0,0.0,0.0,0.0,-11.06
2025-06-26,2025-06,fitcommerce.com/blog/how-to-train-for-a-marathon,Informational,10,4,3275,5.4,352,22,0.0625,0,0.0,0.0,0.0,-11.06
2025-06-27,2025-06,fitcommerce.com/blog/how-to-train-for-a-marathon,Informational,10,4,3275,7.5,416,26,0.0625,0,0.0,0.0,0.0,-11.06
2025-06-28,2025-06,fitcommerce.com/blog/how-to-train-for-a-marathon,Informational,10,4,3275,8.0,358,16,0.0447,0,0.0,0.0,0.0,-11.06
2025-06-29,2025-06,fitcommerce.com/blog/how-to-train-for-a-marathon,Informational,10,4,3275,7.7,397,18,0.0453,0,0.0,0.0,0.0,-11.06
2025-06-30,2025-06,fitcommerce.com/blog/how-to-train-for-a-marathon,Informational,10,4,3275,9.0,408,8,0.0196,1,41.22,5.15,12.5,-11.06
2025-07-01,2025-07,fitcommerce.com/blog/how-to-train-for-a-marathon,Informational,10,4,3275,9.6,326,9,0.0276,0,0.0,0.0,0.0,6.91
2025-07-02,2025-07,fitcommerce.com/blog/how-to-train-for-a-marathon,Informational,10,4,3275,13.0,354,9,0.0254,0,0.0,0.0,0.0,6.91
2025-07-03,2025-07,fitcommerce.com/blog/how-to-train-for-a-marathon,Informational,10,4,3275,7.0,391,17,0.0435,0,0.0,0.0,0.0,6.91
2025-07-04,2025-07,fitcommerce.com/blog/how-to-train-for-a-marathon,Informational,10,4,3275,3.7,429,29,0.0676,1,44.29,1.53,3.45,6.91
2025-07-05,2025-07,fitcommerce.com/blog/how-to-train-for-a-marathon,Informational,10,4,3275,8.5,390,24,0.0615,0,0.0,0.0,0.0,6.91
2025-07-06,2025-07,fitcommerce.com/blog/how-to-train-for-a-marathon,Informational,10,4,3275,8.3,378,8,0.0212,0,0.0,0.0,0.0,6.91
2025-07-07,2025-07,fitcommerce.com/blog/how-to-train-for-a-marathon,Informational,10,4,3275,10.2,378,11,0.0291,0,0.0,0.0,0.0,6.91
2025-07-08,2025-07,fitcommerce.com/blog/how-to-train-for-a-marathon,Informational,10,4,3275,14.3,417,24,0.0576,1,48.79,2.03,4.17,6.91
2025-07-09,2025-07,fitcommerce.com/blog/how-to-train-for-a-marathon,Informational,10,4,3275,5.6,343,18,0.0525,1,50.9,2.83,5.56,6.91
2025-07-10,2025-07,fitcommerce.com/blog/how-to-train-for-a-marathon,Informational,10,4,3275,6.4,364,22,0.0604,0,0.0,0.0,0.0,6.91
2025-07-11,2025-07,fitcommerce.com/blog/how-to-train-for-a-marathon,Informational,10,4,3275,2.5,316,11,0.0348,0,0.0,0.0,0.0,6.91
2025-07-12,2025-07,fitcommerce.com/blog/how-to-train-for-a-marathon,Informational,10,4,3275,8.6,318,16,0.0503,3,164.98,10.31,18.75,6.91
2025-07-13,2025-07,fitcommerce.com/blog/how-to-train-for-a-marathon,Informational,10,4,3275,6.7,356,16,0.0449,0,0.0,0.0,0.0,6.91
2025-07-14,2025-07,fitcommerce.com/blog/how-to-train-for-a-marathon,Informational,10,4,3275,9.4,327,7,0.0214,0,0.0,0.0,0.0,6.91
2025-07-15,2025-07,fitcommerce.com/blog/how-to-train-for-a-marathon,Informational,10,4,3275,4.7,405,26,0.0642,0,0.0,0.0,0.0,6.91
2025-07-16,2025-07,fitcommerce.com/blog/how-to-train-for-a-marathon,Informational,10,4,3275,8.1,320,10,0.0312,0,0.0,0.0,0.0,6.91
2025-07-17,2025-07,fitcommerce.com/blog/how-to-train-for-a-marathon,Informational,10,4,3275,2.8,365,13,0.0356,0,0.0,0.0,0.0,6.91
2025-07-18,2025-07,fitcommerce.com/blog/how-to-train-for-a-marathon,Informational,10,4,3275,4.3,395,21,0.0532,0,0.0,0.0,0.0,6.91
2025-07-19,2025-07,fitcommerce.com/blog/how-to-train-for-a-marathon,Informational,10,4,3275,3.7,359,27,0.0752,0,0.0,0.0,0.0,6.91
2025-07-20,2025-07,fitcommerce.com/blog/how-to-train-for-a-marathon,Informational,10,4,3275,3.5,314,12,0.0382,1,47.87,3.99,8.33,6.91
2025-07-21,2025-07,fitcommerce.com/blog/how-to-train-for-a-marathon,Informational,10,4,3275,7.8,394,24,0.0609,0,0.0,0.0,0.0,6.91
2025-07-22,2025-07,fitcommerce.com/blog/how-to-train-for-a-marathon,Informational,10,4,3275,4.4,392,21,0.0536,0,0.0,0.0,0.0,6.91
2025-07-23,2025-07,fitcommerce.com/blog/how-to-train-for-a-marathon,Informational,10,4,3275,8.8,371,11,0.0296,0,0.0,0.0,0.0,6.91
2025-07-24,2025-07,fitcommerce.com/blog/how-to-train-for-a-marathon,Informational,10,4,3275,8.0,323,7,0.0217,4,203.79,29.11,57.14,6.91
2025-07-25,2025-07,fitcommerce.com/blog/how-to-train-for-a-marathon,Informational,10,4,3275,12.9,315,6,0.019,1,42.98,7.16,16.67,6.91
2025-07-26,2025-07,fitcommerce.com/blog/how-to-train-for-a-marathon,Informational,10,4,3275,5.3,314,18,0.0573,0,0.0,0.0,0.0,6.91
2025-07-27,2025-07,fitcommerce.com/blog/how-to-train-for-a-marathon,Informational,10,4,3275,6.8,319,15,0.047,0,0.0,0.0,0.0,6.91
2025-07-28,2025-07,fitcommerce.com/blog/how-to-train-for-a-marathon,Informational,10,4,3275,5.4,320,7,0.0219,0,0.0,0.0,0.0,6.91
2025-07-29,2025-07,fitcommerce.com/blog/how-to-train-for-a-marathon,Informational,10,4,3275,5.6,393,20,0.0509,0,0.0,0.0,0.0,6.91
2025-07-30,2025-07,fitcommerce.com/blog/how-to-train-for-a-marathon,Informational,10,4,3275,10.9,336,14,0.0417,0,0.0,0.0,0.0,6.91
2025-07-31,2025-07,fitcommerce.com/blog/how-to-train-for-a-marathon,Informational,10,4,3275,10.8,309,13,0.0421,1,45.36,3.49,7.69,6.91
2024-08-01,2024-08,fitcommerce.com/blog/pre-workout-supplements-explained,Commercial,8,4,3815,12.7,127,8,0.063,0,0.0,0.0,0.0,
2024-08-02,2024-08,fitcommerce.com/blog/pre-workout-supplements-explained,Commercial,8,4,3815,13.1,123,6,0.0488,0,0.0,0.0,0.0,
2024-08-03,2024-08,fitcommerce.com/blog/pre-workout-supplements-explained,Commercial,8,4,3815,14.9,136,7,0.0515,0,0.0,0.0,0.0,
2024-08-04,2024-08,fitcommerce.com/blog/pre-workout-supplements-explained,Commercial,8,4,3815,15.1,145,3,0.0207,0,0.0,0.0,0.0,
2024-08-05,2024-08,fitcommerce.com/blog/pre-workout-supplements-explained,Commercial,8,4,3815,14.4,133,5,0.0376,0,0.0,0.0,0.0,
2024-08-06,2024-08,fitcommerce.com/blog/pre-workout-supplements-explained,Commercial,8,4,3815,13.0,133,4,0.0301,0,0.0,0.0,0.0,
2024-08-07,2024-08,fitcommerce.com/blog/pre-workout-supplements-explained,Commercial,8,4,3815,16.0,155,8,0.0516,0,0.0,0.0,0.0,
2024-08-08,2024-08,fitcommerce.com/blog/pre-workout-supplements-explained,Commercial,8,4,3815,13.8,158,9,0.057,0,0.0,0.0,0.0,
2024-08-09,2024-08,fitcommerce.com/blog/pre-workout-supplements-explained,Commercial,8,4,3815,18.6,134,4,0.0299,1,182.06,45.52,25.0,
2024-08-10,2024-08,fitcommerce.com/blog/pre-workout-supplements-explained,Commercial,8,4,3815,15.7,153,4,0.0261,0,0.0,0.0,0.0,
2024-08-11,2024-08,fitcommerce.com/blog/pre-workout-supplements-explained,Commercial,8,4,3815,13.2,128,5,0.0391,0,0.0,0.0,0.0,
2024-08-12,2024-08,fitcommerce.com/blog/pre-workout-supplements-explained,Commercial,8,4,3815,14.6,133,8,0.0602,0,0.0,0.0,0.0,
2024-08-13,2024-08,fitcommerce.com/blog/pre-workout-supplements-explained,Commercial,8,4,3815,13.9,121,4,0.0331,0,0.0,0.0,0.0,
2024-08-14,2024-08,fitcommerce.com/blog/pre-workout-supplements-explained,Commercial,8,4,3815,14.4,131,5,0.0382,0,0.0,0.0,0.0,
2024-08-15,2024-08,fitcommerce.com/blog/pre-workout-supplements-explained,Commercial,8,4,3815,9.8,154,11,0.0714,0,0.0,0.0,0.0,
2024-08-16,2024-08,fitcommerce.com/blog/pre-workout-supplements-explained,Commercial,8,4,3815,10.2,122,6,0.0492,0,0.0,0.0,0.0,
2024-08-17,2024-08,fitcommerce.com/blog/pre-workout-supplements-explained,Commercial,8,4,3815,7.7,140,7,0.05,0,0.0,0.0,0.0,
2024-08-18,2024-08,fitcommerce.com/blog/pre-workout-supplements-explained,Commercial,8,4,3815,13.7,128,6,0.0469,0,0.0,0.0,0.0,
2024-08-19,2024-08,fitcommerce.com/blog/pre-workout-supplements-explained,Commercial,8,4,3815,17.1,149,5,0.0336,0,0.0,0.0,0.0,
2024-08-20,2024-08,fitcommerce.com/blog/pre-workout-supplements-explained,Commercial,8,4,3815,13.6,145,4,0.0276,0,0.0,0.0,0.0,
2024-08-21,2024-08,fitcommerce.com/blog/pre-workout-supplements-explained,Commercial,8,4,3815,13.0,149,7,0.047,1,167.83,23.98,14.29,
2024-08-22,2024-08,fitcommerce.com/blog/pre-workout-supplements-explained,Commercial,8,4,3815,12.0,130,3,0.0231,0,0.0,0.0,0.0,
2024-08-23,2024-08,fitcommerce.com/blog/pre-workout-supplements-explained,Commercial,8,4,3815,12.5,128,3,0.0234,0,0.0,0.0,0.0,
2024-08-24,2024-08,fitcommerce.com/blog/pre-workout-supplements-explained,Commercial,8,4,3815,12.2,131,9,0.0687,0,0.0,0.0,0.0,
2024-08-25,2024-08,fitcommerce.com/blog/pre-workout-supplements-explained,Commercial,8,4,3815,8.9,154,4,0.026,0,0.0,0.0,0.0,
2024-08-26,2024-08,fitcommerce.com/blog/pre-workout-supplements-explained,Commercial,8,4,3815,11.7,145,9,0.0621,0,0.0,0.0,0.0,
2024-08-27,2024-08,fitcommerce.com/blog/pre-workout-supplements-explained,Commercial,8,4,3815,12.7,158,9,0.057,1,166.87,18.54,11.11,
2024-08-28,2024-08,fitcommerce.com/blog/pre-workout-supplements-explained,Commercial,8,4,3815,13.3,158,5,0.0316,0,0.0,0.0,0.0,
2024-08-29,2024-08,fitcommerce.com/blog/pre-workout-supplements-explained,Commercial,8,4,3815,15.6,134,4,0.0299,1,175.29,43.82,25.0,
2024-08-30,2024-08,fitcommerce.com/blog/pre-workout-supplements-explained,Commercial,8,4,3815,12.4,121,3,0.0248,0,0.0,0.0,0.0,
2024-08-31,2024-08,fitcommerce.com/blog/pre-workout-supplements-explained,Commercial,8,4,3815,12.9,136,3,0.0221,0,0.0,0.0,0.0,
2024-09-01,2024-09,fitcommerce.com/blog/pre-workout-supplements-explained,Commercial,8,4,3815,16.4,132,5,0.0379,0,0.0,0.0,0.0,-13.81
2024-09-02,2024-09,fitcommerce.com/blog/pre-workout-supplements-explained,Commercial,8,4,3815,13.1,131,5,0.0382,0,0.0,0.0,0.0,-13.81
2024-09-03,2024-09,fitcommerce.com/blog/pre-workout-supplements-explained,Commercial,8,4,3815,19.4,153,8,0.0523,0,0.0,0.0,0.0,-13.81
2024-09-04,2024-09,fitcommerce.com/blog/pre-workout-supplements-explained,Commercial,8,4,3815,15.1,135,4,0.0296,0,0.0,0.0,0.0,-13.81
2024-09-05,2024-09,fitcommerce.com/blog/pre-workout-supplements-explained,Commercial,8,4,3815,15.4,141,5,0.0355,0,0.0,0.0,0.0,-13.81
2024-09-06,2024-09,fitcommerce.com/blog/pre-workout-supplements-explained,Commercial,8,4,3815,15.9,144,8,0.0556,0,0.0,0.0,0.0,-13.81
2024-09-07,2024-09,fitcommerce.com/blog/pre-workout-supplements-explained,Commercial,8,4,3815,9.6,136,6,0.0441,0,0.0,0.0,0.0,-13.81
2024-09-08,2024-09,fitcommerce.com/blog/pre-workout-supplements-explained,Commercial,8,4,3815,18.9,137,8,0.0584,0,0.0,0.0,0.0,-13.81
2024-09-09,2024-09,fitcommerce.com/blog/pre-workout-supplements-explained,Commercial,8,4,3815,13.5,157,7,0.0446,0,0.0,0.0,0.0,-13.81
2024-09-10,2024-09,fitcommerce.com/blog/pre-workout-supplements-explained,Commercial,8,4,3815,14.4,128,3,0.0234,0,0.0,0.0,0.0,-13.81
2024-09-11,2024-09,fitcommerce.com/blog/pre-workout-supplements-explained,Commercial,8,4,3815,19.7,135,8,0.0593,0,0.0,0.0,0.0,-13.81
2024-09-12,2024-09,fitcommerce.com/blog/pre-workout-supplements-explained,Commercial,8,4,3815,14.4,153,7,0.0458,0,0.0,0.0,0.0,-13.81
2024-09-13,2024-09,fitcommerce.com/blog/pre-workout-supplements-explained,Commercial,8,4,3815,12.8,146,7,0.0479,0,0.0,0.0,0.0,-13.81
2024-09-14,2024-09,fitcommerce.com/blog/pre-workout-supplements-explained,Commercial,8,4,3815,12.7,146,8,0.0548,0,0.0,0.0,0.0,-13.81
2024-09-15,2024-09,fitcommerce.com/blog/pre-workout-supplements-explained,Commercial,8,4,3815,8.5,124,5,0.0403,0,0.0,0.0,0.0,-13.81
2024-09-16,2024-09,fitcommerce.com/blog/pre-workout-supplements-explained,Commercial,8,4,3815,14.0,123,4,0.0325,0,0.0,0.0,0.0,-13.81
2024-09-17,2024-09,fitcommerce.com/blog/pre-workout-supplements-explained,Commercial,8,4,3815,13.1,156,12,0.0769,1,216.65,18.05,8.33,-13.81
2024-09-18,2024-09,fitcommerce.com/blog/pre-workout-supplements-explained,Commercial,8,4,3815,17.0,143,6,0.042,0,0.0,0.0,0.0,-13.81
2024-09-19,2024-09,fitcommerce.com/blog/pre-workout-supplements-explained,Commercial,8,4,3815,12.3,144,8,0.0556,0,0.0,0.0,0.0,-13.81
2024-09-20,2024-09,fitcommerce.com/blog/pre-workout-supplements-explained,Commercial,8,4,3815,14.2,133,8,0.0602,0,0.0,0.0,0.0,-13.81
2024-09-21,2024-09,fitcommerce.com/blog/pre-workout-supplements-explained,Commercial,8,4,3815,12.0,140,8,0.0571,0,0.0,0.0,0.0,-13.81
2024-09-22,2024-09,fitcommerce.com/blog/pre-workout-supplements-explained,Commercial,8,4,3815,10.3,139,8,0.0576,0,0.0,0.0,0.0,-13.81
2024-09-23,2024-09,fitcommerce.com/blog/pre-workout-supplements-explained,Commercial,8,4,3815,12.2,161,4,0.0248,1,165.95,41.49,25.0,-13.81
2024-09-24,2024-09,fitcommerce.com/blog/pre-workout-supplements-explained,Commercial,8,4,3815,13.6,138,8,0.058,0,0.0,0.0,0.0,-13.81
2024-09-25,2024-09,fitcommerce.com/blog/pre-workout-supplements-explained,Commercial,8,4,3815,9.5,156,9,0.0577,0,0.0,0.0,0.0,-13.81
2024-09-26,2024-09,fitcommerce.com/blog/pre-workout-supplements-explained,Commercial,8,4,3815,10.8,150,9,0.06,0,0.0,0.0,0.0,-13.81
2024-09-27,2024-09,fitcommerce.com/blog/pre-workout-supplements-explained,Commercial,8,4,3815,16.6,166,5,0.0301,0,0.0,0.0,0.0,-13.81
2024-09-28,2024-09,fitcommerce.com/blog/pre-workout-supplements-explained,Commercial,8,4,3815,12.4,139,3,0.0216,0,0.0,0.0,0.0,-13.81
2024-09-29,2024-09,fitcommerce.com/blog/pre-workout-supplements-explained,Commercial,8,4,3815,12.6,153,3,0.0196,0,0.0,0.0,0.0,-13.81
2024-09-30,2024-09,fitcommerce.com/blog/pre-workout-supplements-explained,Commercial,8,4,3815,14.3,127,2,0.0157,0,0.0,0.0,0.0,-13.81
2024-10-01,2024-10,fitcommerce.com/blog/pre-workout-supplements-explained,Commercial,8,4,3815,13.0,162,8,0.0494,0,0.0,0.0,0.0,25.27
2024-10-02,2024-10,fitcommerce.com/blog/pre-workout-supplements-explained,Commercial,8,4,3815,13.1,135,3,0.0222,0,0.0,0.0,0.0,25.27
2024-10-03,2024-10,fitcommerce.com/blog/pre-workout-supplements-explained,Commercial,8,4,3815,10.5,135,5,0.037,0,0.0,0.0,0.0,25.27
2024-10-04,2024-10,fitcommerce.com/blog/pre-workout-supplements-explained,Commercial,8,4,3815,13.8,157,9,0.0573,0,0.0,0.0,0.0,25.27
2024-10-05,2024-10,fitcommerce.com/blog/pre-workout-supplements-explained,Commercial,8,4,3815,15.4,166,5,0.0301,0,0.0,0.0,0.0,25.27
2024-10-06,2024-10,fitcommerce.com/blog/pre-workout-supplements-explained,Commercial,8,4,3815,12.7,155,7,0.0452,0,0.0,0.0,0.0,25.27
2024-10-07,2024-10,fitcommerce.com/blog/pre-workout-supplements-explained,Commercial,8,4,3815,13.9,142,7,0.0493,0,0.0,0.0,0.0,25.27
2024-10-08,2024-10,fitcommerce.com/blog/pre-workout-supplements-explained,Commercial,8,4,3815,11.7,154,3,0.0195,0,0.0,0.0,0.0,25.27
2024-10-09,2024-10,fitcommerce.com/blog/pre-workout-supplements-explained,Commercial,8,4,3815,6.6,161,3,0.0186,0,0.0,0.0,0.0,25.27
2024-10-10,2024-10,fitcommerce.com/blog/pre-workout-supplements-explained,Commercial,8,4,3815,8.8,143,4,0.028,0,0.0,0.0,0.0,25.27
2024-10-11,2024-10,fitcommerce.com/blog/pre-workout-supplements-explained,Commercial,8,4,3815,9.6,136,8,0.0588,0,0.0,0.0,0.0,25.27
2024-10-12,2024-10,fitcommerce.com/blog/pre-workout-supplements-explained,Commercial,8,4,3815,15.6,136,5,0.0368,0,0.0,0.0,0.0,25.27
2024-10-13,2024-10,fitcommerce.com/blog/pre-workout-supplements-explained,Commercial,8,4,3815,12.8,143,9,0.0629,0,0.0,0.0,0.0,25.27
2024-10-14,2024-10,fitcommerce.com/blog/pre-workout-supplements-explained,Commercial,8,4,3815,4.7,160,12,0.075,0,0.0,0.0,0.0,25.27
2024-10-15,2024-10,fitcommerce.com/blog/pre-workout-supplements-explained,Commercial,8,4,3815,9.9,155,8,0.0516,0,0.0,0.0,0.0,25.27
2024-10-16,2024-10,fitcommerce.com/blog/pre-workout-supplements-explained,Commercial,8,4,3815,12.5,147,5,0.034,0,0.0,0.0,0.0,25.27
2024-10-17,2024-10,fitcommerce.com/blog/pre-workout-supplements-explained,Commercial,8,4,3815,14.1,132,8,0.0606,0,0.0,0.0,0.0,25.27
2024-10-18,2024-10,fitcommerce.com/blog/pre-workout-supplements-explained,Commercial,8,4,3815,18.4,143,10,0.0699,0,0.0,0.0,0.0,25.27
2024-10-19,2024-10,fitcommerce.com/blog/pre-workout-supplements-explained,Commercial,8,4,3815,17.7,141,6,0.0426,0,0.0,0.0,0.0,25.27
2024-10-20,2024-10,fitcommerce.com/blog/pre-workout-supplements-explained,Commercial,8,4,3815,13.0,142,2,0.0141,0,0.0,0.0,0.0,25.27
2024-10-21,2024-10,fitcommerce.com/blog/pre-workout-supplements-explained,Commercial,8,4,3815,8.3,156,7,0.0449,0,0.0,0.0,0.0,25.27
2024-10-22,2024-10,fitcommerce.com/blog/pre-workout-supplements-explained,Commercial,8,4,3815,12.3,148,9,0.0608,0,0.0,0.0,0.0,25.27
2024-10-23,2024-10,fitcommerce.com/blog/pre-workout-supplements-explained,Commercial,8,4,3815,13.2,158,3,0.019,0,0.0,0.0,0.0,25.27
2024-10-24,2024-10,fitcommerce.com/blog/pre-workout-supplements-explained,Commercial,8,4,3815,14.1,168,13,0.0774,0,0.0,0.0,0.0,25.27
2024-10-25,2024-10,fitcommerce.com/blog/pre-workout-supplements-explained,Commercial,8,4,3815,7.4,150,6,0.04,0,0.0,0.0,0.0,25.27
2024-10-26,2024-10,fitcommerce.com/blog/pre-workout-supplements-explained,Commercial,8,4,3815,10.2,169,10,0.0592,0,0.0,0.0,0.0,25.27
2024-10-27,2024-10,fitcommerce.com/blog/pre-workout-supplements-explained,Commercial,8,4,3815,11.0,162,6,0.037,0,0.0,0.0,0.0,25.27
2024-10-28,2024-10,fitcommerce.com/blog/pre-workout-supplements-explained,Commercial,8,4,3815,17.8,161,8,0.0497,0,0.0,0.0,0.0,25.27
2024-10-29,2024-10,fitcommerce.com/blog/pre-workout-supplements-explained,Commercial,8,4,3815,13.3,133,7,0.0526,0,0.0,0.0,0.0,25.27
2024-10-30,2024-10,fitcommerce.com/blog/pre-workout-supplements-explained,Commercial,8,4,3815,15.3,167,8,0.0479,0,0.0,0.0,0.0,25.27
2024-10-31,2024-10,fitcommerce.com/blog/pre-workout-supplements-explained,Commercial,8,4,3815,8.9,147,8,0.0544,0,0.0,0.0,0.0,25.27
2024-11-01,2024-11,fitcommerce.com/blog/pre-workout-supplements-explained,Commercial,8,4,3815,9.6,155,5,0.0323,0,0.0,0.0,0.0,13.64
2024-11-02,2024-11,fitcommerce.com/blog/pre-workout-supplements-explained,Commercial,8,4,3815,13.3,166,12,0.0723,1,166.7,13.89,8.33,13.64
2024-11-03,2024-11,fitcommerce.com/blog/pre-workout-supplements-explained,Commercial,8,4,3815,10.4,173,6,0.0347,0,0.0,0.0,0.0,13.64
2024-11-04,2024-11,fitcommerce.com/blog/pre-workout-supplements-explained,Commercial,8,4,3815,12.3,177,5,0.0282,0,0.0,0.0,0.0,13.64
2024-11-05,2024-11,fitcommerce.com/blog/pre-workout-supplements-explained,Commercial,8,4,3815,15.1,137,7,0.0511,1,206.48,29.5,14.29,13.64
2024-11-06,2024-11,fitcommerce.com/blog/pre-workout-supplements-explained,Commercial,8,4,3815,9.2,160,4,0.025,0,0.0,0.0,0.0,13.64
2024-11-07,2024-11,fitcommerce.com/blog/pre-workout-supplements-explained,Commercial,8,4,3815,7.4,155,8,0.0516,0,0.0,0.0,0.0,13.64
2024-11-08,2024-11,fitcommerce.com/blog/pre-workout-supplements-explained,Commercial,8,4,3815,14.7,144,6,0.0417,0,0.0,0.0,0.0,13.64
2024-11-09,2024-11,fitcommerce.com/blog/pre-workout-supplements-explained,Commercial,8,4,3815,11.7,153,8,0.0523,0,0.0,0.0,0.0,13.64
2024-11-10,2024-11,fitcommerce.com/blog/pre-workout-supplements-explained,Commercial,8,4,3815,11.0,155,3,0.0194,0,0.0,0.0,0.0,13.64
2024-11-11,2024-11,fitcommerce.com/blog/pre-workout-supplements-explained,Commercial,8,4,3815,10.7,138,10,0.0725,2,411.66,41.17,20.0,13.64
2024-11-12,2024-11,fitcommerce.com/blog/pre-workout-supplements-explained,Commercial,8,4,3815,17.2,174,11,0.0632,0,0.0,0.0,0.0,13.64
2024-11-13,2024-11,fitcommerce.com/blog/pre-workout-supplements-explained,Commercial,8,4,3815,17.3,145,10,0.069,0,0.0,0.0,0.0,13.64
2024-11-14,2024-11,fitcommerce.com/blog/pre-workout-supplements-explained,Commercial,8,4,3815,14.4,153,6,0.0392,0,0.0,0.0,0.0,13.64
2024-11-15,2024-11,fitcommerce.com/blog/pre-workout-supplements-explained,Commercial,8,4,3815,10.6,182,10,0.0549,0,0.0,0.0,0.0,13.64
2024-11-16,2024-11,fitcommerce.com/blog/pre-workout-supplements-explained,Commercial,8,4,3815,10.4,163,4,0.0245,0,0.0,0.0,0.0,13.64
2024-11-17,2024-11,fitcommerce.com/blog/pre-workout-supplements-explained,Commercial,8,4,3815,8.0,152,10,0.0658,0,0.0,0.0,0.0,13.64
2024-11-18,2024-11,fitcommerce.com/blog/pre-workout-supplements-explained,Commercial,8,4,3815,11.5,170,12,0.0706,0,0.0,0.0,0.0,13.64
2024-11-19,2024-11,fitcommerce.com/blog/pre-workout-supplements-explained,Commercial,8,4,3815,13.6,140,2,0.0143,0,0.0,0.0,0.0,13.64
2024-11-20,2024-11,fitcommerce.com/blog/pre-workout-supplements-explained,Commercial,8,4,3815,10.4,181,5,0.0276,1,223.62,44.72,20.0,13.64
2024-11-21,2024-11,fitcommerce.com/blog/pre-workout-supplements-explained,Commercial,8,4,3815,9.0,151,9,0.0596,0,0.0,0.0,0.0,13.64
2024-11-22,2024-11,fitcommerce.com/blog/pre-workout-supplements-explained,Commercial,8,4,3815,17.3,171,6,0.0351,0,0.0,0.0,0.0,13.64
2024-11-23,2024-11,fitcommerce.com/blog/pre-workout-supplements-explained,Commercial,8,4,3815,10.8,172,7,0.0407,0,0.0,0.0,0.0,13.64
2024-11-24,2024-11,fitcommerce.com/blog/pre-workout-supplements-explained,Commercial,8,4,3815,8.9,161,9,0.0559,0,0.0,0.0,0.0,13.64
2024-11-25,2024-11,fitcommerce.com/blog/pre-workout-supplements-explained,Commercial,8,4,3815,3.5,143,4,0.028,0,0.0,0.0,0.0,13.64
2024-11-26,2024-11,fitcommerce.com/blog/pre-workout-supplements-explained,Commercial,8,4,3815,12.1,178,5,0.0281,0,0.0,0.0,0.0,13.64
2024-11-27,2024-11,fitcommerce.com/blog/pre-workout-supplements-explained,Commercial,8,4,3815,12.6,187,14,0.0749,0,0.0,0.0,0.0,13.64
2024-11-28,2024-11,fitcommerce.com/blog/pre-workout-supplements-explained,Commercial,8,4,3815,12.3,154,3,0.0195,0,0.0,0.0,0.0,13.64
2024-11-29,2024-11,fitcommerce.com/blog/pre-workout-supplements-explained,Commercial,8,4,3815,15.8,179,10,0.0559,0,0.0,0.0,0.0,13.64
2024-11-30,2024-11,fitcommerce.com/blog/pre-workout-supplements-explained,Commercial,8,4,3815,14.0,191,11,0.0576,0,0.0,0.0,0.0,13.64
2024-12-01,2024-12,fitcommerce.com/blog/pre-workout-supplements-explained,Commercial,8,4,3815,14.5,162,6,0.037,0,0.0,0.0,0.0,36.35
2024-12-02,2024-12,fitcommerce.com/blog/pre-workout-supplements-explained,Commercial,8,4,3815,14.3,183,6,0.0328,1,208.86,34.81,16.67,36.35
2024-12-03,2024-12,fitcommerce.com/blog/pre-workout-supplements-explained,Commercial,8,4,3815,11.8,163,3,0.0184,0,0.0,0.0,0.0,36.35
2024-12-04,2024-12,fitcommerce.com/blog/pre-workout-supplements-explained,Commercial,8,4,3815,13.5,196,4,0.0204,0,0.0,0.0,0.0,36.35
2024-12-05,2024-12,fitcommerce.com/blog/pre-workout-supplements-explained,Commercial,8,4,3815,13.7,164,9,0.0549,0,0.0,0.0,0.0,36.35
2024-12-06,2024-12,fitcommerce.com/blog/pre-workout-supplements-explained,Commercial,8,4,3815,10.4,166,3,0.0181,0,0.0,0.0,0.0,36.35
2024-12-07,2024-12,fitcommerce.com/blog/pre-workout-supplements-explained,Commercial,8,4,3815,12.1,181,5,0.0276,0,0.0,0.0,0.0,36.35
2024-12-08,2024-12,fitcommerce.com/blog/pre-workout-supplements-explained,Commercial,8,4,3815,9.8,187,7,0.0374,0,0.0,0.0,0.0,36.35
2024-12-09,2024-12,fitcommerce.com/blog/pre-workout-supplements-explained,Commercial,8,4,3815,20.0,152,3,0.0197,0,0.0,0.0,0.0,36.35
2024-12-10,2024-12,fitcommerce.com/blog/pre-workout-supplements-explained,Commercial,8,4,3815,6.4,198,4,0.0202,0,0.0,0.0,0.0,36.35
2024-12-11,2024-12,fitcommerce.com/blog/pre-workout-supplements-explained,Commercial,8,4,3815,8.1,177,9,0.0508,0,0.0,0.0,0.0,36.35
2024-12-12,2024-12,fitcommerce.com/blog/pre-workout-supplements-explained,Commercial,8,4,3815,15.5,150,4,0.0267,0,0.0,0.0,0.0,36.35
2024-12-13,2024-12,fitcommerce.com/blog/pre-workout-supplements-explained,Commercial,8,4,3815,3.0,183,5,0.0273,1,222.47,44.49,20.0,36.35
2024-12-14,2024-12,fitcommerce.com/blog/pre-workout-supplements-explained,Commercial,8,4,3815,7.9,202,5,0.0248,0,0.0,0.0,0.0,36.35
2024-12-15,2024-12,fitcommerce.com/blog/pre-workout-supplements-explained,Commercial,8,4,3815,14.7,182,10,0.0549,0,0.0,0.0,0.0,36.35
2024-12-16,2024-12,fitcommerce.com/blog/pre-workout-supplements-explained,Commercial,8,4,3815,11.2,199,5,0.0251,0,0.0,0.0,0.0,36.35
2024-12-17,2024-12,fitcommerce.com/blog/pre-workout-supplements-explained,Commercial,8,4,3815,15.5,179,10,0.0559,0,0.0,0.0,0.0,36.35
2024-12-18,2024-12,fitcommerce.com/blog/pre-workout-supplements-explained,Commercial,8,4,3815,14.4,194,8,0.0412,1,212.6,26.58,12.5,36.35
2024-12-19,2024-12,fitcommerce.com/blog/pre-workout-supplements-explained,Commercial,8,4,3815,15.4,205,11,0.0537,1,209.43,19.04,9.09,36.35
2024-12-20,2024-12,fitcommerce.com/blog/pre-workout-supplements-explained,Commercial,8,4,3815,7.9,167,5,0.0299,0,0.0,0.0,0.0,36.35
2024-12-21,2024-12,fitcommerce.com/blog/pre-workout-supplements-explained,Commercial,8,4,3815,7.9,182,8,0.044,0,0.0,0.0,0.0,36.35
2024-12-22,2024-12,fitcommerce.com/blog/pre-workout-supplements-explained,Commercial,8,4,3815,17.8,187,7,0.0374,0,0.0,0.0,0.0,36.35
2024-12-23,2024-12,fitcommerce.com/blog/pre-workout-supplements-explained,Commercial,8,4,3815,15.3,199,6,0.0302,1,181.15,30.19,16.67,36.35
2024-12-24,2024-12,fitcommerce.com/blog/pre-workout-supplements-explained,Commercial,8,4,3815,14.6,194,10,0.0515,0,0.0,0.0,0.0,36.35
2024-12-25,2024-12,fitcommerce.com/blog/pre-workout-supplements-explained,Commercial,8,4,3815,9.7,178,5,0.0281,0,0.0,0.0,0.0,36.35
2024-12-26,2024-12,fitcommerce.com/blog/pre-workout-supplements-explained,Commercial,8,4,3815,12.2,209,14,0.067,0,0.0,0.0,0.0,36.35
2024-12-27,2024-12,fitcommerce.com/blog/pre-workout-supplements-explained,Commercial,8,4,3815,9.0,208,9,0.0433,0,0.0,0.0,0.0,36.35
2024-12-28,2024-12,fitcommerce.com/blog/pre-workout-supplements-explained,Commercial,8,4,3815,13.8,195,4,0.0205,0,0.0,0.0,0.0,36.35
2024-12-29,2024-12,fitcommerce.com/blog/pre-workout-supplements-explained,Commercial,8,4,3815,11.3,168,8,0.0476,0,0.0,0.0,0.0,36.35
2024-12-30,2024-12,fitcommerce.com/blog/pre-workout-supplements-explained,Commercial,8,4,3815,9.1,168,8,0.0476,0,0.0,0.0,0.0,36.35
2024-12-31,2024-12,fitcommerce.com/blog/pre-workout-supplements-explained,Commercial,8,4,3815,14.8,179,7,0.0391,0,0.0,0.0,0.0,36.35
2025-01-01,2025-01,fitcommerce.com/blog/pre-workout-supplements-explained,Commercial,8,4,3815,10.0,170,3,0.0176,0,0.0,0.0,0.0,2.94
2025-01-02,2025-01,fitcommerce.com/blog/pre-workout-supplements-explained,Commercial,8,4,3815,5.4,184,8,0.0435,0,0.0,0.0,0.0,2.94
2025-01-03,2025-01,fitcommerce.com/blog/pre-workout-supplements-explained,Commercial,8,4,3815,7.9,197,13,0.066,0,0.0,0.0,0.0,2.94
2025-01-04,2025-01,fitcommerce.com/blog/pre-workout-supplements-explained,Commercial,8,4,3815,10.2,217,6,0.0276,0,0.0,0.0,0.0,2.94
2025-01-05,2025-01,fitcommerce.com/blog/pre-workout-supplements-explained,Commercial,8,4,3815,7.9,180,4,0.0222,0,0.0,0.0,0.0,2.94
2025-01-06,2025-01,fitcommerce.com/blog/pre-workout-supplements-explained,Commercial,8,4,3815,10.2,182,4,0.022,0,0.0,0.0,0.0,2.94
2025-01-07,2025-01,fitcommerce.com/blog/pre-workout-supplements-explained,Commercial,8,4,3815,13.3,204,10,0.049,1,183.61,18.36,10.0,2.94
2025-01-08,2025-01,fitcommerce.com/blog/pre-workout-supplements-explained,Commercial,8,4,3815,7.7,177,7,0.0395,1,187.51,26.79,14.29,2.94
2025-01-09,2025-01,fitcommerce.com/blog/pre-workout-supplements-explained,Commercial,8,4,3815,9.4,171,10,0.0585,0,0.0,0.0,0.0,2.94
2025-01-10,2025-01,fitcommerce.com/blog/pre-workout-supplements-explained,Commercial,8,4,3815,7.8,201,10,0.0498,0,0.0,0.0,0.0,2.94
2025-01-11,2025-01,fitcommerce.com/blog/pre-workout-supplements-explained,Commercial,8,4,3815,19.6,219,10,0.0457,0,0.0,0.0,0.0,2.94
2025-01-12,2025-01,fitcommerce.com/blog/pre-workout-supplements-explained,Commercial,8,4,3815,17.6,176,11,0.0625,0,0.0,0.0,0.0,2.94
2025-01-13,2025-01,fitcommerce.com/blog/pre-workout-supplements-explained,Commercial,8,4,3815,16.5,203,9,0.0443,0,0.0,0.0,0.0,2.94
2025-01-14,2025-01,fitcommerce.com/blog/pre-workout-supplements-explained,Commercial,8,4,3815,6.8,173,12,0.0694,0,0.0,0.0,0.0,2.94
2025-01-15,2025-01,fitcommerce.com/blog/pre-workout-supplements-explained,Commercial,8,4,3815,14.2,177,7,0.0395,1,212.57,30.37,14.29,2.94
2025-01-16,2025-01,fitcommerce.com/blog/pre-workout-supplements-explained,Commercial,8,4,3815,15.8,205,8,0.039,0,0.0,0.0,0.0,2.94
2025-01-17,2025-01,fitcommerce.com/blog/pre-workout-supplements-explained,Commercial,8,4,3815,10.2,201,10,0.0498,0,0.0,0.0,0.0,2.94
2025-01-18,2025-01,fitcommerce.com/blog/pre-workout-supplements-explained,Commercial,8,4,3815,7.9,228,5,0.0219,0,0.0,0.0,0.0,2.94
2025-01-19,2025-01,fitcommerce.com/blog/pre-workout-supplements-explained,Commercial,8,4,3815,10.0,227,14,0.0617,0,0.0,0.0,0.0,2.94
2025-01-20,2025-01,fitcommerce.com/blog/pre-workout-supplements-explained,Commercial,8,4,3815,13.4,208,10,0.0481,0,0.0,0.0,0.0,2.94
2025-01-21,2025-01,fitcommerce.com/blog/pre-workout-supplements-explained,Commercial,8,4,3815,13.6,201,15,0.0746,1,175.99,11.73,6.67,2.94
2025-01-22,2025-01,fitcommerce.com/blog/pre-workout-supplements-explained,Commercial,8,4,3815,7.9,202,12,0.0594,0,0.0,0.0,0.0,2.94
2025-01-23,2025-01,fitcommerce.com/blog/pre-workout-supplements-explained,Commercial,8,4,3815,7.4,182,12,0.0659,0,0.0,0.0,0.0,2.94
2025-01-24,2025-01,fitcommerce.com/blog/pre-workout-supplements-explained,Commercial,8,4,3815,16.8,178,13,0.073,1,191.85,14.76,7.69,2.94
2025-01-25,2025-01,fitcommerce.com/blog/pre-workout-supplements-explained,Commercial,8,4,3815,11.1,205,12,0.0585,0,0.0,0.0,0.0,2.94
2025-01-26,2025-01,fitcommerce.com/blog/pre-workout-supplements-explained,Commercial,8,4,3815,7.0,196,10,0.051,0,0.0,0.0,0.0,2.94
2025-01-27,2025-01,fitcommerce.com/blog/pre-workout-supplements-explained,Commercial,8,4,3815,6.4,223,11,0.0493,1,193.33,17.58,9.09,2.94
2025-01-28,2025-01,fitcommerce.com/blog/pre-workout-supplements-explained,Commercial,8,4,3815,15.4,214,4,0.0187,1,179.5,44.88,25.0,2.94
2025-01-29,2025-01,fitcommerce.com/blog/pre-workout-supplements-explained,Commercial,8,4,3815,14.9,222,9,0.0405,0,0.0,0.0,0.0,2.94
2025-01-30,2025-01,fitcommerce.com/blog/pre-workout-supplements-explained,Commercial,8,4,3815,17.4,217,13,0.0599,2,387.11,29.78,15.38,2.94
2025-01-31,2025-01,fitcommerce.com/blog/pre-workout-supplements-explained,Commercial,8,4,3815,14.2,237,7,0.0295,0,0.0,0.0,0.0,2.94
2025-02-01,2025-02,fitcommerce.com/blog/pre-workout-supplements-explained,Commercial,8,4,3815,11.2,197,8,0.0406,0,0.0,0.0,0.0,-3.77
2025-02-02,2025-02,fitcommerce.com/blog/pre-workout-supplements-explained,Commercial,8,4,3815,9.1,197,5,0.0254,0,0.0,0.0,0.0,-3.77
2025-02-03,2025-02,fitcommerce.com/blog/pre-workout-supplements-explained,Commercial,8,4,3815,9.9,180,12,0.0667,1,206.84,17.24,8.33,-3.77
2025-02-04,2025-02,fitcommerce.com/blog/pre-workout-supplements-explained,Commercial,8,4,3815,14.7,234,10,0.0427,0,0.0,0.0,0.0,-3.77
2025-02-05,2025-02,fitcommerce.com/blog/pre-workout-supplements-explained,Commercial,8,4,3815,8.8,209,12,0.0574,0,0.0,0.0,0.0,-3.77
2025-02-06,2025-02,fitcommerce.com/blog/pre-workout-supplements-explained,Commercial,8,4,3815,9.5,217,8,0.0369,0,0.0,0.0,0.0,-3.77
2025-02-07,2025-02,fitcommerce.com/blog/pre-workout-supplements-explained,Commercial,8,4,3815,10.2,204,10,0.049,0,0.0,0.0,0.0,-3.77
2025-02-08,2025-02,fitcommerce.com/blog/pre-workout-supplements-explained,Commercial,8,4,3815,9.0,232,11,0.0474,0,0.0,0.0,0.0,-3.77
2025-02-09,2025-02,fitcommerce.com/blog/pre-workout-supplements-explained,Commercial,8,4,3815,8.0,234,10,0.0427,0,0.0,0.0,0.0,-3.77
2025-02-10,2025-02,fitcommerce.com/blog/pre-workout-supplements-explained,Commercial,8,4,3815,9.7,201,3,0.0149,0,0.0,0.0,0.0,-3.77
2025-02-11,2025-02,fitcommerce.com/blog/pre-workout-supplements-explained,Commercial,8,4,3815,19.2,206,15,0.0728,0,0.0,0.0,0.0,-3.77
2025-02-12,2025-02,fitcommerce.com/blog/pre-workout-supplements-explained,Commercial,8,4,3815,12.2,182,4,0.022,0,0.0,0.0,0.0,-3.77
2025-02-13,2025-02,fitcommerce.com/blog/pre-workout-supplements-explained,Commercial,8,4,3815,7.0,230,7,0.0304,0,0.0,0.0,0.0,-3.77
2025-02-14,2025-02,fitcommerce.com/blog/pre-workout-supplements-explained,Commercial,8,4,3815,12.7,192,11,0.0573,0,0.0,0.0,0.0,-3.77
2025-02-15,2025-02,fitcommerce.com/blog/pre-workout-supplements-explained,Commercial,8,4,3815,12.7,229,8,0.0349,1,171.05,21.38,12.5,-3.77
2025-02-16,2025-02,fitcommerce.com/blog/pre-workout-supplements-explained,Commercial,8,4,3815,14.9,211,10,0.0474,0,0.0,0.0,0.0,-3.77
2025-02-17,2025-02,fitcommerce.com/blog/pre-workout-supplements-explained,Commercial,8,4,3815,8.6,186,8,0.043,0,0.0,0.0,0.0,-3.77
2025-02-18,2025-02,fitcommerce.com/blog/pre-workout-supplements-explained,Commercial,8,4,3815,11.3,242,7,0.0289,1,194.41,27.77,14.29,-3.77
2025-02-19,2025-02,fitcommerce.com/blog/pre-workout-supplements-explained,Commercial,8,4,3815,16.1,204,10,0.049,0,0.0,0.0,0.0,-3.77
2025-02-20,2025-02,fitcommerce.com/blog/pre-workout-supplements-explained,Commercial,8,4,3815,10.5,206,10,0.0485,0,0.0,0.0,0.0,-3.77
2025-02-21,2025-02,fitcommerce.com/blog/pre-workout-supplements-explained,Commercial,8,4,3815,16.9,237,13,0.0549,0,0.0,0.0,0.0,-3.77
2025-02-22,2025-02,fitcommerce.com/blog/pre-workout-supplements-explained,Commercial,8,4,3815,10.0,191,9,0.0471,0,0.0,0.0,0.0,-3.77
2025-02-23,2025-02,fitcommerce.com/blog/pre-workout-supplements-explained,Commercial,8,4,3815,10.9,196,10,0.051,0,0.0,0.0,0.0,-3.77
2025-02-24,2025-02,fitcommerce.com/blog/pre-workout-supplements-explained,Commercial,8,4,3815,11.6,219,11,0.0502,0,0.0,0.0,0.0,-3.77
2025-02-25,2025-02,fitcommerce.com/blog/pre-workout-supplements-explained,Commercial,8,4,3815,10.2,220,17,0.0773,0,0.0,0.0,0.0,-3.77
2025-02-26,2025-02,fitcommerce.com/blog/pre-workout-supplements-explained,Commercial,8,4,3815,11.4,203,6,0.0296,1,169.23,28.2,16.67,-3.77
2025-02-27,2025-02,fitcommerce.com/blog/pre-workout-supplements-explained,Commercial,8,4,3815,12.9,209,8,0.0383,0,0.0,0.0,0.0,-3.77
2025-02-28,2025-02,fitcommerce.com/blog/pre-workout-supplements-explained,Commercial,8,4,3815,13.2,243,4,0.0165,0,0.0,0.0,0.0,-3.77
2025-03-01,2025-03,fitcommerce.com/blog/pre-workout-supplements-explained,Commercial,8,4,3815,13.4,242,11,0.0455,0,0.0,0.0,0.0,5.24
2025-03-02,2025-03,fitcommerce.com/blog/pre-workout-supplements-explained,Commercial,8,4,3815,11.6,251,11,0.0438,0,0.0,0.0,0.0,5.24
2025-03-03,2025-03,fitcommerce.com/blog/pre-workout-supplements-explained,Commercial,8,4,3815,10.7,246,11,0.0447,0,0.0,0.0,0.0,5.24
2025-03-04,2025-03,fitcommerce.com/blog/pre-workout-supplements-explained,Commercial,8,4,3815,10.8,251,7,0.0279,0,0.0,0.0,0.0,5.24
2025-03-05,2025-03,fitcommerce.com/blog/pre-workout-supplements-explained,Commercial,8,4,3815,12.0,247,7,0.0283,0,0.0,0.0,0.0,5.24
2025-03-06,2025-03,fitcommerce.com/blog/pre-workout-supplements-explained,Commercial,8,4,3815,9.0,232,6,0.0259,0,0.0,0.0,0.0,5.24
2025-03-07,2025-03,fitcommerce.com/blog/pre-workout-supplements-explained,Commercial,8,4,3815,10.6,237,11,0.0464,0,0.0,0.0,0.0,5.24
2025-03-08,2025-03,fitcommerce.com/blog/pre-workout-supplements-explained,Commercial,8,4,3815,13.3,226,6,0.0265,0,0.0,0.0,0.0,5.24
2025-03-09,2025-03,fitcommerce.com/blog/pre-workout-supplements-explained,Commercial,8,4,3815,10.9,204,10,0.049,0,0.0,0.0,0.0,5.24
2025-03-10,2025-03,fitcommerce.com/blog/pre-workout-supplements-explained,Commercial,8,4,3815,6.0,209,12,0.0574,1,188.47,15.71,8.33,5.24
2025-03-11,2025-03,fitcommerce.com/blog/pre-workout-supplements-explained,Commercial,8,4,3815,11.6,251,17,0.0677,0,0.0,0.0,0.0,5.24
2025-03-12,2025-03,fitcommerce.com/blog/pre-workout-supplements-explained,Commercial,8,4,3815,15.6,219,13,0.0594,0,0.0,0.0,0.0,5.24
2025-03-13,2025-03,fitcommerce.com/blog/pre-workout-supplements-explained,Commercial,8,4,3815,8.1,222,7,0.0315,0,0.0,0.0,0.0,5.24
2025-03-14,2025-03,fitcommerce.com/blog/pre-workout-supplements-explained,Commercial,8,4,3815,10.1,228,10,0.0439,0,0.0,0.0,0.0,5.24
2025-03-15,2025-03,fitcommerce.com/blog/pre-workout-supplements-explained,Commercial,8,4,3815,10.7,219,12,0.0548,0,0.0,0.0,0.0,5.24
2025-03-16,2025-03,fitcommerce.com/blog/pre-workout-supplements-explained,Commercial,8,4,3815,12.0,197,14,0.0711,0,0.0,0.0,0.0,5.24
2025-03-17,2025-03,fitcommerce.com/blog/pre-workout-supplements-explained,Commercial,8,4,3815,10.6,218,5,0.0229,0,0.0,0.0,0.0,5.24
2025-03-18,2025-03,fitcommerce.com/blog/pre-workout-supplements-explained,Commercial,8,4,3815,13.1,243,16,0.0658,0,0.0,0.0,0.0,5.24
2025-03-19,2025-03,fitcommerce.com/blog/pre-workout-supplements-explained,Commercial,8,4,3815,11.0,256,17,0.0664,0,0.0,0.0,0.0,5.24
2025-03-20,2025-03,fitcommerce.com/blog/pre-workout-supplements-explained,Commercial,8,4,3815,8.9,243,15,0.0617,0,0.0,0.0,0.0,5.24
2025-03-21,2025-03,fitcommerce.com/blog/pre-workout-supplements-explained,Commercial,8,4,3815,10.4,236,4,0.0169,0,0.0,0.0,0.0,5.24
2025-03-22,2025-03,fitcommerce.com/blog/pre-workout-supplements-explained,Commercial,8,4,3815,8.1,253,7,0.0277,0,0.0,0.0,0.0,5.24
2025-03-23,2025-03,fitcommerce.com/blog/pre-workout-supplements-explained,Commercial,8,4,3815,10.8,211,5,0.0237,0,0.0,0.0,0.0,5.24
2025-03-24,2025-03,fitcommerce.com/blog/pre-workout-supplements-explained,Commercial,8,4,3815,8.0,199,5,0.0251,0,0.0,0.0,0.0,5.24
2025-03-25,2025-03,fitcommerce.com/blog/pre-workout-supplements-explained,Commercial,8,4,3815,11.8,238,5,0.021,0,0.0,0.0,0.0,5.24
2025-03-26,2025-03,fitcommerce.com/blog/pre-workout-supplements-explained,Commercial,8,4,3815,12.6,206,10,0.0485,1,166.91,16.69,10.0,5.24
2025-03-27,2025-03,fitcommerce.com/blog/pre-workout-supplements-explained,Commercial,8,4,3815,11.1,200,14,0.07,1,191.55,13.68,7.14,5.24
2025-03-28,2025-03,fitcommerce.com/blog/pre-workout-supplements-explained,Commercial,8,4,3815,11.2,250,13,0.052,0,0.0,0.0,0.0,5.24
2025-03-29,2025-03,fitcommerce.com/blog/pre-workout-supplements-explained,Commercial,8,4,3815,12.7,255,12,0.0471,0,0.0,0.0,0.0,5.24
2025-03-30,2025-03,fitcommerce.com/blog/pre-workout-supplements-explained,Commercial,8,4,3815,9.4,199,12,0.0603,0,0.0,0.0,0.0,5.24
2025-03-31,2025-03,fitcommerce.com/blog/pre-workout-supplements-explained,Commercial,8,4,3815,8.9,248,18,0.0726,0,0.0,0.0,0.0,5.24
2025-04-01,2025-04,fitcommerce.com/blog/pre-workout-supplements-explained,Commercial,8,4,3815,4.9,221,7,0.0317,0,0.0,0.0,0.0,-5.74
2025-04-02,2025-04,fitcommerce.com/blog/pre-workout-supplements-explained,Commercial,8,4,3815,7.3,226,13,0.0575,0,0.0,0.0,0.0,-5.74
2025-04-03,2025-04,fitcommerce.com/blog/pre-workout-supplements-explained,Commercial,8,4,3815,8.1,246,15,0.061,1,201.28,13.42,6.67,-5.74
2025-04-04,2025-04,fitcommerce.com/blog/pre-workout-supplements-explained,Commercial,8,4,3815,7.9,201,12,0.0597,2,367.92,30.66,16.67,-5.74
2025-04-05,2025-04,fitcommerce.com/blog/pre-workout-supplements-explained,Commercial,8,4,3815,10.8,230,6,0.0261,0,0.0,0.0,0.0,-5.74
2025-04-06,2025-04,fitcommerce.com/blog/pre-workout-supplements-explained,Commercial,8,4,3815,13.2,235,15,0.0638,1,204.37,13.62,6.67,-5.74
2025-04-07,2025-04,fitcommerce.com/blog/pre-workout-supplements-explained,Commercial,8,4,3815,17.1,230,16,0.0696,1,176.25,11.02,6.25,-5.74
2025-04-08,2025-04,fitcommerce.com/blog/pre-workout-supplements-explained,Commercial,8,4,3815,9.4,218,7,0.0321,0,0.0,0.0,0.0,-5.74
2025-04-09,2025-04,fitcommerce.com/blog/pre-workout-supplements-explained,Commercial,8,4,3815,10.1,259,15,0.0579,2,354.44,23.63,13.33,-5.74
2025-04-10,2025-04,fitcommerce.com/blog/pre-workout-supplements-explained,Commercial,8,4,3815,8.8,205,9,0.0439,0,0.0,0.0,0.0,-5.74
2025-04-11,2025-04,fitcommerce.com/blog/pre-workout-supplements-explained,Commercial,8,4,3815,12.2,212,8,0.0377,0,0.0,0.0,0.0,-5.74
2025-04-12,2025-04,fitcommerce.com/blog/pre-workout-supplements-explained,Commercial,8,4,3815,11.4,249,16,0.0643,0,0.0,0.0,0.0,-5.74
2025-04-13,2025-04,fitcommerce.com/blog/pre-workout-supplements-explained,Commercial,8,4,3815,10.6,215,4,0.0186,0,0.0,0.0,0.0,-5.74
2025-04-14,2025-04,fitcommerce.com/blog/pre-workout-supplements-explained,Commercial,8,4,3815,11.6,233,10,0.0429,0,0.0,0.0,0.0,-5.74
2025-04-15,2025-04,fitcommerce.com/blog/pre-workout-supplements-explained,Commercial,8,4,3815,13.1,213,13,0.061,0,0.0,0.0,0.0,-5.74
2025-04-16,2025-04,fitcommerce.com/blog/pre-workout-supplements-explained,Commercial,8,4,3815,9.5,232,13,0.056,0,0.0,0.0,0.0,-5.74
2025-04-17,2025-04,fitcommerce.com/blog/pre-workout-supplements-explained,Commercial,8,4,3815,9.7,258,12,0.0465,1,195.42,16.28,8.33,-5.74
2025-04-18,2025-04,fitcommerce.com/blog/pre-workout-supplements-explained,Commercial,8,4,3815,5.2,213,4,0.0188,0,0.0,0.0,0.0,-5.74
2025-04-19,2025-04,fitcommerce.com/blog/pre-workout-supplements-explained,Commercial,8,4,3815,9.1,220,14,0.0636,0,0.0,0.0,0.0,-5.74
2025-04-20,2025-04,fitcommerce.com/blog/pre-workout-supplements-explained,Commercial,8,4,3815,5.9,254,5,0.0197,0,0.0,0.0,0.0,-5.74
2025-04-21,2025-04,fitcommerce.com/blog/pre-workout-supplements-explained,Commercial,8,4,3815,9.7,211,15,0.0711,0,0.0,0.0,0.0,-5.74
2025-04-22,2025-04,fitcommerce.com/blog/pre-workout-supplements-explained,Commercial,8,4,3815,10.6,208,9,0.0433,0,0.0,0.0,0.0,-5.74
2025-04-23,2025-04,fitcommerce.com/blog/pre-workout-supplements-explained,Commercial,8,4,3815,7.9,272,18,0.0662,0,0.0,0.0,0.0,-5.74
2025-04-24,2025-04,fitcommerce.com/blog/pre-workout-supplements-explained,Commercial,8,4,3815,10.5,214,7,0.0327,0,0.0,0.0,0.0,-5.74
2025-04-25,2025-04,fitcommerce.com/blog/pre-workout-supplements-explained,Commercial,8,4,3815,12.3,257,15,0.0584,0,0.0,0.0,0.0,-5.74
2025-04-26,2025-04,fitcommerce.com/blog/pre-workout-supplements-explained,Commercial,8,4,3815,12.3,262,14,0.0534,0,0.0,0.0,0.0,-5.74
2025-04-27,2025-04,fitcommerce.com/blog/pre-workout-supplements-explained,Commercial,8,4,3815,7.4,236,9,0.0381,0,0.0,0.0,0.0,-5.74
2025-04-28,2025-04,fitcommerce.com/blog/pre-workout-supplements-explained,Commercial,8,4,3815,6.1,252,14,0.0556,0,0.0,0.0,0.0,-5.74
2025-04-29,2025-04,fitcommerce.com/blog/pre-workout-supplements-explained,Commercial,8,4,3815,12.1,267,7,0.0262,0,0.0,0.0,0.0,-5.74
2025-04-30,2025-04,fitcommerce.com/blog/pre-workout-supplements-explained,Commercial,8,4,3815,8.5,259,11,0.0425,0,0.0,0.0,0.0,-5.74
2025-05-01,2025-05,fitcommerce.com/blog/pre-workout-supplements-explained,Commercial,8,4,3815,12.2,203,6,0.0296,0,0.0,0.0,0.0,4.19
2025-05-02,2025-05,fitcommerce.com/blog/pre-workout-supplements-explained,Commercial,8,4,3815,17.5,266,15,0.0564,0,0.0,0.0,0.0,4.19
2025-05-03,2025-05,fitcommerce.com/blog/pre-workout-supplements-explained,Commercial,8,4,3815,5.3,209,7,0.0335,0,0.0,0.0,0.0,4.19
2025-05-04,2025-05,fitcommerce.com/blog/pre-workout-supplements-explained,Commercial,8,4,3815,10.6,241,13,0.0539,0,0.0,0.0,0.0,4.19
2025-05-05,2025-05,fitcommerce.com/blog/pre-workout-supplements-explained,Commercial,8,4,3815,8.9,251,15,0.0598,1,210.4,14.03,6.67,4.19
2025-05-06,2025-05,fitcommerce.com/blog/pre-workout-supplements-explained,Commercial,8,4,3815,11.7,267,16,0.0599,0,0.0,0.0,0.0,4.19
2025-05-07,2025-05,fitcommerce.com/blog/pre-workout-supplements-explained,Commercial,8,4,3815,9.3,254,18,0.0709,0,0.0,0.0,0.0,4.19
2025-05-08,2025-05,fitcommerce.com/blog/pre-workout-supplements-explained,Commercial,8,4,3815,10.6,246,5,0.0203,0,0.0,0.0,0.0,4.19
2025-05-09,2025-05,fitcommerce.com/blog/pre-workout-supplements-explained,Commercial,8,4,3815,8.2,255,8,0.0314,1,202.05,25.26,12.5,4.19
2025-05-10,2025-05,fitcommerce.com/blog/pre-workout-supplements-explained,Commercial,8,4,3815,12.3,236,5,0.0212,0,0.0,0.0,0.0,4.19
2025-05-11,2025-05,fitcommerce.com/blog/pre-workout-supplements-explained,Commercial,8,4,3815,8.4,260,12,0.0462,0,0.0,0.0,0.0,4.19
2025-05-12,2025-05,fitcommerce.com/blog/pre-workout-supplements-explained,Commercial,8,4,3815,9.6,240,9,0.0375,0,0.0,0.0,0.0,4.19
2025-05-13,2025-05,fitcommerce.com/blog/pre-workout-supplements-explained,Commercial,8,4,3815,13.3,262,5,0.0191,0,0.0,0.0,0.0,4.19
2025-05-14,2025-05,fitcommerce.com/blog/pre-workout-supplements-explained,Commercial,8,4,3815,5.2,272,13,0.0478,0,0.0,0.0,0.0,4.19
2025-05-15,2025-05,fitcommerce.com/blog/pre-workout-supplements-explained,Commercial,8,4,3815,10.1,254,6,0.0236,0,0.0,0.0,0.0,4.19
2025-05-16,2025-05,fitcommerce.com/blog/pre-workout-supplements-explained,Commercial,8,4,3815,10.3,243,16,0.0658,0,0.0,0.0,0.0,4.19
2025-05-17,2025-05,fitcommerce.com/blog/pre-workout-supplements-explained,Commercial,8,4,3815,6.5,209,5,0.0239,1,209.46,41.89,20.0,4.19
2025-05-18,2025-05,fitcommerce.com/blog/pre-workout-supplements-explained,Commercial,8,4,3815,10.1,239,5,0.0209,0,0.0,0.0,0.0,4.19
2025-05-19,2025-05,fitcommerce.com/blog/pre-workout-supplements-explained,Commercial,8,4,3815,10.6,208,6,0.0288,0,0.0,0.0,0.0,4.19
2025-05-20,2025-05,fitcommerce.com/blog/pre-workout-supplements-explained,Commercial,8,4,3815,14.6,266,6,0.0226,1,179.43,29.9,16.67,4.19
2025-05-21,2025-05,fitcommerce.com/blog/pre-workout-supplements-explained,Commercial,8,4,3815,16.2,270,17,0.063,0,0.0,0.0,0.0,4.19
2025-05-22,2025-05,fitcommerce.com/blog/pre-workout-supplements-explained,Commercial,8,4,3815,11.8,227,11,0.0485,0,0.0,0.0,0.0,4.19
2025-05-23,2025-05,fitcommerce.com/blog/pre-workout-supplements-explained,Commercial,8,4,3815,4.2,219,5,0.0228,0,0.0,0.0,0.0,4.19
2025-05-24,2025-05,fitcommerce.com/blog/pre-workout-supplements-explained,Commercial,8,4,3815,7.3,255,16,0.0627,0,0.0,0.0,0.0,4.19
2025-05-25,2025-05,fitcommerce.com/blog/pre-workout-supplements-explained,Commercial,8,4,3815,10.4,266,14,0.0526,0,0.0,0.0,0.0,4.19
2025-05-26,2025-05,fitcommerce.com/blog/pre-workout-supplements-explained,Commercial,8,4,3815,10.0,258,8,0.031,0,0.0,0.0,0.0,4.19
2025-05-27,2025-05,fitcommerce.com/blog/pre-workout-supplements-explained,Commercial,8,4,3815,9.8,223,16,0.0717,0,0.0,0.0,0.0,4.19
2025-05-28,2025-05,fitcommerce.com/blog/pre-workout-supplements-explained,Commercial,8,4,3815,10.7,255,7,0.0275,0,0.0,0.0,0.0,4.19
2025-05-29,2025-05,fitcommerce.com/blog/pre-workout-supplements-explained,Commercial,8,4,3815,12.6,226,5,0.0221,1,200.12,40.02,20.0,4.19
2025-05-30,2025-05,fitcommerce.com/blog/pre-workout-supplements-explained,Commercial,8,4,3815,11.2,253,18,0.0711,0,0.0,0.0,0.0,4.19
2025-05-31,2025-05,fitcommerce.com/blog/pre-workout-supplements-explained,Commercial,8,4,3815,11.7,246,11,0.0447,0,0.0,0.0,0.0,4.19
2025-06-01,2025-06,fitcommerce.com/blog/pre-workout-supplements-explained,Commercial,8,4,3815,10.7,247,8,0.0324,0,0.0,0.0,0.0,-11.06
2025-06-02,2025-06,fitcommerce.com/blog/pre-workout-supplements-explained,Commercial,8,4,3815,4.1,220,6,0.0273,0,0.0,0.0,0.0,-11.06
2025-06-03,2025-06,fitcommerce.com/blog/pre-workout-supplements-explained,Commercial,8,4,3815,6.2,213,12,0.0563,0,0.0,0.0,0.0,-11.06
2025-06-04,2025-06,fitcommerce.com/blog/pre-workout-supplements-explained,Commercial,8,4,3815,10.2,223,10,0.0448,1,178.93,17.89,10.0,-11.06
2025-06-05,2025-06,fitcommerce.com/blog/pre-workout-supplements-explained,Commercial,8,4,3815,9.7,255,8,0.0314,1,189.22,23.65,12.5,-11.06
2025-06-06,2025-06,fitcommerce.com/blog/pre-workout-supplements-explained,Commercial,8,4,3815,11.3,250,16,0.064,0,0.0,0.0,0.0,-11.06
2025-06-07,2025-06,fitcommerce.com/blog/pre-workout-supplements-explained,Commercial,8,4,3815,12.5,249,17,0.0683,0,0.0,0.0,0.0,-11.06
2025-06-08,2025-06,fitcommerce.com/blog/pre-workout-supplements-explained,Commercial,8,4,3815,10.6,247,12,0.0486,0,0.0,0.0,0.0,-11.06
2025-06-09,2025-06,fitcommerce.com/blog/pre-workout-supplements-explained,Commercial,8,4,3815,9.7,226,6,0.0265,0,0.0,0.0,0.0,-11.06
2025-06-10,2025-06,fitcommerce.com/blog/pre-workout-supplements-explained,Commercial,8,4,3815,9.4,243,13,0.0535,0,0.0,0.0,0.0,-11.06
2025-06-11,2025-06,fitcommerce.com/blog/pre-workout-supplements-explained,Commercial,8,4,3815,10.7,258,14,0.0543,0,0.0,0.0,0.0,-11.06
2025-06-12,2025-06,fitcommerce.com/blog/pre-workout-supplements-explained,Commercial,8,4,3815,4.0,244,14,0.0574,0,0.0,0.0,0.0,-11.06
2025-06-13,2025-06,fitcommerce.com/blog/pre-workout-supplements-explained,Commercial,8,4,3815,7.9,262,19,0.0725,1,169.06,8.9,5.26,-11.06
2025-06-14,2025-06,fitcommerce.com/blog/pre-workout-supplements-explained,Commercial,8,4,3815,4.5,215,3,0.014,1,220.51,73.5,33.33,-11.06
2025-06-15,2025-06,fitcommerce.com/blog/pre-workout-supplements-explained,Commercial,8,4,3815,12.6,199,10,0.0503,0,0.0,0.0,0.0,-11.06
2025-06-16,2025-06,fitcommerce.com/blog/pre-workout-supplements-explained,Commercial,8,4,3815,7.1,257,18,0.07,0,0.0,0.0,0.0,-11.06
2025-06-17,2025-06,fitcommerce.com/blog/pre-workout-supplements-explained,Commercial,8,4,3815,8.1,231,7,0.0303,1,176.18,25.17,14.29,-11.06
2025-06-18,2025-06,fitcommerce.com/blog/pre-workout-supplements-explained,Commercial,8,4,3815,5.3,267,4,0.015,0,0.0,0.0,0.0,-11.06
2025-06-19,2025-06,fitcommerce.com/blog/pre-workout-supplements-explained,Commercial,8,4,3815,5.9,211,11,0.0521,0,0.0,0.0,0.0,-11.06
2025-06-20,2025-06,fitcommerce.com/blog/pre-workout-supplements-explained,Commercial,8,4,3815,8.9,226,5,0.0221,0,0.0,0.0,0.0,-11.06
2025-06-21,2025-06,fitcommerce.com/blog/pre-workout-supplements-explained,Commercial,8,4,3815,7.6,204,12,0.0588,0,0.0,0.0,0.0,-11.06
2025-06-22,2025-06,fitcommerce.com/blog/pre-workout-supplements-explained,Commercial,8,4,3815,14.2,224,5,0.0223,0,0.0,0.0,0.0,-11.06
2025-06-23,2025-06,fitcommerce.com/blog/pre-workout-supplements-explained,Commercial,8,4,3815,10.9,233,11,0.0472,0,0.0,0.0,0.0,-11.06
2025-06-24,2025-06,fitcommerce.com/blog/pre-workout-supplements-explained,Commercial,8,4,3815,11.4,207,8,0.0386,0,0.0,0.0,0.0,-11.06
2025-06-25,2025-06,fitcommerce.com/blog/pre-workout-supplements-explained,Commercial,8,4,3815,10.2,245,8,0.0327,0,0.0,0.0,0.0,-11.06
2025-06-26,2025-06,fitcommerce.com/blog/pre-workout-supplements-explained,Commercial,8,4,3815,12.3,221,4,0.0181,1,196.38,49.1,25.0,-11.06
2025-06-27,2025-06,fitcommerce.com/blog/pre-workout-supplements-explained,Commercial,8,4,3815,9.9,260,15,0.0577,0,0.0,0.0,0.0,-11.06
2025-06-28,2025-06,fitcommerce.com/blog/pre-workout-supplements-explained,Commercial,8,4,3815,6.0,251,9,0.0359,0,0.0,0.0,0.0,-11.06
2025-06-29,2025-06,fitcommerce.com/blog/pre-workout-supplements-explained,Commercial,8,4,3815,11.6,236,13,0.0551,0,0.0,0.0,0.0,-11.06
2025-06-30,2025-06,fitcommerce.com/blog/pre-workout-supplements-explained,Commercial,8,4,3815,11.5,241,7,0.029,1,202.51,28.93,14.29,-11.06
2025-07-01,2025-07,fitcommerce.com/blog/pre-workout-supplements-explained,Commercial,8,4,3815,3.5,249,14,0.0562,1,165.64,11.83,7.14,6.91
2025-07-02,2025-07,fitcommerce.com/blog/pre-workout-supplements-explained,Commercial,8,4,3815,10.3,211,9,0.0427,0,0.0,0.0,0.0,6.91
2025-07-03,2025-07,fitcommerce.com/blog/pre-workout-supplements-explained,Commercial,8,4,3815,4.8,196,13,0.0663,0,0.0,0.0,0.0,6.91
2025-07-04,2025-07,fitcommerce.com/blog/pre-workout-supplements-explained,Commercial,8,4,3815,14.9,218,11,0.0505,0,0.0,0.0,0.0,6.91
2025-07-05,2025-07,fitcommerce.com/blog/pre-workout-supplements-explained,Commercial,8,4,3815,11.7,196,15,0.0765,0,0.0,0.0,0.0,6.91
2025-07-06,2025-07,fitcommerce.com/blog/pre-workout-supplements-explained,Commercial,8,4,3815,11.6,221,12,0.0543,0,0.0,0.0,0.0,6.91
2025-07-07,2025-07,fitcommerce.com/blog/pre-workout-supplements-explained,Commercial,8,4,3815,3.5,256,6,0.0234,0,0.0,0.0,0.0,6.91
2025-07-08,2025-07,fitcommerce.com/blog/pre-workout-supplements-explained,Commercial,8,4,3815,10.8,223,11,0.0493,1,222.53,20.23,9.09,6.91
2025-07-09,2025-07,fitcommerce.com/blog/pre-workout-supplements-explained,Commercial,8,4,3815,10.5,229,7,0.0306,1,191.27,27.32,14.29,6.91
2025-07-10,2025-07,fitcommerce.com/blog/pre-workout-supplements-explained,Commercial,8,4,3815,1.5,244,5,0.0205,1,177.72,35.54,20.0,6.91
2025-07-11,2025-07,fitcommerce.com/blog/pre-workout-supplements-explained,Commercial,8,4,3815,7.3,219,7,0.032,0,0.0,0.0,0.0,6.91
2025-07-12,2025-07,fitcommerce.com/blog/pre-workout-supplements-explained,Commercial,8,4,3815,12.3,227,10,0.0441,0,0.0,0.0,0.0,6.91
2025-07-13,2025-07,fitcommerce.com/blog/pre-workout-supplements-explained,Commercial,8,4,3815,7.3,242,11,0.0455,0,0.0,0.0,0.0,6.91
2025-07-14,2025-07,fitcommerce.com/blog/pre-workout-supplements-explained,Commercial,8,4,3815,11.3,253,12,0.0474,1,170.34,14.2,8.33,6.91
2025-07-15,2025-07,fitcommerce.com/blog/pre-workout-supplements-explained,Commercial,8,4,3815,7.9,252,15,0.0595,0,0.0,0.0,0.0,6.91
2025-07-16,2025-07,fitcommerce.com/blog/pre-workout-supplements-explained,Commercial,8,4,3815,13.8,229,4,0.0175,1,171.11,42.78,25.0,6.91
2025-07-17,2025-07,fitcommerce.com/blog/pre-workout-supplements-explained,Commercial,8,4,3815,11.0,248,4,0.0161,0,0.0,0.0,0.0,6.91
2025-07-18,2025-07,fitcommerce.com/blog/pre-workout-supplements-explained,Commercial,8,4,3815,4.2,232,13,0.056,0,0.0,0.0,0.0,6.91
2025-07-19,2025-07,fitcommerce.com/blog/pre-workout-supplements-explained,Commercial,8,4,3815,11.6,226,12,0.0531,0,0.0,0.0,0.0,6.91
2025-07-20,2025-07,fitcommerce.com/blog/pre-workout-supplements-explained,Commercial,8,4,3815,9.8,218,6,0.0275,1,178.98,29.83,16.67,6.91
2025-07-21,2025-07,fitcommerce.com/blog/pre-workout-supplements-explained,Commercial,8,4,3815,9.7,233,5,0.0215,0,0.0,0.0,0.0,6.91
2025-07-22,2025-07,fitcommerce.com/blog/pre-workout-supplements-explained,Commercial,8,4,3815,13.2,209,11,0.0526,0,0.0,0.0,0.0,6.91
2025-07-23,2025-07,fitcommerce.com/blog/pre-workout-supplements-explained,Commercial,8,4,3815,6.6,240,10,0.0417,0,0.0,0.0,0.0,6.91
2025-07-24,2025-07,fitcommerce.com/blog/pre-workout-supplements-explained,Commercial,8,4,3815,7.1,191,11,0.0576,0,0.0,0.0,0.0,6.91
2025-07-25,2025-07,fitcommerce.com/blog/pre-workout-supplements-explained,Commercial,8,4,3815,6.8,244,7,0.0287,0,0.0,0.0,0.0,6.91
2025-07-26,2025-07,fitcommerce.com/blog/pre-workout-supplements-explained,Commercial,8,4,3815,14.8,237,10,0.0422,0,0.0,0.0,0.0,6.91
2025-07-27,2025-07,fitcommerce.com/blog/pre-workout-supplements-explained,Commercial,8,4,3815,7.6,242,14,0.0579,0,0.0,0.0,0.0,6.91
2025-07-28,2025-07,fitcommerce.com/blog/pre-workout-supplements-explained,Commercial,8,4,3815,6.9,216,6,0.0278,0,0.0,0.0,0.0,6.91
2025-07-29,2025-07,fitcommerce.com/blog/pre-workout-supplements-explained,Commercial,8,4,3815,9.1,243,12,0.0494,0,0.0,0.0,0.0,6.91
2025-07-30,2025-07,fitcommerce.com/blog/pre-workout-supplements-explained,Commercial,8,4,3815,8.9,202,14,0.0693,0,0.0,0.0,0.0,6.91
2025-07-31,2025-07,fitcommerce.com/blog/pre-workout-supplements-explained,Commercial,8,4,3815,7.0,238,17,0.0714,0,0.0,0.0,0.0,6.91
2024-08-01,2024-08,fitcommerce.com/blog/protein-powder-buying-guide,Commercial,9,4,4337,12.6,286,10,0.035,0,0.0,0.0,0.0,
2024-08-02,2024-08,fitcommerce.com/blog/protein-powder-buying-guide,Commercial,9,4,4337,18.7,226,11,0.0487,0,0.0,0.0,0.0,
2024-08-03,2024-08,fitcommerce.com/blog/protein-powder-buying-guide,Commercial,9,4,4337,14.2,284,20,0.0704,0,0.0,0.0,0.0,
2024-08-04,2024-08,fitcommerce.com/blog/protein-powder-buying-guide,Commercial,9,4,4337,11.4,281,7,0.0249,0,0.0,0.0,0.0,
2024-08-05,2024-08,fitcommerce.com/blog/protein-powder-buying-guide,Commercial,9,4,4337,9.5,243,9,0.037,1,175.31,19.48,11.11,
2024-08-06,2024-08,fitcommerce.com/blog/protein-powder-buying-guide,Commercial,9,4,4337,18.2,266,6,0.0226,0,0.0,0.0,0.0,
2024-08-07,2024-08,fitcommerce.com/blog/protein-powder-buying-guide,Commercial,9,4,4337,13.9,270,12,0.0444,1,162.89,13.57,8.33,
2024-08-08,2024-08,fitcommerce.com/blog/protein-powder-buying-guide,Commercial,9,4,4337,12.3,255,5,0.0196,1,176.01,35.2,20.0,
2024-08-09,2024-08,fitcommerce.com/blog/protein-powder-buying-guide,Commercial,9,4,4337,13.5,234,18,0.0769,1,143.92,8.0,5.56,
2024-08-10,2024-08,fitcommerce.com/blog/protein-powder-buying-guide,Commercial,9,4,4337,15.5,240,4,0.0167,1,173.83,43.46,25.0,
2024-08-11,2024-08,fitcommerce.com/blog/protein-powder-buying-guide,Commercial,9,4,4337,13.4,224,10,0.0446,0,0.0,0.0,0.0,
2024-08-12,2024-08,fitcommerce.com/blog/protein-powder-buying-guide,Commercial,9,4,4337,17.3,288,12,0.0417,1,170.44,14.2,8.33,
2024-08-13,2024-08,fitcommerce.com/blog/protein-powder-buying-guide,Commercial,9,4,4337,9.3,228,7,0.0307,0,0.0,0.0,0.0,
2024-08-14,2024-08,fitcommerce.com/blog/protein-powder-buying-guide,Commercial,9,4,4337,9.9,283,19,0.0671,1,148.74,7.83,5.26,
2024-08-15,2024-08,fitcommerce.com/blog/protein-powder-buying-guide,Commercial,9,4,4337,10.3,262,8,0.0305,0,0.0,0.0,0.0,
2024-08-16,2024-08,fitcommerce.com/blog/protein-powder-buying-guide,Commercial,9,4,4337,12.8,259,14,0.0541,0,0.0,0.0,0.0,
2024-08-17,2024-08,fitcommerce.com/blog/protein-powder-buying-guide,Commercial,9,4,4337,12.6,232,8,0.0345,0,0.0,0.0,0.0,
2024-08-18,2024-08,fitcommerce.com/blog/protein-powder-buying-guide,Commercial,9,4,4337,12.1,259,13,0.0502,0,0.0,0.0,0.0,
2024-08-19,2024-08,fitcommerce.com/blog/protein-powder-buying-guide,Commercial,9,4,4337,15.2,249,13,0.0522,0,0.0,0.0,0.0,
2024-08-20,2024-08,fitcommerce.com/blog/protein-powder-buying-guide,Commercial,9,4,4337,10.2,222,13,0.0586,0,0.0,0.0,0.0,
2024-08-21,2024-08,fitcommerce.com/blog/protein-powder-buying-guide,Commercial,9,4,4337,17.0,218,9,0.0413,0,0.0,0.0,0.0,
2024-08-22,2024-08,fitcommerce.com/blog/protein-powder-buying-guide,Commercial,9,4,4337,11.9,243,5,0.0206,0,0.0,0.0,0.0,
2024-08-23,2024-08,fitcommerce.com/blog/protein-powder-buying-guide,Commercial,9,4,4337,12.7,283,5,0.0177,0,0.0,0.0,0.0,
2024-08-24,2024-08,fitcommerce.com/blog/protein-powder-buying-guide,Commercial,9,4,4337,15.5,224,9,0.0402,0,0.0,0.0,0.0,
2024-08-25,2024-08,fitcommerce.com/blog/protein-powder-buying-guide,Commercial,9,4,4337,11.0,256,16,0.0625,0,0.0,0.0,0.0,
2024-08-26,2024-08,fitcommerce.com/blog/protein-powder-buying-guide,Commercial,9,4,4337,12.7,255,6,0.0235,0,0.0,0.0,0.0,
2024-08-27,2024-08,fitcommerce.com/blog/protein-powder-buying-guide,Commercial,9,4,4337,15.2,243,13,0.0535,0,0.0,0.0,0.0,
2024-08-28,2024-08,fitcommerce.com/blog/protein-powder-buying-guide,Commercial,9,4,4337,12.7,287,16,0.0557,0,0.0,0.0,0.0,
2024-08-29,2024-08,fitcommerce.com/blog/protein-powder-buying-guide,Commercial,9,4,4337,8.3,232,15,0.0647,0,0.0,0.0,0.0,
2024-08-30,2024-08,fitcommerce.com/blog/protein-powder-buying-guide,Commercial,9,4,4337,11.6,247,10,0.0405,1,171.74,17.17,10.0,
2024-08-31,2024-08,fitcommerce.com/blog/protein-powder-buying-guide,Commercial,9,4,4337,4.6,242,16,0.0661,0,0.0,0.0,0.0,
2024-09-01,2024-09,fitcommerce.com/blog/protein-powder-buying-guide,Commercial,9,4,4337,16.7,273,15,0.0549,1,169.78,11.32,6.67,-13.81
2024-09-02,2024-09,fitcommerce.com/blog/protein-powder-buying-guide,Commercial,9,4,4337,12.6,243,17,0.07,0,0.0,0.0,0.0,-13.81
2024-09-03,2024-09,fitcommerce.com/blog/protein-powder-buying-guide,Commercial,9,4,4337,12.2,263,16,0.0608,0,0.0,0.0,0.0,-13.81
2024-09-04,2024-09,fitcommerce.com/blog/protein-powder-buying-guide,Commercial,9,4,4337,16.5,219,9,0.0411,0,0.0,0.0,0.0,-13.81
2024-09-05,2024-09,fitcommerce.com/blog/protein-powder-buying-guide,Commercial,9,4,4337,9.8,250,13,0.052,0,0.0,0.0,0.0,-13.81
2024-09-06,2024-09,fitcommerce.com/blog/protein-powder-buying-guide,Commercial,9,4,4337,14.6,273,11,0.0403,0,0.0,0.0,0.0,-13.81
2024-09-07,2024-09,fitcommerce.com/blog/protein-powder-buying-guide,Commercial,9,4,4337,10.5,238,13,0.0546,1,166.53,12.81,7.69,-13.81
2024-09-08,2024-09,fitcommerce.com/blog/protein-powder-buying-guide,Commercial,9,4,4337,5.4,285,14,0.0491,0,0.0,0.0,0.0,-13.81
2024-09-09,2024-09,fitcommerce.com/blog/protein-powder-buying-guide,Commercial,9,4,4337,15.4,236,8,0.0339,0,0.0,0.0,0.0,-13.81
2024-09-10,2024-09,fitcommerce.com/blog/protein-powder-buying-guide,Commercial,9,4,4337,9.5,281,11,0.0391,0,0.0,0.0,0.0,-13.81
2024-09-11,2024-09,fitcommerce.com/blog/protein-powder-buying-guide,Commercial,9,4,4337,7.5,272,14,0.0515,0,0.0,0.0,0.0,-13.81
2024-09-12,2024-09,fitcommerce.com/blog/protein-powder-buying-guide,Commercial,9,4,4337,15.6,267,7,0.0262,1,132.64,18.95,14.29,-13.81
2024-09-13,2024-09,fitcommerce.com/blog/protein-powder-buying-guide,Commercial,9,4,4337,8.1,226,9,0.0398,1,177.31,19.7,11.11,-13.81
2024-09-14,2024-09,fitcommerce.com/blog/protein-powder-buying-guide,Commercial,9,4,4337,17.5,254,14,0.0551,0,0.0,0.0,0.0,-13.81
2024-09-15,2024-09,fitcommerce.com/blog/protein-powder-buying-guide,Commercial,9,4,4337,12.0,284,7,0.0246,0,0.0,0.0,0.0,-13.81
2024-09-16,2024-09,fitcommerce.com/blog/protein-powder-buying-guide,Commercial,9,4,4337,14.0,251,7,0.0279,0,0.0,0.0,0.0,-13.81
2024-09-17,2024-09,fitcommerce.com/blog/protein-powder-buying-guide,Commercial,9,4,4337,14.8,259,11,0.0425,0,0.0,0.0,0.0,-13.81
2024-09-18,2024-09,fitcommerce.com/blog/protein-powder-buying-guide,Commercial,9,4,4337,7.3,284,14,0.0493,0,0.0,0.0,0.0,-13.81
2024-09-19,2024-09,fitcommerce.com/blog/protein-powder-buying-guide,Commercial,9,4,4337,7.8,292,19,0.0651,0,0.0,0.0,0.0,-13.81
2024-09-20,2024-09,fitcommerce.com/blog/protein-powder-buying-guide,Commercial,9,4,4337,13.5,223,10,0.0448,1,140.28,14.03,10.0,-13.81
2024-09-21,2024-09,fitcommerce.com/blog/protein-powder-buying-guide,Commercial,9,4,4337,9.4,242,11,0.0455,0,0.0,0.0,0.0,-13.81
2024-09-22,2024-09,fitcommerce.com/blog/protein-powder-buying-guide,Commercial,9,4,4337,13.9,249,15,0.0602,0,0.0,0.0,0.0,-13.81
2024-09-23,2024-09,fitcommerce.com/blog/protein-powder-buying-guide,Commercial,9,4,4337,9.0,276,20,0.0725,1,171.29,8.56,5.0,-13.81
2024-09-24,2024-09,fitcommerce.com/blog/protein-powder-buying-guide,Commercial,9,4,4337,13.9,272,14,0.0515,4,662.32,47.31,28.57,-13.81
2024-09-25,2024-09,fitcommerce.com/blog/protein-powder-buying-guide,Commercial,9,4,4337,8.5,258,11,0.0426,0,0.0,0.0,0.0,-13.81
2024-09-26,2024-09,fitcommerce.com/blog/protein-powder-buying-guide,Commercial,9,4,4337,13.0,283,6,0.0212,1,169.63,28.27,16.67,-13.81
2024-09-27,2024-09,fitcommerce.com/blog/protein-powder-buying-guide,Commercial,9,4,4337,14.1,255,13,0.051,0,0.0,0.0,0.0,-13.81
2024-09-28,2024-09,fitcommerce.com/blog/protein-powder-buying-guide,Commercial,9,4,4337,7.6,248,19,0.0766,2,343.61,18.08,10.53,-13.81
2024-09-29,2024-09,fitcommerce.com/blog/protein-powder-buying-guide,Commercial,9,4,4337,12.6,261,10,0.0383,1,148.27,14.83,10.0,-13.81
2024-09-30,2024-09,fitcommerce.com/blog/protein-powder-buying-guide,Commercial,9,4,4337,11.0,248,13,0.0524,0,0.0,0.0,0.0,-13.81
2024-10-01,2024-10,fitcommerce.com/blog/protein-powder-buying-guide,Commercial,9,4,4337,19.8,266,15,0.0564,0,0.0,0.0,0.0,25.27
2024-10-02,2024-10,fitcommerce.com/blog/protein-powder-buying-guide,Commercial,9,4,4337,13.8,241,10,0.0415,0,0.0,0.0,0.0,25.27
2024-10-03,2024-10,fitcommerce.com/blog/protein-powder-buying-guide,Commercial,9,4,4337,10.5,229,6,0.0262,0,0.0,0.0,0.0,25.27
2024-10-04,2024-10,fitcommerce.com/blog/protein-powder-buying-guide,Commercial,9,4,4337,10.8,263,12,0.0456,0,0.0,0.0,0.0,25.27
2024-10-05,2024-10,fitcommerce.com/blog/protein-powder-buying-guide,Commercial,9,4,4337,16.1,269,5,0.0186,1,174.18,34.84,20.0,25.27
2024-10-06,2024-10,fitcommerce.com/blog/protein-powder-buying-guide,Commercial,9,4,4337,11.9,245,8,0.0327,1,165.88,20.74,12.5,25.27
2024-10-07,2024-10,fitcommerce.com/blog/protein-powder-buying-guide,Commercial,9,4,4337,8.8,260,13,0.05,0,0.0,0.0,0.0,25.27
2024-10-08,2024-10,fitcommerce.com/blog/protein-powder-buying-guide,Commercial,9,4,4337,9.2,233,7,0.03,0,0.0,0.0,0.0,25.27
2024-10-09,2024-10,fitcommerce.com/blog/protein-powder-buying-guide,Commercial,9,4,4337,13.4,286,23,0.0804,0,0.0,0.0,0.0,25.27
2024-10-10,2024-10,fitcommerce.com/blog/protein-powder-buying-guide,Commercial,9,4,4337,15.5,282,10,0.0355,0,0.0,0.0,0.0,25.27
2024-10-11,2024-10,fitcommerce.com/blog/protein-powder-buying-guide,Commercial,9,4,4337,9.6,263,12,0.0456,0,0.0,0.0,0.0,25.27
2024-10-12,2024-10,fitcommerce.com/blog/protein-powder-buying-guide,Commercial,9,4,4337,9.0,301,6,0.0199,0,0.0,0.0,0.0,25.27
2024-10-13,2024-10,fitcommerce.com/blog/protein-powder-buying-guide,Commercial,9,4,4337,10.1,300,15,0.05,2,351.64,23.44,13.33,25.27
2024-10-14,2024-10,fitcommerce.com/blog/protein-powder-buying-guide,Commercial,9,4,4337,8.7,296,14,0.0473,1,162.93,11.64,7.14,25.27
2024-10-15,2024-10,fitcommerce.com/blog/protein-powder-buying-guide,Commercial,9,4,4337,16.5,236,5,0.0212,1,167.02,33.4,20.0,25.27
2024-10-16,2024-10,fitcommerce.com/blog/protein-powder-buying-guide,Commercial,9,4,4337,7.5,235,14,0.0596,0,0.0,0.0,0.0,25.27
2024-10-17,2024-10,fitcommerce.com/blog/protein-powder-buying-guide,Commercial,9,4,4337,10.9,276,7,0.0254,0,0.0,0.0,0.0,25.27
2024-10-18,2024-10,fitcommerce.com/blog/protein-powder-buying-guide,Commercial,9,4,4337,16.6,301,18,0.0598,1,147.64,8.2,5.56,25.27
2024-10-19,2024-10,fitcommerce.com/blog/protein-powder-buying-guide,Commercial,9,4,4337,14.6,281,6,0.0214,0,0.0,0.0,0.0,25.27
2024-10-20,2024-10,fitcommerce.com/blog/protein-powder-buying-guide,Commercial,9,4,4337,15.7,255,8,0.0314,0,0.0,0.0,0.0,25.27
2024-10-21,2024-10,fitcommerce.com/blog/protein-powder-buying-guide,Commercial,9,4,4337,12.0,270,8,0.0296,2,296.98,37.12,25.0,25.27
2024-10-22,2024-10,fitcommerce.com/blog/protein-powder-buying-guide,Commercial,9,4,4337,11.5,270,8,0.0296,0,0.0,0.0,0.0,25.27
2024-10-23,2024-10,fitcommerce.com/blog/protein-powder-buying-guide,Commercial,9,4,4337,11.0,249,5,0.0201,1,148.08,29.62,20.0,25.27
2024-10-24,2024-10,fitcommerce.com/blog/protein-powder-buying-guide,Commercial,9,4,4337,16.6,279,4,0.0143,1,153.43,38.36,25.0,25.27
2024-10-25,2024-10,fitcommerce.com/blog/protein-powder-buying-guide,Commercial,9,4,4337,12.4,270,18,0.0667,1,164.55,9.14,5.56,25.27
2024-10-26,2024-10,fitcommerce.com/blog/protein-powder-buying-guide,Commercial,9,4,4337,9.6,309,13,0.0421,1,132.35,10.18,7.69,25.27
2024-10-27,2024-10,fitcommerce.com/blog/protein-powder-buying-guide,Commercial,9,4,4337,12.7,246,18,0.0732,0,0.0,0.0,0.0,25.27
2024-10-28,2024-10,fitcommerce.com/blog/protein-powder-buying-guide,Commercial,9,4,4337,13.4,265,16,0.0604,0,0.0,0.0,0.0,25.27
2024-10-29,2024-10,fitcommerce.com/blog/protein-powder-buying-guide,Commercial,9,4,4337,14.1,263,16,0.0608,1,174.98,10.94,6.25,25.27
2024-10-30,2024-10,fitcommerce.com/blog/protein-powder-buying-guide,Commercial,9,4,4337,14.6,242,8,0.0331,1,149.37,18.67,12.5,25.27
2024-10-31,2024-10,fitcommerce.com/blog/protein-powder-buying-guide,Commercial,9,4,4337,15.7,262,19,0.0725,0,0.0,0.0,0.0,25.27
2024-11-01,2024-11,fitcommerce.com/blog/protein-powder-buying-guide,Commercial,9,4,4337,10.6,274,15,0.0547,0,0.0,0.0,0.0,13.64
2024-11-02,2024-11,fitcommerce.com/blog/protein-powder-buying-guide,Commercial,9,4,4337,10.3,318,9,0.0283,0,0.0,0.0,0.0,13.64
2024-11-03,2024-11,fitcommerce.com/blog/protein-powder-buying-guide,Commercial,9,4,4337,16.3,290,13,0.0448,0,0.0,0.0,0.0,13.64
2024-11-04,2024-11,fitcommerce.com/blog/protein-powder-buying-guide,Commercial,9,4,4337,8.2,259,5,0.0193,1,167.77,33.55,20.0,13.64
2024-11-05,2024-11,fitcommerce.com/blog/protein-powder-buying-guide,Commercial,9,4,4337,11.7,270,8,0.0296,2,306.79,38.35,25.0,13.64
2024-11-06,2024-11,fitcommerce.com/blog/protein-powder-buying-guide,Commercial,9,4,4337,17.0,290,16,0.0552,2,342.15,21.38,12.5,13.64
2024-11-07,2024-11,fitcommerce.com/blog/protein-powder-buying-guide,Commercial,9,4,4337,15.0,277,14,0.0505,0,0.0,0.0,0.0,13.64
2024-11-08,2024-11,fitcommerce.com/blog/protein-powder-buying-guide,Commercial,9,4,4337,11.1,285,6,0.0211,0,0.0,0.0,0.0,13.64
2024-11-09,2024-11,fitcommerce.com/blog/protein-powder-buying-guide,Commercial,9,4,4337,12.2,274,18,0.0657,0,0.0,0.0,0.0,13.64
2024-11-10,2024-11,fitcommerce.com/blog/protein-powder-buying-guide,Commercial,9,4,4337,15.9,287,20,0.0697,0,0.0,0.0,0.0,13.64
2024-11-11,2024-11,fitcommerce.com/blog/protein-powder-buying-guide,Commercial,9,4,4337,13.0,319,13,0.0408,0,0.0,0.0,0.0,13.64
2024-11-12,2024-11,fitcommerce.com/blog/protein-powder-buying-guide,Commercial,9,4,4337,9.6,278,20,0.0719,1,155.27,7.76,5.0,13.64
2024-11-13,2024-11,fitcommerce.com/blog/protein-powder-buying-guide,Commercial,9,4,4337,11.8,293,13,0.0444,1,164.65,12.67,7.69,13.64
2024-11-14,2024-11,fitcommerce.com/blog/protein-powder-buying-guide,Commercial,9,4,4337,6.3,264,16,0.0606,0,0.0,0.0,0.0,13.64
2024-11-15,2024-11,fitcommerce.com/blog/protein-powder-buying-guide,Commercial,9,4,4337,12.2,288,16,0.0556,1,176.83,11.05,6.25,13.64
2024-11-16,2024-11,fitcommerce.com/blog/protein-powder-buying-guide,Commercial,9,4,4337,11.4,265,6,0.0226,0,0.0,0.0,0.0,13.64
2024-11-17,2024-11,fitcommerce.com/blog/protein-powder-buying-guide,Commercial,9,4,4337,16.3,269,7,0.026,0,0.0,0.0,0.0,13.64
2024-11-18,2024-11,fitcommerce.com/blog/protein-powder-buying-guide,Commercial,9,4,4337,7.8,332,14,0.0422,0,0.0,0.0,0.0,13.64
2024-11-19,2024-11,fitcommerce.com/blog/protein-powder-buying-guide,Commercial,9,4,4337,11.6,329,15,0.0456,0,0.0,0.0,0.0,13.64
2024-11-20,2024-11,fitcommerce.com/blog/protein-powder-buying-guide,Commercial,9,4,4337,8.8,338,6,0.0178,0,0.0,0.0,0.0,13.64
2024-11-21,2024-11,fitcommerce.com/blog/protein-powder-buying-guide,Commercial,9,4,4337,14.7,268,4,0.0149,0,0.0,0.0,0.0,13.64
2024-11-22,2024-11,fitcommerce.com/blog/protein-powder-buying-guide,Commercial,9,4,4337,7.8,322,8,0.0248,0,0.0,0.0,0.0,13.64
2024-11-23,2024-11,fitcommerce.com/blog/protein-powder-buying-guide,Commercial,9,4,4337,17.5,256,12,0.0469,0,0.0,0.0,0.0,13.64
2024-11-24,2024-11,fitcommerce.com/blog/protein-powder-buying-guide,Commercial,9,4,4337,6.6,323,20,0.0619,0,0.0,0.0,0.0,13.64
2024-11-25,2024-11,fitcommerce.com/blog/protein-powder-buying-guide,Commercial,9,4,4337,19.6,290,21,0.0724,1,148.86,7.09,4.76,13.64
2024-11-26,2024-11,fitcommerce.com/blog/protein-powder-buying-guide,Commercial,9,4,4337,11.7,286,16,0.0559,0,0.0,0.0,0.0,13.64
2024-11-27,2024-11,fitcommerce.com/blog/protein-powder-buying-guide,Commercial,9,4,4337,13.3,298,11,0.0369,1,148.71,13.52,9.09,13.64
2024-11-28,2024-11,fitcommerce.com/blog/protein-powder-buying-guide,Commercial,9,4,4337,9.6,270,12,0.0444,1,156.22,13.02,8.33,13.64
2024-11-29,2024-11,fitcommerce.com/blog/protein-powder-buying-guide,Commercial,9,4,4337,6.9,350,8,0.0229,0,0.0,0.0,0.0,13.64
2024-11-30,2024-11,fitcommerce.com/blog/protein-powder-buying-guide,Commercial,9,4,4337,6.5,267,7,0.0262,3,464.22,66.32,42.86,13.64
2024-12-01,2024-12,fitcommerce.com/blog/protein-powder-buying-guide,Commercial,9,4,4337,11.8,289,6,0.0208,0,0.0,0.0,0.0,36.35
2024-12-02,2024-12,fitcommerce.com/blog/protein-powder-buying-guide,Commercial,9,4,4337,14.1,350,21,0.06,1,132.31,6.3,4.76,36.35
2024-12-03,2024-12,fitcommerce.com/blog/protein-powder-buying-guide,Commercial,9,4,4337,12.0,262,18,0.0687,0,0.0,0.0,0.0,36.35
2024-12-04,2024-12,fitcommerce.com/blog/protein-powder-buying-guide,Commercial,9,4,4337,10.6,271,9,0.0332,0,0.0,0.0,0.0,36.35
2024-12-05,2024-12,fitcommerce.com/blog/protein-powder-buying-guide,Commercial,9,4,4337,11.6,287,13,0.0453,0,0.0,0.0,0.0,36.35
2024-12-06,2024-12,fitcommerce.com/blog/protein-powder-buying-guide,Commercial,9,4,4337,17.4,333,21,0.0631,4,636.86,30.33,19.05,36.35
2024-12-07,2024-12,fitcommerce.com/blog/protein-powder-buying-guide,Commercial,9,4,4337,18.3,303,10,0.033,0,0.0,0.0,0.0,36.35
2024-12-08,2024-12,fitcommerce.com/blog/protein-powder-buying-guide,Commercial,9,4,4337,12.2,346,16,0.0462,0,0.0,0.0,0.0,36.35
2024-12-09,2024-12,fitcommerce.com/blog/protein-powder-buying-guide,Commercial,9,4,4337,6.9,333,18,0.0541,0,0.0,0.0,0.0,36.35
2024-12-10,2024-12,fitcommerce.com/blog/protein-powder-buying-guide,Commercial,9,4,4337,10.2,326,13,0.0399,2,266.44,20.5,15.38,36.35
2024-12-11,2024-12,fitcommerce.com/blog/protein-powder-buying-guide,Commercial,9,4,4337,8.0,302,13,0.043,2,319.14,24.55,15.38,36.35
2024-12-12,2024-12,fitcommerce.com/blog/protein-powder-buying-guide,Commercial,9,4,4337,14.6,316,19,0.0601,0,0.0,0.0,0.0,36.35
2024-12-13,2024-12,fitcommerce.com/blog/protein-powder-buying-guide,Commercial,9,4,4337,9.7,293,9,0.0307,1,136.57,15.17,11.11,36.35
2024-12-14,2024-12,fitcommerce.com/blog/protein-powder-buying-guide,Commercial,9,4,4337,2.6,297,6,0.0202,0,0.0,0.0,0.0,36.35
2024-12-15,2024-12,fitcommerce.com/blog/protein-powder-buying-guide,Commercial,9,4,4337,13.1,366,20,0.0546,0,0.0,0.0,0.0,36.35
2024-12-16,2024-12,fitcommerce.com/blog/protein-powder-buying-guide,Commercial,9,4,4337,16.2,287,15,0.0523,0,0.0,0.0,0.0,36.35
2024-12-17,2024-12,fitcommerce.com/blog/protein-powder-buying-guide,Commercial,9,4,4337,13.2,310,7,0.0226,0,0.0,0.0,0.0,36.35
2024-12-18,2024-12,fitcommerce.com/blog/protein-powder-buying-guide,Commercial,9,4,4337,9.0,314,17,0.0541,1,136.26,8.02,5.88,36.35
2024-12-19,2024-12,fitcommerce.com/blog/protein-powder-buying-guide,Commercial,9,4,4337,7.5,364,24,0.0659,3,506.2,21.09,12.5,36.35
2024-12-20,2024-12,fitcommerce.com/blog/protein-powder-buying-guide,Commercial,9,4,4337,14.1,309,15,0.0485,0,0.0,0.0,0.0,36.35
2024-12-21,2024-12,fitcommerce.com/blog/protein-powder-buying-guide,Commercial,9,4,4337,8.5,283,6,0.0212,0,0.0,0.0,0.0,36.35
2024-12-22,2024-12,fitcommerce.com/blog/protein-powder-buying-guide,Commercial,9,4,4337,8.2,314,11,0.035,0,0.0,0.0,0.0,36.35
2024-12-23,2024-12,fitcommerce.com/blog/protein-powder-buying-guide,Commercial,9,4,4337,9.5,311,20,0.0643,1,146.71,7.34,5.0,36.35
2024-12-24,2024-12,fitcommerce.com/blog/protein-powder-buying-guide,Commercial,9,4,4337,13.5,325,18,0.0554,0,0.0,0.0,0.0,36.35
2024-12-25,2024-12,fitcommerce.com/blog/protein-powder-buying-guide,Commercial,9,4,4337,7.9,353,14,0.0397,3,451.92,32.28,21.43,36.35
2024-12-26,2024-12,fitcommerce.com/blog/protein-powder-buying-guide,Commercial,9,4,4337,8.7,351,8,0.0228,0,0.0,0.0,0.0,36.35
2024-12-27,2024-12,fitcommerce.com/blog/protein-powder-buying-guide,Commercial,9,4,4337,13.2,368,9,0.0245,0,0.0,0.0,0.0,36.35
2024-12-28,2024-12,fitcommerce.com/blog/protein-powder-buying-guide,Commercial,9,4,4337,9.4,331,8,0.0242,0,0.0,0.0,0.0,36.35
2024-12-29,2024-12,fitcommerce.com/blog/protein-powder-buying-guide,Commercial,9,4,4337,7.8,348,13,0.0374,2,325.6,25.05,15.38,36.35
2024-12-30,2024-12,fitcommerce.com/blog/protein-powder-buying-guide,Commercial,9,4,4337,16.1,316,8,0.0253,0,0.0,0.0,0.0,36.35
2024-12-31,2024-12,fitcommerce.com/blog/protein-powder-buying-guide,Commercial,9,4,4337,8.9,310,11,0.0355,0,0.0,0.0,0.0,36.35
2025-01-01,2025-01,fitcommerce.com/blog/protein-powder-buying-guide,Commercial,9,4,4337,7.7,387,29,0.0749,1,166.28,5.73,3.45,2.94
2025-01-02,2025-01,fitcommerce.com/blog/protein-powder-buying-guide,Commercial,9,4,4337,8.4,341,22,0.0645,1,165.44,7.52,4.55,2.94
2025-01-03,2025-01,fitcommerce.com/blog/protein-powder-buying-guide,Commercial,9,4,4337,9.9,377,15,0.0398,0,0.0,0.0,0.0,2.94
2025-01-04,2025-01,fitcommerce.com/blog/protein-powder-buying-guide,Commercial,9,4,4337,10.5,363,7,0.0193,1,155.73,22.25,14.29,2.94
2025-01-05,2025-01,fitcommerce.com/blog/protein-powder-buying-guide,Commercial,9,4,4337,13.8,326,19,0.0583,1,177.81,9.36,5.26,2.94
2025-01-06,2025-01,fitcommerce.com/blog/protein-powder-buying-guide,Commercial,9,4,4337,9.2,323,14,0.0433,0,0.0,0.0,0.0,2.94
2025-01-07,2025-01,fitcommerce.com/blog/protein-powder-buying-guide,Commercial,9,4,4337,14.2,366,22,0.0601,0,0.0,0.0,0.0,2.94
2025-01-08,2025-01,fitcommerce.com/blog/protein-powder-buying-guide,Commercial,9,4,4337,15.8,390,11,0.0282,1,153.53,13.96,9.09,2.94
2025-01-09,2025-01,fitcommerce.com/blog/protein-powder-buying-guide,Commercial,9,4,4337,13.5,355,11,0.031,0,0.0,0.0,0.0,2.94
2025-01-10,2025-01,fitcommerce.com/blog/protein-powder-buying-guide,Commercial,9,4,4337,5.5,390,19,0.0487,0,0.0,0.0,0.0,2.94
2025-01-11,2025-01,fitcommerce.com/blog/protein-powder-buying-guide,Commercial,9,4,4337,5.0,352,7,0.0199,2,313.01,44.72,28.57,2.94
2025-01-12,2025-01,fitcommerce.com/blog/protein-powder-buying-guide,Commercial,9,4,4337,10.7,318,13,0.0409,2,277.03,21.31,15.38,2.94
2025-01-13,2025-01,fitcommerce.com/blog/protein-powder-buying-guide,Commercial,9,4,4337,9.1,327,12,0.0367,0,0.0,0.0,0.0,2.94
2025-01-14,2025-01,fitcommerce.com/blog/protein-powder-buying-guide,Commercial,9,4,4337,11.8,383,25,0.0653,2,351.99,14.08,8.0,2.94
2025-01-15,2025-01,fitcommerce.com/blog/protein-powder-buying-guide,Commercial,9,4,4337,16.4,314,18,0.0573,0,0.0,0.0,0.0,2.94
2025-01-16,2025-01,fitcommerce.com/blog/protein-powder-buying-guide,Commercial,9,4,4337,13.8,352,13,0.0369,2,270.26,20.79,15.38,2.94
2025-01-17,2025-01,fitcommerce.com/blog/protein-powder-buying-guide,Commercial,9,4,4337,12.0,372,8,0.0215,0,0.0,0.0,0.0,2.94
2025-01-18,2025-01,fitcommerce.com/blog/protein-powder-buying-guide,Commercial,9,4,4337,5.4,319,19,0.0596,0,0.0,0.0,0.0,2.94
2025-01-19,2025-01,fitcommerce.com/blog/protein-powder-buying-guide,Commercial,9,4,4337,11.0,323,6,0.0186,0,0.0,0.0,0.0,2.94
2025-01-20,2025-01,fitcommerce.com/blog/protein-powder-buying-guide,Commercial,9,4,4337,14.0,357,9,0.0252,0,0.0,0.0,0.0,2.94
2025-01-21,2025-01,fitcommerce.com/blog/protein-powder-buying-guide,Commercial,9,4,4337,9.6,402,25,0.0622,1,143.06,5.72,4.0,2.94
2025-01-22,2025-01,fitcommerce.com/blog/protein-powder-buying-guide,Commercial,9,4,4337,8.9,350,24,0.0686,0,0.0,0.0,0.0,2.94
2025-01-23,2025-01,fitcommerce.com/blog/protein-powder-buying-guide,Commercial,9,4,4337,8.0,401,18,0.0449,1,169.78,9.43,5.56,2.94
2025-01-24,2025-01,fitcommerce.com/blog/protein-powder-buying-guide,Commercial,9,4,4337,13.6,380,16,0.0421,0,0.0,0.0,0.0,2.94
2025-01-25,2025-01,fitcommerce.com/blog/protein-powder-buying-guide,Commercial,9,4,4337,13.0,340,13,0.0382,0,0.0,0.0,0.0,2.94
2025-01-26,2025-01,fitcommerce.com/blog/protein-powder-buying-guide,Commercial,9,4,4337,12.2,420,23,0.0548,2,277.54,12.07,8.7,2.94
2025-01-27,2025-01,fitcommerce.com/blog/protein-powder-buying-guide,Commercial,9,4,4337,11.8,404,22,0.0545,1,135.25,6.15,4.55,2.94
2025-01-28,2025-01,fitcommerce.com/blog/protein-powder-buying-guide,Commercial,9,4,4337,8.1,423,27,0.0638,1,134.02,4.96,3.7,2.94
2025-01-29,2025-01,fitcommerce.com/blog/protein-powder-buying-guide,Commercial,9,4,4337,9.5,319,13,0.0408,1,144.81,11.14,7.69,2.94
2025-01-30,2025-01,fitcommerce.com/blog/protein-powder-buying-guide,Commercial,9,4,4337,16.2,322,13,0.0404,2,327.47,25.19,15.38,2.94
2025-01-31,2025-01,fitcommerce.com/blog/protein-powder-buying-guide,Commercial,9,4,4337,8.4,421,20,0.0475,1,154.52,7.73,5.0,2.94
2025-02-01,2025-02,fitcommerce.com/blog/protein-powder-buying-guide,Commercial,9,4,4337,10.8,427,16,0.0375,0,0.0,0.0,0.0,-3.77
2025-02-02,2025-02,fitcommerce.com/blog/protein-powder-buying-guide,Commercial,9,4,4337,7.6,359,20,0.0557,1,169.71,8.49,5.0,-3.77
2025-02-03,2025-02,fitcommerce.com/blog/protein-powder-buying-guide,Commercial,9,4,4337,13.4,355,9,0.0254,1,163.85,18.21,11.11,-3.77
2025-02-04,2025-02,fitcommerce.com/blog/protein-powder-buying-guide,Commercial,9,4,4337,10.2,325,18,0.0554,0,0.0,0.0,0.0,-3.77
2025-02-05,2025-02,fitcommerce.com/blog/protein-powder-buying-guide,Commercial,9,4,4337,13.5,374,9,0.0241,1,162.65,18.07,11.11,-3.77
2025-02-06,2025-02,fitcommerce.com/blog/protein-powder-buying-guide,Commercial,9,4,4337,11.5,416,12,0.0288,1,160.1,13.34,8.33,-3.77
2025-02-07,2025-02,fitcommerce.com/blog/protein-powder-buying-guide,Commercial,9,4,4337,5.8,345,10,0.029,2,348.46,34.85,20.0,-3.77
2025-02-08,2025-02,fitcommerce.com/blog/protein-powder-buying-guide,Commercial,9,4,4337,9.9,418,19,0.0455,1,177.57,9.35,5.26,-3.77
2025-02-09,2025-02,fitcommerce.com/blog/protein-powder-buying-guide,Commercial,9,4,4337,14.1,364,14,0.0385,0,0.0,0.0,0.0,-3.77
2025-02-10,2025-02,fitcommerce.com/blog/protein-powder-buying-guide,Commercial,9,4,4337,9.0,413,17,0.0412,0,0.0,0.0,0.0,-3.77
2025-02-11,2025-02,fitcommerce.com/blog/protein-powder-buying-guide,Commercial,9,4,4337,9.0,333,18,0.0541,2,336.61,18.7,11.11,-3.77
2025-02-12,2025-02,fitcommerce.com/blog/protein-powder-buying-guide,Commercial,9,4,4337,8.9,330,7,0.0212,2,320.03,45.72,28.57,-3.77
2025-02-13,2025-02,fitcommerce.com/blog/protein-powder-buying-guide,Commercial,9,4,4337,13.4,369,16,0.0434,4,572.76,35.8,25.0,-3.77
2025-02-14,2025-02,fitcommerce.com/blog/protein-powder-buying-guide,Commercial,9,4,4337,15.1,333,19,0.0571,1,140.63,7.4,5.26,-3.77
2025-02-15,2025-02,fitcommerce.com/blog/protein-powder-buying-guide,Commercial,9,4,4337,12.0,409,11,0.0269,0,0.0,0.0,0.0,-3.77
2025-02-16,2025-02,fitcommerce.com/blog/protein-powder-buying-guide,Commercial,9,4,4337,7.0,346,9,0.026,1,174.56,19.4,11.11,-3.77
2025-02-17,2025-02,fitcommerce.com/blog/protein-powder-buying-guide,Commercial,9,4,4337,11.8,344,21,0.061,1,151.94,7.24,4.76,-3.77
2025-02-18,2025-02,fitcommerce.com/blog/protein-powder-buying-guide,Commercial,9,4,4337,12.3,406,25,0.0616,1,149.52,5.98,4.0,-3.77
2025-02-19,2025-02,fitcommerce.com/blog/protein-powder-buying-guide,Commercial,9,4,4337,11.7,367,17,0.0463,0,0.0,0.0,0.0,-3.77
2025-02-20,2025-02,fitcommerce.com/blog/protein-powder-buying-guide,Commercial,9,4,4337,11.9,448,10,0.0223,0,0.0,0.0,0.0,-3.77
2025-02-21,2025-02,fitcommerce.com/blog/protein-powder-buying-guide,Commercial,9,4,4337,7.9,356,11,0.0309,2,298.35,27.12,18.18,-3.77
2025-02-22,2025-02,fitcommerce.com/blog/protein-powder-buying-guide,Commercial,9,4,4337,10.4,445,11,0.0247,1,153.93,13.99,9.09,-3.77
2025-02-23,2025-02,fitcommerce.com/blog/protein-powder-buying-guide,Commercial,9,4,4337,15.2,445,12,0.027,2,323.45,26.95,16.67,-3.77
2025-02-24,2025-02,fitcommerce.com/blog/protein-powder-buying-guide,Commercial,9,4,4337,14.7,365,10,0.0274,2,354.7,35.47,20.0,-3.77
2025-02-25,2025-02,fitcommerce.com/blog/protein-powder-buying-guide,Commercial,9,4,4337,11.9,375,15,0.04,1,133.49,8.9,6.67,-3.77
2025-02-26,2025-02,fitcommerce.com/blog/protein-powder-buying-guide,Commercial,9,4,4337,12.9,457,14,0.0306,0,0.0,0.0,0.0,-3.77
2025-02-27,2025-02,fitcommerce.com/blog/protein-powder-buying-guide,Commercial,9,4,4337,4.4,370,22,0.0595,1,176.39,8.02,4.55,-3.77
2025-02-28,2025-02,fitcommerce.com/blog/protein-powder-buying-guide,Commercial,9,4,4337,10.1,449,12,0.0267,0,0.0,0.0,0.0,-3.77
2025-03-01,2025-03,fitcommerce.com/blog/protein-powder-buying-guide,Commercial,9,4,4337,11.7,456,22,0.0482,0,0.0,0.0,0.0,5.24
2025-03-02,2025-03,fitcommerce.com/blog/protein-powder-buying-guide,Commercial,9,4,4337,14.3,365,10,0.0274,1,136.25,13.62,10.0,5.24
2025-03-03,2025-03,fitcommerce.com/blog/protein-powder-buying-guide,Commercial,9,4,4337,9.2,360,10,0.0278,1,168.82,16.88,10.0,5.24
2025-03-04,2025-03,fitcommerce.com/blog/protein-powder-buying-guide,Commercial,9,4,4337,14.3,368,7,0.019,1,159.26,22.75,14.29,5.24
2025-03-05,2025-03,fitcommerce.com/blog/protein-powder-buying-guide,Commercial,9,4,4337,6.4,410,23,0.0561,3,468.03,20.35,13.04,5.24
2025-03-06,2025-03,fitcommerce.com/blog/protein-powder-buying-guide,Commercial,9,4,4337,13.1,422,11,0.0261,0,0.0,0.0,0.0,5.24
2025-03-07,2025-03,fitcommerce.com/blog/protein-powder-buying-guide,Commercial,9,4,4337,9.8,415,30,0.0723,1,161.29,5.38,3.33,5.24
2025-03-08,2025-03,fitcommerce.com/blog/protein-powder-buying-guide,Commercial,9,4,4337,6.9,367,21,0.0572,1,165.58,7.88,4.76,5.24
2025-03-09,2025-03,fitcommerce.com/blog/protein-powder-buying-guide,Commercial,9,4,4337,12.5,445,12,0.027,0,0.0,0.0,0.0,5.24
2025-03-10,2025-03,fitcommerce.com/blog/protein-powder-buying-guide,Commercial,9,4,4337,5.0,460,18,0.0391,0,0.0,0.0,0.0,5.24
2025-03-11,2025-03,fitcommerce.com/blog/protein-powder-buying-guide,Commercial,9,4,4337,4.3,387,26,0.0672,0,0.0,0.0,0.0,5.24
2025-03-12,2025-03,fitcommerce.com/blog/protein-powder-buying-guide,Commercial,9,4,4337,7.5,465,15,0.0323,0,0.0,0.0,0.0,5.24
2025-03-13,2025-03,fitcommerce.com/blog/protein-powder-buying-guide,Commercial,9,4,4337,12.7,358,13,0.0363,2,289.92,22.3,15.38,5.24
2025-03-14,2025-03,fitcommerce.com/blog/protein-powder-buying-guide,Commercial,9,4,4337,14.4,429,21,0.049,1,159.04,7.57,4.76,5.24
2025-03-15,2025-03,fitcommerce.com/blog/protein-powder-buying-guide,Commercial,9,4,4337,5.8,369,20,0.0542,0,0.0,0.0,0.0,5.24
2025-03-16,2025-03,fitcommerce.com/blog/protein-powder-buying-guide,Commercial,9,4,4337,9.3,433,18,0.0416,0,0.0,0.0,0.0,5.24
2025-03-17,2025-03,fitcommerce.com/blog/protein-powder-buying-guide,Commercial,9,4,4337,11.3,454,28,0.0617,1,168.44,6.02,3.57,5.24
2025-03-18,2025-03,fitcommerce.com/blog/protein-powder-buying-guide,Commercial,9,4,4337,10.1,386,24,0.0622,2,291.76,12.16,8.33,5.24
2025-03-19,2025-03,fitcommerce.com/blog/protein-powder-buying-guide,Commercial,9,4,4337,12.6,453,14,0.0309,1,131.91,9.42,7.14,5.24
2025-03-20,2025-03,fitcommerce.com/blog/protein-powder-buying-guide,Commercial,9,4,4337,9.2,475,12,0.0253,1,151.02,12.58,8.33,5.24
2025-03-21,2025-03,fitcommerce.com/blog/protein-powder-buying-guide,Commercial,9,4,4337,8.5,457,14,0.0306,0,0.0,0.0,0.0,5.24
2025-03-22,2025-03,fitcommerce.com/blog/protein-powder-buying-guide,Commercial,9,4,4337,6.4,398,28,0.0704,0,0.0,0.0,0.0,5.24
2025-03-23,2025-03,fitcommerce.com/blog/protein-powder-buying-guide,Commercial,9,4,4337,9.1,480,26,0.0542,1,146.89,5.65,3.85,5.24
2025-03-24,2025-03,fitcommerce.com/blog/protein-powder-buying-guide,Commercial,9,4,4337,12.1,365,7,0.0192,0,0.0,0.0,0.0,5.24
2025-03-25,2025-03,fitcommerce.com/blog/protein-powder-buying-guide,Commercial,9,4,4337,10.4,419,25,0.0597,0,0.0,0.0,0.0,5.24
2025-03-26,2025-03,fitcommerce.com/blog/protein-powder-buying-guide,Commercial,9,4,4337,14.0,447,21,0.047,1,151.13,7.2,4.76,5.24
2025-03-27,2025-03,fitcommerce.com/blog/protein-powder-buying-guide,Commercial,9,4,4337,5.8,367,14,0.0381,1,144.27,10.31,7.14,5.24
2025-03-28,2025-03,fitcommerce.com/blog/protein-powder-buying-guide,Commercial,9,4,4337,14.0,485,23,0.0474,2,320.3,13.93,8.7,5.24
2025-03-29,2025-03,fitcommerce.com/blog/protein-powder-buying-guide,Commercial,9,4,4337,9.0,434,26,0.0599,1,133.32,5.13,3.85,5.24
2025-03-30,2025-03,fitcommerce.com/blog/protein-powder-buying-guide,Commercial,9,4,4337,7.7,436,21,0.0482,1,165.31,7.87,4.76,5.24
2025-03-31,2025-03,fitcommerce.com/blog/protein-powder-buying-guide,Commercial,9,4,4337,7.9,453,16,0.0353,0,0.0,0.0,0.0,5.24
2025-04-01,2025-04,fitcommerce.com/blog/protein-powder-buying-guide,Commercial,9,4,4337,9.1,381,29,0.0761,0,0.0,0.0,0.0,-5.74
2025-04-02,2025-04,fitcommerce.com/blog/protein-powder-buying-guide,Commercial,9,4,4337,13.0,458,10,0.0218,1,149.03,14.9,10.0,-5.74
2025-04-03,2025-04,fitcommerce.com/blog/protein-powder-buying-guide,Commercial,9,4,4337,9.1,364,17,0.0467,1,169.07,9.95,5.88,-5.74
2025-04-04,2025-04,fitcommerce.com/blog/protein-powder-buying-guide,Commercial,9,4,4337,9.9,415,22,0.053,3,529.52,24.07,13.64,-5.74
2025-04-05,2025-04,fitcommerce.com/blog/protein-powder-buying-guide,Commercial,9,4,4337,5.7,456,16,0.0351,2,352.24,22.02,12.5,-5.74
2025-04-06,2025-04,fitcommerce.com/blog/protein-powder-buying-guide,Commercial,9,4,4337,11.0,393,22,0.056,2,285.13,12.96,9.09,-5.74
2025-04-07,2025-04,fitcommerce.com/blog/protein-powder-buying-guide,Commercial,9,4,4337,8.0,416,15,0.0361,2,341.61,22.77,13.33,-5.74
2025-04-08,2025-04,fitcommerce.com/blog/protein-powder-buying-guide,Commercial,9,4,4337,15.6,426,13,0.0305,0,0.0,0.0,0.0,-5.74
2025-04-09,2025-04,fitcommerce.com/blog/protein-powder-buying-guide,Commercial,9,4,4337,18.1,409,28,0.0685,0,0.0,0.0,0.0,-5.74
2025-04-10,2025-04,fitcommerce.com/blog/protein-powder-buying-guide,Commercial,9,4,4337,8.0,482,28,0.0581,0,0.0,0.0,0.0,-5.74
2025-04-11,2025-04,fitcommerce.com/blog/protein-powder-buying-guide,Commercial,9,4,4337,9.3,457,22,0.0481,0,0.0,0.0,0.0,-5.74
2025-04-12,2025-04,fitcommerce.com/blog/protein-powder-buying-guide,Commercial,9,4,4337,5.6,396,24,0.0606,1,145.6,6.07,4.17,-5.74
2025-04-13,2025-04,fitcommerce.com/blog/protein-powder-buying-guide,Commercial,9,4,4337,6.5,487,23,0.0472,0,0.0,0.0,0.0,-5.74
2025-04-14,2025-04,fitcommerce.com/blog/protein-powder-buying-guide,Commercial,9,4,4337,10.1,413,10,0.0242,1,145.28,14.53,10.0,-5.74
2025-04-15,2025-04,fitcommerce.com/blog/protein-powder-buying-guide,Commercial,9,4,4337,8.7,423,22,0.052,1,152.92,6.95,4.55,-5.74
2025-04-16,2025-04,fitcommerce.com/blog/protein-powder-buying-guide,Commercial,9,4,4337,6.2,485,26,0.0536,1,176.42,6.79,3.85,-5.74
2025-04-17,2025-04,fitcommerce.com/blog/protein-powder-buying-guide,Commercial,9,4,4337,6.0,433,12,0.0277,0,0.0,0.0,0.0,-5.74
2025-04-18,2025-04,fitcommerce.com/blog/protein-powder-buying-guide,Commercial,9,4,4337,12.5,442,13,0.0294,0,0.0,0.0,0.0,-5.74
2025-04-19,2025-04,fitcommerce.com/blog/protein-powder-buying-guide,Commercial,9,4,4337,12.4,389,18,0.0463,1,164.21,9.12,5.56,-5.74
2025-04-20,2025-04,fitcommerce.com/blog/protein-powder-buying-guide,Commercial,9,4,4337,11.8,454,26,0.0573,0,0.0,0.0,0.0,-5.74
2025-04-21,2025-04,fitcommerce.com/blog/protein-powder-buying-guide,Commercial,9,4,4337,12.3,377,12,0.0318,1,141.14,11.76,8.33,-5.74
2025-04-22,2025-04,fitcommerce.com/blog/protein-powder-buying-guide,Commercial,9,4,4337,13.0,395,11,0.0278,1,150.78,13.71,9.09,-5.74
2025-04-23,2025-04,fitcommerce.com/blog/protein-powder-buying-guide,Commercial,9,4,4337,5.8,421,10,0.0238,0,0.0,0.0,0.0,-5.74
2025-04-24,2025-04,fitcommerce.com/blog/protein-powder-buying-guide,Commercial,9,4,4337,5.9,368,22,0.0598,0,0.0,0.0,0.0,-5.74
2025-04-25,2025-04,fitcommerce.com/blog/protein-powder-buying-guide,Commercial,9,4,4337,8.1,387,12,0.031,0,0.0,0.0,0.0,-5.74
2025-04-26,2025-04,fitcommerce.com/blog/protein-powder-buying-guide,Commercial,9,4,4337,9.9,449,15,0.0334,2,267.91,17.86,13.33,-5.74
2025-04-27,2025-04,fitcommerce.com/blog/protein-powder-buying-guide,Commercial,9,4,4337,9.2,468,27,0.0577,1,175.03,6.48,3.7,-5.74
2025-04-28,2025-04,fitcommerce.com/blog/protein-powder-buying-guide,Commercial,9,4,4337,11.3,468,23,0.0491,1,166.24,7.23,4.35,-5.74
2025-04-29,2025-04,fitcommerce.com/blog/protein-powder-buying-guide,Commercial,9,4,4337,11.0,486,13,0.0267,1,150.69,11.59,7.69,-5.74
2025-04-30,2025-04,fitcommerce.com/blog/protein-powder-buying-guide,Commercial,9,4,4337,11.2,394,27,0.0685,0,0.0,0.0,0.0,-5.74
2025-05-01,2025-05,fitcommerce.com/blog/protein-powder-buying-guide,Commercial,9,4,4337,9.9,406,22,0.0542,1,140.35,6.38,4.55,4.19
2025-05-02,2025-05,fitcommerce.com/blog/protein-powder-buying-guide,Commercial,9,4,4337,6.0,443,18,0.0406,0,0.0,0.0,0.0,4.19
2025-05-03,2025-05,fitcommerce.com/blog/protein-powder-buying-guide,Commercial,9,4,4337,9.6,494,9,0.0182,0,0.0,0.0,0.0,4.19
2025-05-04,2025-05,fitcommerce.com/blog/protein-powder-buying-guide,Commercial,9,4,4337,8.7,490,29,0.0592,0,0.0,0.0,0.0,4.19
2025-05-05,2025-05,fitcommerce.com/blog/protein-powder-buying-guide,Commercial,9,4,4337,7.1,370,17,0.0459,1,134.78,7.93,5.88,4.19
2025-05-06,2025-05,fitcommerce.com/blog/protein-powder-buying-guide,Commercial,9,4,4337,9.5,458,22,0.048,0,0.0,0.0,0.0,4.19
2025-05-07,2025-05,fitcommerce.com/blog/protein-powder-buying-guide,Commercial,9,4,4337,9.9,432,12,0.0278,2,299.87,24.99,16.67,4.19
2025-05-08,2025-05,fitcommerce.com/blog/protein-powder-buying-guide,Commercial,9,4,4337,9.1,449,14,0.0312,0,0.0,0.0,0.0,4.19
2025-05-09,2025-05,fitcommerce.com/blog/protein-powder-buying-guide,Commercial,9,4,4337,11.7,436,10,0.0229,1,146.37,14.64,10.0,4.19
2025-05-10,2025-05,fitcommerce.com/blog/protein-powder-buying-guide,Commercial,9,4,4337,7.5,476,32,0.0672,0,0.0,0.0,0.0,4.19
2025-05-11,2025-05,fitcommerce.com/blog/protein-powder-buying-guide,Commercial,9,4,4337,15.4,428,21,0.0491,2,332.31,15.82,9.52,4.19
2025-05-12,2025-05,fitcommerce.com/blog/protein-powder-buying-guide,Commercial,9,4,4337,15.5,381,17,0.0446,2,332.52,19.56,11.76,4.19
2025-05-13,2025-05,fitcommerce.com/blog/protein-powder-buying-guide,Commercial,9,4,4337,11.1,481,10,0.0208,0,0.0,0.0,0.0,4.19
2025-05-14,2025-05,fitcommerce.com/blog/protein-powder-buying-guide,Commercial,9,4,4337,8.3,386,18,0.0466,0,0.0,0.0,0.0,4.19
2025-05-15,2025-05,fitcommerce.com/blog/protein-powder-buying-guide,Commercial,9,4,4337,11.3,450,18,0.04,1,156.19,8.68,5.56,4.19
2025-05-16,2025-05,fitcommerce.com/blog/protein-powder-buying-guide,Commercial,9,4,4337,5.6,400,25,0.0625,0,0.0,0.0,0.0,4.19
2025-05-17,2025-05,fitcommerce.com/blog/protein-powder-buying-guide,Commercial,9,4,4337,8.7,385,25,0.0649,0,0.0,0.0,0.0,4.19
2025-05-18,2025-05,fitcommerce.com/blog/protein-powder-buying-guide,Commercial,9,4,4337,6.2,390,23,0.059,1,161.31,7.01,4.35,4.19
2025-05-19,2025-05,fitcommerce.com/blog/protein-powder-buying-guide,Commercial,9,4,4337,9.4,382,19,0.0497,3,509.27,26.8,15.79,4.19
2025-05-20,2025-05,fitcommerce.com/blog/protein-powder-buying-guide,Commercial,9,4,4337,11.5,492,22,0.0447,0,0.0,0.0,0.0,4.19
2025-05-21,2025-05,fitcommerce.com/blog/protein-powder-buying-guide,Commercial,9,4,4337,12.9,479,21,0.0438,2,317.69,15.13,9.52,4.19
2025-05-22,2025-05,fitcommerce.com/blog/protein-powder-buying-guide,Commercial,9,4,4337,9.2,477,17,0.0356,2,350.84,20.64,11.76,4.19
2025-05-23,2025-05,fitcommerce.com/blog/protein-powder-buying-guide,Commercial,9,4,4337,9.1,432,18,0.0417,0,0.0,0.0,0.0,4.19
2025-05-24,2025-05,fitcommerce.com/blog/protein-powder-buying-guide,Commercial,9,4,4337,13.6,412,9,0.0218,1,133.98,14.89,11.11,4.19
2025-05-25,2025-05,fitcommerce.com/blog/protein-powder-buying-guide,Commercial,9,4,4337,3.6,491,15,0.0305,1,136.73,9.12,6.67,4.19
2025-05-26,2025-05,fitcommerce.com/blog/protein-powder-buying-guide,Commercial,9,4,4337,8.1,372,13,0.0349,2,278.49,21.42,15.38,4.19
2025-05-27,2025-05,fitcommerce.com/blog/protein-powder-buying-guide,Commercial,9,4,4337,8.9,439,16,0.0364,0,0.0,0.0,0.0,4.19
2025-05-28,2025-05,fitcommerce.com/blog/protein-powder-buying-guide,Commercial,9,4,4337,10.4,401,12,0.0299,1,169.56,14.13,8.33,4.19
2025-05-29,2025-05,fitcommerce.com/blog/protein-powder-buying-guide,Commercial,9,4,4337,9.0,466,15,0.0322,0,0.0,0.0,0.0,4.19
2025-05-30,2025-05,fitcommerce.com/blog/protein-powder-buying-guide,Commercial,9,4,4337,8.2,468,17,0.0363,2,350.3,20.61,11.76,4.19
2025-05-31,2025-05,fitcommerce.com/blog/protein-powder-buying-guide,Commercial,9,4,4337,8.1,394,18,0.0457,2,356.23,19.79,11.11,4.19
2025-06-01,2025-06,fitcommerce.com/blog/protein-powder-buying-guide,Commercial,9,4,4337,10.4,480,19,0.0396,1,157.78,8.3,5.26,-11.06
2025-06-02,2025-06,fitcommerce.com/blog/protein-powder-buying-guide,Commercial,9,4,4337,9.1,408,22,0.0539,0,0.0,0.0,0.0,-11.06
2025-06-03,2025-06,fitcommerce.com/blog/protein-powder-buying-guide,Commercial,9,4,4337,5.2,377,13,0.0345,0,0.0,0.0,0.0,-11.06
2025-06-04,2025-06,fitcommerce.com/blog/protein-powder-buying-guide,Commercial,9,4,4337,4.0,493,22,0.0446,3,449.26,20.42,13.64,-11.06
2025-06-05,2025-06,fitcommerce.com/blog/protein-powder-buying-guide,Commercial,9,4,4337,10.1,457,28,0.0613,0,0.0,0.0,0.0,-11.06
2025-06-06,2025-06,fitcommerce.com/blog/protein-powder-buying-guide,Commercial,9,4,4337,9.3,400,17,0.0425,1,137.11,8.07,5.88,-11.06
2025-06-07,2025-06,fitcommerce.com/blog/protein-powder-buying-guide,Commercial,9,4,4337,13.6,405,10,0.0247,0,0.0,0.0,0.0,-11.06
2025-06-08,2025-06,fitcommerce.com/blog/protein-powder-buying-guide,Commercial,9,4,4337,8.5,414,24,0.058,1,171.13,7.13,4.17,-11.06
2025-06-09,2025-06,fitcommerce.com/blog/protein-powder-buying-guide,Commercial,9,4,4337,6.5,486,28,0.0576,0,0.0,0.0,0.0,-11.06
2025-06-10,2025-06,fitcommerce.com/blog/protein-powder-buying-guide,Commercial,9,4,4337,10.0,425,13,0.0306,0,0.0,0.0,0.0,-11.06
2025-06-11,2025-06,fitcommerce.com/blog/protein-powder-buying-guide,Commercial,9,4,4337,10.3,386,17,0.044,0,0.0,0.0,0.0,-11.06
2025-06-12,2025-06,fitcommerce.com/blog/protein-powder-buying-guide,Commercial,9,4,4337,7.2,445,30,0.0674,1,177.07,5.9,3.33,-11.06
2025-06-13,2025-06,fitcommerce.com/blog/protein-powder-buying-guide,Commercial,9,4,4337,9.2,372,8,0.0215,1,160.95,20.12,12.5,-11.06
2025-06-14,2025-06,fitcommerce.com/blog/protein-powder-buying-guide,Commercial,9,4,4337,8.2,460,22,0.0478,0,0.0,0.0,0.0,-11.06
2025-06-15,2025-06,fitcommerce.com/blog/protein-powder-buying-guide,Commercial,9,4,4337,9.8,402,12,0.0299,1,165.33,13.78,8.33,-11.06
2025-06-16,2025-06,fitcommerce.com/blog/protein-powder-buying-guide,Commercial,9,4,4337,7.4,396,16,0.0404,0,0.0,0.0,0.0,-11.06
2025-06-17,2025-06,fitcommerce.com/blog/protein-powder-buying-guide,Commercial,9,4,4337,9.5,471,21,0.0446,0,0.0,0.0,0.0,-11.06
2025-06-18,2025-06,fitcommerce.com/blog/protein-powder-buying-guide,Commercial,9,4,4337,11.6,435,10,0.023,1,161.34,16.13,10.0,-11.06
2025-06-19,2025-06,fitcommerce.com/blog/protein-powder-buying-guide,Commercial,9,4,4337,3.9,390,11,0.0282,1,160.35,14.58,9.09,-11.06
2025-06-20,2025-06,fitcommerce.com/blog/protein-powder-buying-guide,Commercial,9,4,4337,6.8,365,24,0.0658,1,173.6,7.23,4.17,-11.06
2025-06-21,2025-06,fitcommerce.com/blog/protein-powder-buying-guide,Commercial,9,4,4337,7.7,381,22,0.0577,1,150.97,6.86,4.55,-11.06
2025-06-22,2025-06,fitcommerce.com/blog/protein-powder-buying-guide,Commercial,9,4,4337,7.6,462,33,0.0714,4,697.08,21.12,12.12,-11.06
2025-06-23,2025-06,fitcommerce.com/blog/protein-powder-buying-guide,Commercial,9,4,4337,7.1,469,11,0.0235,1,150.09,13.64,9.09,-11.06
2025-06-24,2025-06,fitcommerce.com/blog/protein-powder-buying-guide,Commercial,9,4,4337,6.9,451,21,0.0466,0,0.0,0.0,0.0,-11.06
2025-06-25,2025-06,fitcommerce.com/blog/protein-powder-buying-guide,Commercial,9,4,4337,9.7,482,14,0.029,0,0.0,0.0,0.0,-11.06
2025-06-26,2025-06,fitcommerce.com/blog/protein-powder-buying-guide,Commercial,9,4,4337,8.2,412,9,0.0218,0,0.0,0.0,0.0,-11.06
2025-06-27,2025-06,fitcommerce.com/blog/protein-powder-buying-guide,Commercial,9,4,4337,6.0,405,26,0.0642,0,0.0,0.0,0.0,-11.06
2025-06-28,2025-06,fitcommerce.com/blog/protein-powder-buying-guide,Commercial,9,4,4337,10.1,379,13,0.0343,0,0.0,0.0,0.0,-11.06
2025-06-29,2025-06,fitcommerce.com/blog/protein-powder-buying-guide,Commercial,9,4,4337,7.6,449,12,0.0267,3,456.36,38.03,25.0,-11.06
2025-06-30,2025-06,fitcommerce.com/blog/protein-powder-buying-guide,Commercial,9,4,4337,12.9,373,16,0.0429,0,0.0,0.0,0.0,-11.06
2025-07-01,2025-07,fitcommerce.com/blog/protein-powder-buying-guide,Commercial,9,4,4337,3.3,475,19,0.04,0,0.0,0.0,0.0,6.91
2025-07-02,2025-07,fitcommerce.com/blog/protein-powder-buying-guide,Commercial,9,4,4337,11.5,407,26,0.0639,3,460.25,17.7,11.54,6.91
2025-07-03,2025-07,fitcommerce.com/blog/protein-powder-buying-guide,Commercial,9,4,4337,10.0,472,26,0.0551,1,172.85,6.65,3.85,6.91
2025-07-04,2025-07,fitcommerce.com/blog/protein-powder-buying-guide,Commercial,9,4,4337,5.4,427,26,0.0609,1,174.52,6.71,3.85,6.91
2025-07-05,2025-07,fitcommerce.com/blog/protein-powder-buying-guide,Commercial,9,4,4337,9.9,458,21,0.0459,0,0.0,0.0,0.0,6.91
2025-07-06,2025-07,fitcommerce.com/blog/protein-powder-buying-guide,Commercial,9,4,4337,8.7,416,11,0.0264,2,286.47,26.04,18.18,6.91
2025-07-07,2025-07,fitcommerce.com/blog/protein-powder-buying-guide,Commercial,9,4,4337,8.1,426,23,0.054,2,304.42,13.24,8.7,6.91
2025-07-08,2025-07,fitcommerce.com/blog/protein-powder-buying-guide,Commercial,9,4,4337,8.3,462,12,0.026,0,0.0,0.0,0.0,6.91
2025-07-09,2025-07,fitcommerce.com/blog/protein-powder-buying-guide,Commercial,9,4,4337,9.4,479,29,0.0605,0,0.0,0.0,0.0,6.91
2025-07-10,2025-07,fitcommerce.com/blog/protein-powder-buying-guide,Commercial,9,4,4337,4.6,480,10,0.0208,1,175.4,17.54,10.0,6.91
2025-07-11,2025-07,fitcommerce.com/blog/protein-powder-buying-guide,Commercial,9,4,4337,12.6,472,11,0.0233,0,0.0,0.0,0.0,6.91
2025-07-12,2025-07,fitcommerce.com/blog/protein-powder-buying-guide,Commercial,9,4,4337,11.8,430,20,0.0465,0,0.0,0.0,0.0,6.91
2025-07-13,2025-07,fitcommerce.com/blog/protein-powder-buying-guide,Commercial,9,4,4337,7.6,380,23,0.0605,0,0.0,0.0,0.0,6.91
2025-07-14,2025-07,fitcommerce.com/blog/protein-powder-buying-guide,Commercial,9,4,4337,11.9,450,22,0.0489,0,0.0,0.0,0.0,6.91
2025-07-15,2025-07,fitcommerce.com/blog/protein-powder-buying-guide,Commercial,9,4,4337,9.3,409,27,0.066,0,0.0,0.0,0.0,6.91
2025-07-16,2025-07,fitcommerce.com/blog/protein-powder-buying-guide,Commercial,9,4,4337,11.1,372,17,0.0457,1,133.92,7.88,5.88,6.91
2025-07-17,2025-07,fitcommerce.com/blog/protein-powder-buying-guide,Commercial,9,4,4337,7.6,464,14,0.0302,1,145.75,10.41,7.14,6.91
2025-07-18,2025-07,fitcommerce.com/blog/protein-powder-buying-guide,Commercial,9,4,4337,6.5,444,17,0.0383,0,0.0,0.0,0.0,6.91
2025-07-19,2025-07,fitcommerce.com/blog/protein-powder-buying-guide,Commercial,9,4,4337,1.0,450,17,0.0378,1,156.23,9.19,5.88,6.91
2025-07-20,2025-07,fitcommerce.com/blog/protein-powder-buying-guide,Commercial,9,4,4337,7.2,400,15,0.0375,1,173.12,11.54,6.67,6.91
2025-07-21,2025-07,fitcommerce.com/blog/protein-powder-buying-guide,Commercial,9,4,4337,12.1,418,20,0.0478,2,355.9,17.79,10.0,6.91
2025-07-22,2025-07,fitcommerce.com/blog/protein-powder-buying-guide,Commercial,9,4,4337,14.3,387,28,0.0724,1,155.71,5.56,3.57,6.91
2025-07-23,2025-07,fitcommerce.com/blog/protein-powder-buying-guide,Commercial,9,4,4337,11.6,356,18,0.0506,0,0.0,0.0,0.0,6.91
2025-07-24,2025-07,fitcommerce.com/blog/protein-powder-buying-guide,Commercial,9,4,4337,6.0,419,13,0.031,1,132.72,10.21,7.69,6.91
2025-07-25,2025-07,fitcommerce.com/blog/protein-powder-buying-guide,Commercial,9,4,4337,1.4,358,8,0.0223,0,0.0,0.0,0.0,6.91
2025-07-26,2025-07,fitcommerce.com/blog/protein-powder-buying-guide,Commercial,9,4,4337,6.5,418,17,0.0407,1,146.01,8.59,5.88,6.91
2025-07-27,2025-07,fitcommerce.com/blog/protein-powder-buying-guide,Commercial,9,4,4337,10.2,374,14,0.0374,1,132.65,9.48,7.14,6.91
2025-07-28,2025-07,fitcommerce.com/blog/protein-powder-buying-guide,Commercial,9,4,4337,7.7,381,21,0.0551,0,0.0,0.0,0.0,6.91
2025-07-29,2025-07,fitcommerce.com/blog/protein-powder-buying-guide,Commercial,9,4,4337,12.3,359,14,0.039,3,517.79,36.98,21.43,6.91
2025-07-30,2025-07,fitcommerce.com/blog/protein-powder-buying-guide,Commercial,9,4,4337,6.9,424,18,0.0425,1,142.1,7.89,5.56,6.91
2025-07-31,2025-07,fitcommerce.com/blog/protein-powder-buying-guide,Commercial,9,4,4337,8.7,420,32,0.0762,2,279.81,8.74,6.25,6.91
2024-08-01,2024-08,fitcommerce.com/products/adjustable-dumbbells,Transactional,10,4,4284,10.6,207,10,0.0483,0,0.0,0.0,0.0,
2024-08-02,2024-08,fitcommerce.com/products/adjustable-dumbbells,Transactional,10,4,4284,16.5,194,3,0.0155,1,55.07,18.36,33.33,
2024-08-03,2024-08,fitcommerce.com/products/adjustable-dumbbells,Transactional,10,4,4284,15.9,236,10,0.0424,0,0.0,0.0,0.0,
2024-08-04,2024-08,fitcommerce.com/products/adjustable-dumbbells,Transactional,10,4,4284,15.3,235,14,0.0596,0,0.0,0.0,0.0,
2024-08-05,2024-08,fitcommerce.com/products/adjustable-dumbbells,Transactional,10,4,4284,14.6,222,9,0.0405,1,54.58,6.06,11.11,
2024-08-06,2024-08,fitcommerce.com/products/adjustable-dumbbells,Transactional,10,4,4284,15.0,179,6,0.0335,0,0.0,0.0,0.0,
2024-08-07,2024-08,fitcommerce.com/products/adjustable-dumbbells,Transactional,10,4,4284,11.2,227,14,0.0617,0,0.0,0.0,0.0,
2024-08-08,2024-08,fitcommerce.com/products/adjustable-dumbbells,Transactional,10,4,4284,16.7,214,12,0.0561,0,0.0,0.0,0.0,
2024-08-09,2024-08,fitcommerce.com/products/adjustable-dumbbells,Transactional,10,4,4284,16.3,182,12,0.0659,0,0.0,0.0,0.0,
2024-08-10,2024-08,fitcommerce.com/products/adjustable-dumbbells,Transactional,10,4,4284,14.1,179,3,0.0168,0,0.0,0.0,0.0,
2024-08-11,2024-08,fitcommerce.com/products/adjustable-dumbbells,Transactional,10,4,4284,7.5,210,8,0.0381,0,0.0,0.0,0.0,
2024-08-12,2024-08,fitcommerce.com/products/adjustable-dumbbells,Transactional,10,4,4284,6.5,200,4,0.02,0,0.0,0.0,0.0,
2024-08-13,2024-08,fitcommerce.com/products/adjustable-dumbbells,Transactional,10,4,4284,16.2,194,5,0.0258,0,0.0,0.0,0.0,
2024-08-14,2024-08,fitcommerce.com/products/adjustable-dumbbells,Transactional,10,4,4284,18.1,239,8,0.0335,0,0.0,0.0,0.0,
2024-08-15,2024-08,fitcommerce.com/products/adjustable-dumbbells,Transactional,10,4,4284,16.0,201,13,0.0647,0,0.0,0.0,0.0,
2024-08-16,2024-08,fitcommerce.com/products/adjustable-dumbbells,Transactional,10,4,4284,12.6,205,12,0.0585,0,0.0,0.0,0.0,
2024-08-17,2024-08,fitcommerce.com/products/adjustable-dumbbells,Transactional,10,4,4284,7.5,196,12,0.0612,0,0.0,0.0,0.0,
2024-08-18,2024-08,fitcommerce.com/products/adjustable-dumbbells,Transactional,10,4,4284,14.6,222,14,0.0631,1,54.4,3.89,7.14,
2024-08-19,2024-08,fitcommerce.com/products/adjustable-dumbbells,Transactional,10,4,4284,15.0,199,9,0.0452,0,0.0,0.0,0.0,
2024-08-20,2024-08,fitcommerce.com/products/adjustable-dumbbells,Transactional,10,4,4284,17.3,226,9,0.0398,1,59.15,6.57,11.11,
2024-08-21,2024-08,fitcommerce.com/products/adjustable-dumbbells,Transactional,10,4,4284,17.7,190,3,0.0158,0,0.0,0.0,0.0,
2024-08-22,2024-08,fitcommerce.com/products/adjustable-dumbbells,Transactional,10,4,4284,18.4,212,15,0.0708,0,0.0,0.0,0.0,
2024-08-23,2024-08,fitcommerce.com/products/adjustable-dumbbells,Transactional,10,4,4284,14.0,204,10,0.049,0,0.0,0.0,0.0,
2024-08-24,2024-08,fitcommerce.com/products/adjustable-dumbbells,Transactional,10,4,4284,15.8,200,8,0.04,1,58.28,7.28,12.5,
2024-08-25,2024-08,fitcommerce.com/products/adjustable-dumbbells,Transactional,10,4,4284,15.0,202,9,0.0446,0,0.0,0.0,0.0,
2024-08-26,2024-08,fitcommerce.com/products/adjustable-dumbbells,Transactional,10,4,4284,15.4,226,7,0.031,1,56.09,8.01,14.29,
2024-08-27,2024-08,fitcommerce.com/products/adjustable-dumbbells,Transactional,10,4,4284,19.0,187,7,0.0374,0,0.0,0.0,0.0,
2024-08-28,2024-08,fitcommerce.com/products/adjustable-dumbbells,Transactional,10,4,4284,12.3,220,16,0.0727,1,49.4,3.09,6.25,
2024-08-29,2024-08,fitcommerce.com/products/adjustable-dumbbells,Transactional,10,4,4284,19.4,199,14,0.0704,0,0.0,0.0,0.0,
2024-08-30,2024-08,fitcommerce.com/products/adjustable-dumbbells,Transactional,10,4,4284,16.9,179,8,0.0447,0,0.0,0.0,0.0,
2024-08-31,2024-08,fitcommerce.com/products/adjustable-dumbbells,Transactional,10,4,4284,12.4,197,11,0.0558,0,0.0,0.0,0.0,
2024-09-01,2024-09,fitcommerce.com/products/adjustable-dumbbells,Transactional,10,4,4284,16.1,219,10,0.0457,0,0.0,0.0,0.0,-13.81
2024-09-02,2024-09,fitcommerce.com/products/adjustable-dumbbells,Transactional,10,4,4284,11.8,225,8,0.0356,0,0.0,0.0,0.0,-13.81
2024-09-03,2024-09,fitcommerce.com/products/adjustable-dumbbells,Transactional,10,4,4284,13.8,181,5,0.0276,0,0.0,0.0,0.0,-13.81
2024-09-04,2024-09,fitcommerce.com/products/adjustable-dumbbells,Transactional,10,4,4284,13.5,221,15,0.0679,0,0.0,0.0,0.0,-13.81
2024-09-05,2024-09,fitcommerce.com/products/adjustable-dumbbells,Transactional,10,4,4284,18.5,216,15,0.0694,1,56.27,3.75,6.67,-13.81
2024-09-06,2024-09,fitcommerce.com/products/adjustable-dumbbells,Transactional,10,4,4284,15.8,240,6,0.025,0,0.0,0.0,0.0,-13.81
2024-09-07,2024-09,fitcommerce.com/products/adjustable-dumbbells,Transactional,10,4,4284,11.9,196,10,0.051,0,0.0,0.0,0.0,-13.81
2024-09-08,2024-09,fitcommerce.com/products/adjustable-dumbbells,Transactional,10,4,4284,11.7,217,5,0.023,0,0.0,0.0,0.0,-13.81
2024-09-09,2024-09,fitcommerce.com/products/adjustable-dumbbells,Transactional,10,4,4284,17.6,231,8,0.0346,0,0.0,0.0,0.0,-13.81
2024-09-10,2024-09,fitcommerce.com/products/adjustable-dumbbells,Transactional,10,4,4284,8.4,226,17,0.0752,0,0.0,0.0,0.0,-13.81
2024-09-11,2024-09,fitcommerce.com/products/adjustable-dumbbells,Transactional,10,4,4284,10.0,228,5,0.0219,0,0.0,0.0,0.0,-13.81
2024-09-12,2024-09,fitcommerce.com/products/adjustable-dumbbells,Transactional,10,4,4284,12.1,224,9,0.0402,1,60.38,6.71,11.11,-13.81
2024-09-13,2024-09,fitcommerce.com/products/adjustable-dumbbells,Transactional,10,4,4284,10.7,232,7,0.0302,1,50.62,7.23,14.29,-13.81
2024-09-14,2024-09,fitcommerce.com/products/adjustable-dumbbells,Transactional,10,4,4284,18.6,207,4,0.0193,0,0.0,0.0,0.0,-13.81
2024-09-15,2024-09,fitcommerce.com/products/adjustable-dumbbells,Transactional,10,4,4284,18.1,228,14,0.0614,1,56.86,4.06,7.14,-13.81
2024-09-16,2024-09,fitcommerce.com/products/adjustable-dumbbells,Transactional,10,4,4284,11.0,239,7,0.0293,0,0.0,0.0,0.0,-13.81
2024-09-17,2024-09,fitcommerce.com/products/adjustable-dumbbells,Transactional,10,4,4284,9.5,230,9,0.0391,0,0.0,0.0,0.0,-13.81
2024-09-18,2024-09,fitcommerce.com/products/adjustable-dumbbells,Transactional,10,4,4284,14.3,212,11,0.0519,0,0.0,0.0,0.0,-13.81
2024-09-19,2024-09,fitcommerce.com/products/adjustable-dumbbells,Transactional,10,4,4284,12.7,209,6,0.0287,0,0.0,0.0,0.0,-13.81
2024-09-20,2024-09,fitcommerce.com/products/adjustable-dumbbells,Transactional,10,4,4284,13.1,207,6,0.029,0,0.0,0.0,0.0,-13.81
2024-09-21,2024-09,fitcommerce.com/products/adjustable-dumbbells,Transactional,10,4,4284,13.4,211,7,0.0332,0,0.0,0.0,0.0,-13.81
2024-09-22,2024-09,fitcommerce.com/products/adjustable-dumbbells,Transactional,10,4,4284,16.3,226,17,0.0752,0,0.0,0.0,0.0,-13.81
2024-09-23,2024-09,fitcommerce.com/products/adjustable-dumbbells,Transactional,10,4,4284,15.3,202,11,0.0545,0,0.0,0.0,0.0,-13.81
2024-09-24,2024-09,fitcommerce.com/products/adjustable-dumbbells,Transactional,10,4,4284,12.0,199,6,0.0302,0,0.0,0.0,0.0,-13.81
2024-09-25,2024-09,fitcommerce.com/products/adjustable-dumbbells,Transactional,10,4,4284,13.7,221,10,0.0452,1,54.77,5.48,10.0,-13.81
2024-09-26,2024-09,fitcommerce.com/products/adjustable-dumbbells,Transactional,10,4,4284,14.8,195,11,0.0564,1,50.32,4.57,9.09,-13.81
2024-09-27,2024-09,fitcommerce.com/products/adjustable-dumbbells,Transactional,10,4,4284,9.5,191,4,0.0209,1,52.74,13.18,25.0,-13.81
2024-09-28,2024-09,fitcommerce.com/products/adjustable-dumbbells,Transactional,10,4,4284,9.8,221,14,0.0633,0,0.0,0.0,0.0,-13.81
2024-09-29,2024-09,fitcommerce.com/products/adjustable-dumbbells,Transactional,10,4,4284,10.5,199,7,0.0352,0,0.0,0.0,0.0,-13.81
2024-09-30,2024-09,fitcommerce.com/products/adjustable-dumbbells,Transactional,10,4,4284,6.8,228,10,0.0439,0,0.0,0.0,0.0,-13.81
2024-10-01,2024-10,fitcommerce.com/products/adjustable-dumbbells,Transactional,10,4,4284,12.6,219,10,0.0457,0,0.0,0.0,0.0,25.27
2024-10-02,2024-10,fitcommerce.com/products/adjustable-dumbbells,Transactional,10,4,4284,11.8,192,9,0.0469,0,0.0,0.0,0.0,25.27
2024-10-03,2024-10,fitcommerce.com/products/adjustable-dumbbells,Transactional,10,4,4284,13.9,212,6,0.0283,0,0.0,0.0,0.0,25.27
2024-10-04,2024-10,fitcommerce.com/products/adjustable-dumbbells,Transactional,10,4,4284,10.3,188,4,0.0213,0,0.0,0.0,0.0,25.27
2024-10-05,2024-10,fitcommerce.com/products/adjustable-dumbbells,Transactional,10,4,4284,14.0,215,17,0.0791,2,107.26,6.31,11.76,25.27
2024-10-06,2024-10,fitcommerce.com/products/adjustable-dumbbells,Transactional,10,4,4284,16.6,214,9,0.0421,0,0.0,0.0,0.0,25.27
2024-10-07,2024-10,fitcommerce.com/products/adjustable-dumbbells,Transactional,10,4,4284,10.8,224,9,0.0402,0,0.0,0.0,0.0,25.27
2024-10-08,2024-10,fitcommerce.com/products/adjustable-dumbbells,Transactional,10,4,4284,6.9,193,9,0.0466,0,0.0,0.0,0.0,25.27
2024-10-09,2024-10,fitcommerce.com/products/adjustable-dumbbells,Transactional,10,4,4284,10.2,240,7,0.0292,0,0.0,0.0,0.0,25.27
2024-10-10,2024-10,fitcommerce.com/products/adjustable-dumbbells,Transactional,10,4,4284,14.0,223,6,0.0269,0,0.0,0.0,0.0,25.27
2024-10-11,2024-10,fitcommerce.com/products/adjustable-dumbbells,Transactional,10,4,4284,11.2,243,9,0.037,0,0.0,0.0,0.0,25.27
2024-10-12,2024-10,fitcommerce.com/products/adjustable-dumbbells,Transactional,10,4,4284,9.0,244,10,0.041,1,49.15,4.92,10.0,25.27
2024-10-13,2024-10,fitcommerce.com/products/adjustable-dumbbells,Transactional,10,4,4284,11.5,250,5,0.02,0,0.0,0.0,0.0,25.27
2024-10-14,2024-10,fitcommerce.com/products/adjustable-dumbbells,Transactional,10,4,4284,15.4,188,6,0.0319,0,0.0,0.0,0.0,25.27
2024-10-15,2024-10,fitcommerce.com/products/adjustable-dumbbells,Transactional,10,4,4284,12.8,241,5,0.0207,0,0.0,0.0,0.0,25.27
2024-10-16,2024-10,fitcommerce.com/products/adjustable-dumbbells,Transactional,10,4,4284,13.0,228,12,0.0526,0,0.0,0.0,0.0,25.27
2024-10-17,2024-10,fitcommerce.com/products/adjustable-dumbbells,Transactional,10,4,4284,10.6,240,8,0.0333,0,0.0,0.0,0.0,25.27
2024-10-18,2024-10,fitcommerce.com/products/adjustable-dumbbells,Transactional,10,4,4284,17.1,255,11,0.0431,0,0.0,0.0,0.0,25.27
2024-10-19,2024-10,fitcommerce.com/products/adjustable-dumbbells,Transactional,10,4,4284,14.7,252,9,0.0357,0,0.0,0.0,0.0,25.27
2024-10-20,2024-10,fitcommerce.com/products/adjustable-dumbbells,Transactional,10,4,4284,11.9,221,12,0.0543,0,0.0,0.0,0.0,25.27
2024-10-21,2024-10,fitcommerce.com/products/adjustable-dumbbells,Transactional,10,4,4284,14.0,206,5,0.0243,0,0.0,0.0,0.0,25.27
2024-10-22,2024-10,fitcommerce.com/products/adjustable-dumbbells,Transactional,10,4,4284,16.5,238,8,0.0336,0,0.0,0.0,0.0,25.27
2024-10-23,2024-10,fitcommerce.com/products/adjustable-dumbbells,Transactional,10,4,4284,11.8,195,14,0.0718,0,0.0,0.0,0.0,25.27
2024-10-24,2024-10,fitcommerce.com/products/adjustable-dumbbells,Transactional,10,4,4284,12.1,204,11,0.0539,0,0.0,0.0,0.0,25.27
2024-10-25,2024-10,fitcommerce.com/products/adjustable-dumbbells,Transactional,10,4,4284,8.8,246,8,0.0325,0,0.0,0.0,0.0,25.27
2024-10-26,2024-10,fitcommerce.com/products/adjustable-dumbbells,Transactional,10,4,4284,15.7,230,6,0.0261,2,118.35,19.72,33.33,25.27
2024-10-27,2024-10,fitcommerce.com/products/adjustable-dumbbells,Transactional,10,4,4284,8.3,254,11,0.0433,0,0.0,0.0,0.0,25.27
2024-10-28,2024-10,fitcommerce.com/products/adjustable-dumbbells,Transactional,10,4,4284,13.2,234,10,0.0427,0,0.0,0.0,0.0,25.27
2024-10-29,2024-10,fitcommerce.com/products/adjustable-dumbbells,Transactional,10,4,4284,11.6,203,6,0.0296,0,0.0,0.0,0.0,25.27
2024-10-30,2024-10,fitcommerce.com/products/adjustable-dumbbells,Transactional,10,4,4284,9.5,216,13,0.0602,0,0.0,0.0,0.0,25.27
2024-10-31,2024-10,fitcommerce.com/products/adjustable-dumbbells,Transactional,10,4,4284,15.9,248,12,0.0484,0,0.0,0.0,0.0,25.27
2024-11-01,2024-11,fitcommerce.com/products/adjustable-dumbbells,Transactional,10,4,4284,12.4,222,5,0.0225,1,56.34,11.27,20.0,13.64
2024-11-02,2024-11,fitcommerce.com/products/adjustable-dumbbells,Transactional,10,4,4284,12.5,197,7,0.0355,0,0.0,0.0,0.0,13.64
2024-11-03,2024-11,fitcommerce.com/products/adjustable-dumbbells,Transactional,10,4,4284,12.1,230,14,0.0609,0,0.0,0.0,0.0,13.64
2024-11-04,2024-11,fitcommerce.com/products/adjustable-dumbbells,Transactional,10,4,4284,9.9,233,17,0.073,1,52.69,3.1,5.88,13.64
2024-11-05,2024-11,fitcommerce.com/products/adjustable-dumbbells,Transactional,10,4,4284,14.9,237,7,0.0295,0,0.0,0.0,0.0,13.64
2024-11-06,2024-11,fitcommerce.com/products/adjustable-dumbbells,Transactional,10,4,4284,11.1,233,16,0.0687,0,0.0,0.0,0.0,13.64
2024-11-07,2024-11,fitcommerce.com/products/adjustable-dumbbells,Transactional,10,4,4284,11.8,261,7,0.0268,0,0.0,0.0,0.0,13.64
2024-11-08,2024-11,fitcommerce.com/products/adjustable-dumbbells,Transactional,10,4,4284,11.4,202,9,0.0446,0,0.0,0.0,0.0,13.64
2024-11-09,2024-11,fitcommerce.com/products/adjustable-dumbbells,Transactional,10,4,4284,9.2,223,16,0.0717,0,0.0,0.0,0.0,13.64
2024-11-10,2024-11,fitcommerce.com/products/adjustable-dumbbells,Transactional,10,4,4284,15.6,219,5,0.0228,0,0.0,0.0,0.0,13.64
2024-11-11,2024-11,fitcommerce.com/products/adjustable-dumbbells,Transactional,10,4,4284,8.3,205,5,0.0244,0,0.0,0.0,0.0,13.64
2024-11-12,2024-11,fitcommerce.com/products/adjustable-dumbbells,Transactional,10,4,4284,17.1,218,11,0.0505,0,0.0,0.0,0.0,13.64
2024-11-13,2024-11,fitcommerce.com/products/adjustable-dumbbells,Transactional,10,4,4284,10.1,217,11,0.0507,0,0.0,0.0,0.0,13.64
2024-11-14,2024-11,fitcommerce.com/products/adjustable-dumbbells,Transactional,10,4,4284,15.1,227,14,0.0617,0,0.0,0.0,0.0,13.64
2024-11-15,2024-11,fitcommerce.com/products/adjustable-dumbbells,Transactional,10,4,4284,5.5,247,6,0.0243,0,0.0,0.0,0.0,13.64
2024-11-16,2024-11,fitcommerce.com/products/adjustable-dumbbells,Transactional,10,4,4284,13.9,231,10,0.0433,0,0.0,0.0,0.0,13.64
2024-11-17,2024-11,fitcommerce.com/products/adjustable-dumbbells,Transactional,10,4,4284,11.7,228,10,0.0439,0,0.0,0.0,0.0,13.64
2024-11-18,2024-11,fitcommerce.com/products/adjustable-dumbbells,Transactional,10,4,4284,7.2,247,9,0.0364,0,0.0,0.0,0.0,13.64
2024-11-19,2024-11,fitcommerce.com/products/adjustable-dumbbells,Transactional,10,4,4284,9.7,281,11,0.0391,0,0.0,0.0,0.0,13.64
2024-11-20,2024-11,fitcommerce.com/products/adjustable-dumbbells,Transactional,10,4,4284,10.3,258,9,0.0349,0,0.0,0.0,0.0,13.64
2024-11-21,2024-11,fitcommerce.com/products/adjustable-dumbbells,Transactional,10,4,4284,8.8,234,5,0.0214,0,0.0,0.0,0.0,13.64
2024-11-22,2024-11,fitcommerce.com/products/adjustable-dumbbells,Transactional,10,4,4284,7.4,273,11,0.0403,0,0.0,0.0,0.0,13.64
2024-11-23,2024-11,fitcommerce.com/products/adjustable-dumbbells,Transactional,10,4,4284,16.0,221,13,0.0588,0,0.0,0.0,0.0,13.64
2024-11-24,2024-11,fitcommerce.com/products/adjustable-dumbbells,Transactional,10,4,4284,12.0,262,4,0.0153,0,0.0,0.0,0.0,13.64
2024-11-25,2024-11,fitcommerce.com/products/adjustable-dumbbells,Transactional,10,4,4284,9.4,269,7,0.026,0,0.0,0.0,0.0,13.64
2024-11-26,2024-11,fitcommerce.com/products/adjustable-dumbbells,Transactional,10,4,4284,10.8,254,16,0.063,0,0.0,0.0,0.0,13.64
2024-11-27,2024-11,fitcommerce.com/products/adjustable-dumbbells,Transactional,10,4,4284,8.7,278,18,0.0647,0,0.0,0.0,0.0,13.64
2024-11-28,2024-11,fitcommerce.com/products/adjustable-dumbbells,Transactional,10,4,4284,12.1,259,16,0.0618,0,0.0,0.0,0.0,13.64
2024-11-29,2024-11,fitcommerce.com/products/adjustable-dumbbells,Transactional,10,4,4284,10.9,252,10,0.0397,0,0.0,0.0,0.0,13.64
2024-11-30,2024-11,fitcommerce.com/products/adjustable-dumbbells,Transactional,10,4,4284,14.0,255,17,0.0667,0,0.0,0.0,0.0,13.64
2024-12-01,2024-12,fitcommerce.com/products/adjustable-dumbbells,Transactional,10,4,4284,13.3,268,13,0.0485,1,51.45,3.96,7.69,36.35
2024-12-02,2024-12,fitcommerce.com/products/adjustable-dumbbells,Transactional,10,4,4284,10.7,283,14,0.0495,0,0.0,0.0,0.0,36.35
2024-12-03,2024-12,fitcommerce.com/products/adjustable-dumbbells,Transactional,10,4,4284,14.8,238,14,0.0588,0,0.0,0.0,0.0,36.35
2024-12-04,2024-12,fitcommerce.com/products/adjustable-dumbbells,Transactional,10,4,4284,8.6,281,7,0.0249,0,0.0,0.0,0.0,36.35
2024-12-05,2024-12,fitcommerce.com/products/adjustable-dumbbells,Transactional,10,4,4284,11.4,278,9,0.0324,0,0.0,0.0,0.0,36.35
2024-12-06,2024-12,fitcommerce.com/products/adjustable-dumbbells,Transactional,10,4,4284,12.7,227,8,0.0352,1,57.78,7.22,12.5,36.35
2024-12-07,2024-12,fitcommerce.com/products/adjustable-dumbbells,Transactional,10,4,4284,8.5,293,17,0.058,1,57.48,3.38,5.88,36.35
2024-12-08,2024-12,fitcommerce.com/products/adjustable-dumbbells,Transactional,10,4,4284,14.1,231,8,0.0346,1,49.04,6.13,12.5,36.35
2024-12-09,2024-12,fitcommerce.com/products/adjustable-dumbbells,Transactional,10,4,4284,15.5,275,9,0.0327,0,0.0,0.0,0.0,36.35
2024-12-10,2024-12,fitcommerce.com/products/adjustable-dumbbells,Transactional,10,4,4284,10.5,286,15,0.0524,0,0.0,0.0,0.0,36.35
2024-12-11,2024-12,fitcommerce.com/products/adjustable-dumbbells,Transactional,10,4,4284,13.5,248,17,0.0685,0,0.0,0.0,0.0,36.35
2024-12-12,2024-12,fitcommerce.com/products/adjustable-dumbbells,Transactional,10,4,4284,7.9,266,6,0.0226,0,0.0,0.0,0.0,36.35
2024-12-13,2024-12,fitcommerce.com/products/adjustable-dumbbells,Transactional,10,4,4284,16.0,293,22,0.0751,0,0.0,0.0,0.0,36.35
2024-12-14,2024-12,fitcommerce.com/products/adjustable-dumbbells,Transactional,10,4,4284,13.7,257,14,0.0545,0,0.0,0.0,0.0,36.35
2024-12-15,2024-12,fitcommerce.com/products/adjustable-dumbbells,Transactional,10,4,4284,10.6,247,8,0.0324,0,0.0,0.0,0.0,36.35
2024-12-16,2024-12,fitcommerce.com/products/adjustable-dumbbells,Transactional,10,4,4284,11.8,231,12,0.0519,0,0.0,0.0,0.0,36.35
2024-12-17,2024-12,fitcommerce.com/products/adjustable-dumbbells,Transactional,10,4,4284,7.9,252,4,0.0159,0,0.0,0.0,0.0,36.35
2024-12-18,2024-12,fitcommerce.com/products/adjustable-dumbbells,Transactional,10,4,4284,4.8,240,6,0.025,0,0.0,0.0,0.0,36.35
2024-12-19,2024-12,fitcommerce.com/products/adjustable-dumbbells,Transactional,10,4,4284,10.6,265,20,0.0755,0,0.0,0.0,0.0,36.35
2024-12-20,2024-12,fitcommerce.com/products/adjustable-dumbbells,Transactional,10,4,4284,15.6,291,17,0.0584,0,0.0,0.0,0.0,36.35
2024-12-21,2024-12,fitcommerce.com/products/adjustable-dumbbells,Transactional,10,4,4284,6.6,284,12,0.0423,0,0.0,0.0,0.0,36.35
2024-12-22,2024-12,fitcommerce.com/products/adjustable-dumbbells,Transactional,10,4,4284,8.4,315,18,0.0571,0,0.0,0.0,0.0,36.35
2024-12-23,2024-12,fitcommerce.com/products/adjustable-dumbbells,Transactional,10,4,4284,13.9,243,8,0.0329,0,0.0,0.0,0.0,36.35
2024-12-24,2024-12,fitcommerce.com/products/adjustable-dumbbells,Transactional,10,4,4284,8.9,237,13,0.0549,0,0.0,0.0,0.0,36.35
2024-12-25,2024-12,fitcommerce.com/products/adjustable-dumbbells,Transactional,10,4,4284,11.6,251,16,0.0637,0,0.0,0.0,0.0,36.35
2024-12-26,2024-12,fitcommerce.com/products/adjustable-dumbbells,Transactional,10,4,4284,13.4,317,21,0.0662,0,0.0,0.0,0.0,36.35
2024-12-27,2024-12,fitcommerce.com/products/adjustable-dumbbells,Transactional,10,4,4284,9.8,322,18,0.0559,0,0.0,0.0,0.0,36.35
2024-12-28,2024-12,fitcommerce.com/products/adjustable-dumbbells,Transactional,10,4,4284,12.6,305,11,0.0361,0,0.0,0.0,0.0,36.35
2024-12-29,2024-12,fitcommerce.com/products/adjustable-dumbbells,Transactional,10,4,4284,13.8,242,7,0.0289,0,0.0,0.0,0.0,36.35
2024-12-30,2024-12,fitcommerce.com/products/adjustable-dumbbells,Transactional,10,4,4284,9.0,260,13,0.05,0,0.0,0.0,0.0,36.35
2024-12-31,2024-12,fitcommerce.com/products/adjustable-dumbbells,Transactional,10,4,4284,7.9,294,12,0.0408,0,0.0,0.0,0.0,36.35
2025-01-01,2025-01,fitcommerce.com/products/adjustable-dumbbells,Transactional,10,4,4284,8.9,256,8,0.0312,0,0.0,0.0,0.0,2.94
2025-01-02,2025-01,fitcommerce.com/products/adjustable-dumbbells,Transactional,10,4,4284,10.8,305,11,0.0361,0,0.0,0.0,0.0,2.94
2025-01-03,2025-01,fitcommerce.com/products/adjustable-dumbbells,Transactional,10,4,4284,10.6,268,14,0.0522,1,56.49,4.04,7.14,2.94
2025-01-04,2025-01,fitcommerce.com/products/adjustable-dumbbells,Transactional,10,4,4284,11.7,273,13,0.0476,1,58.84,4.53,7.69,2.94
2025-01-05,2025-01,fitcommerce.com/products/adjustable-dumbbells,Transactional,10,4,4284,8.0,324,6,0.0185,0,0.0,0.0,0.0,2.94
2025-01-06,2025-01,fitcommerce.com/products/adjustable-dumbbells,Transactional,10,4,4284,10.9,276,7,0.0254,0,0.0,0.0,0.0,2.94
2025-01-07,2025-01,fitcommerce.com/products/adjustable-dumbbells,Transactional,10,4,4284,14.1,330,21,0.0636,1,57.3,2.73,4.76,2.94
2025-01-08,2025-01,fitcommerce.com/products/adjustable-dumbbells,Transactional,10,4,4284,11.8,258,13,0.0504,0,0.0,0.0,0.0,2.94
2025-01-09,2025-01,fitcommerce.com/products/adjustable-dumbbells,Transactional,10,4,4284,7.7,267,8,0.03,1,50.3,6.29,12.5,2.94
2025-01-10,2025-01,fitcommerce.com/products/adjustable-dumbbells,Transactional,10,4,4284,13.4,277,8,0.0289,0,0.0,0.0,0.0,2.94
2025-01-11,2025-01,fitcommerce.com/products/adjustable-dumbbells,Transactional,10,4,4284,7.0,294,14,0.0476,0,0.0,0.0,0.0,2.94
2025-01-12,2025-01,fitcommerce.com/products/adjustable-dumbbells,Transactional,10,4,4284,9.7,318,7,0.022,0,0.0,0.0,0.0,2.94
2025-01-13,2025-01,fitcommerce.com/products/adjustable-dumbbells,Transactional,10,4,4284,2.9,316,8,0.0253,0,0.0,0.0,0.0,2.94
2025-01-14,2025-01,fitcommerce.com/products/adjustable-dumbbells,Transactional,10,4,4284,6.9,317,17,0.0536,0,0.0,0.0,0.0,2.94
2025-01-15,2025-01,fitcommerce.com/products/adjustable-dumbbells,Transactional,10,4,4284,5.4,318,10,0.0314,0,0.0,0.0,0.0,2.94
2025-01-16,2025-01,fitcommerce.com/products/adjustable-dumbbells,Transactional,10,4,4284,9.1,344,18,0.0523,0,0.0,0.0,0.0,2.94
2025-01-17,2025-01,fitcommerce.com/products/adjustable-dumbbells,Transactional,10,4,4284,11.0,256,5,0.0195,2,112.98,22.6,40.0,2.94
2025-01-18,2025-01,fitcommerce.com/products/adjustable-dumbbells,Transactional,10,4,4284,7.7,335,16,0.0478,0,0.0,0.0,0.0,2.94
2025-01-19,2025-01,fitcommerce.com/products/adjustable-dumbbells,Transactional,10,4,4284,16.6,294,15,0.051,0,0.0,0.0,0.0,2.94
2025-01-20,2025-01,fitcommerce.com/products/adjustable-dumbbells,Transactional,10,4,4284,11.0,269,11,0.0409,0,0.0,0.0,0.0,2.94
2025-01-21,2025-01,fitcommerce.com/products/adjustable-dumbbells,Transactional,10,4,4284,9.9,299,13,0.0435,0,0.0,0.0,0.0,2.94
2025-01-22,2025-01,fitcommerce.com/products/adjustable-dumbbells,Transactional,10,4,4284,9.4,281,17,0.0605,0,0.0,0.0,0.0,2.94
2025-01-23,2025-01,fitcommerce.com/products/adjustable-dumbbells,Transactional,10,4,4284,7.2,273,14,0.0513,1,55.82,3.99,7.14,2.94
2025-01-24,2025-01,fitcommerce.com/products/adjustable-dumbbells,Transactional,10,4,4284,13.8,314,19,0.0605,0,0.0,0.0,0.0,2.94
2025-01-25,2025-01,fitcommerce.com/products/adjustable-dumbbells,Transactional,10,4,4284,5.7,325,23,0.0708,1,60.67,2.64,4.35,2.94
2025-01-26,2025-01,fitcommerce.com/products/adjustable-dumbbells,Transactional,10,4,4284,16.2,324,15,0.0463,3,183.57,12.24,20.0,2.94
2025-01-27,2025-01,fitcommerce.com/products/adjustable-dumbbells,Transactional,10,4,4284,9.6,357,10,0.028,0,0.0,0.0,0.0,2.94
2025-01-28,2025-01,fitcommerce.com/products/adjustable-dumbbells,Transactional,10,4,4284,12.0,310,7,0.0226,0,0.0,0.0,0.0,2.94
2025-01-29,2025-01,fitcommerce.com/products/adjustable-dumbbells,Transactional,10,4,4284,11.6,283,10,0.0353,0,0.0,0.0,0.0,2.94
2025-01-30,2025-01,fitcommerce.com/products/adjustable-dumbbells,Transactional,10,4,4284,8.9,272,4,0.0147,0,0.0,0.0,0.0,2.94
2025-01-31,2025-01,fitcommerce.com/products/adjustable-dumbbells,Transactional,10,4,4284,9.1,359,21,0.0585,0,0.0,0.0,0.0,2.94
2025-02-01,2025-02,fitcommerce.com/products/adjustable-dumbbells,Transactional,10,4,4284,8.7,318,13,0.0409,0,0.0,0.0,0.0,-3.77
2025-02-02,2025-02,fitcommerce.com/products/adjustable-dumbbells,Transactional,10,4,4284,8.2,342,14,0.0409,0,0.0,0.0,0.0,-3.77
2025-02-03,2025-02,fitcommerce.com/products/adjustable-dumbbells,Transactional,10,4,4284,16.3,346,19,0.0549,0,0.0,0.0,0.0,-3.77
2025-02-04,2025-02,fitcommerce.com/products/adjustable-dumbbells,Transactional,10,4,4284,10.4,304,17,0.0559,0,0.0,0.0,0.0,-3.77
2025-02-05,2025-02,fitcommerce.com/products/adjustable-dumbbells,Transactional,10,4,4284,8.8,349,23,0.0659,0,0.0,0.0,0.0,-3.77
2025-02-06,2025-02,fitcommerce.com/products/adjustable-dumbbells,Transactional,10,4,4284,9.9,324,8,0.0247,0,0.0,0.0,0.0,-3.77
2025-02-07,2025-02,fitcommerce.com/products/adjustable-dumbbells,Transactional,10,4,4284,10.9,290,6,0.0207,0,0.0,0.0,0.0,-3.77
2025-02-08,2025-02,fitcommerce.com/products/adjustable-dumbbells,Transactional,10,4,4284,8.8,361,23,0.0637,1,57.1,2.48,4.35,-3.77
2025-02-09,2025-02,fitcommerce.com/products/adjustable-dumbbells,Transactional,10,4,4284,13.4,370,14,0.0378,0,0.0,0.0,0.0,-3.77
2025-02-10,2025-02,fitcommerce.com/products/adjustable-dumbbells,Transactional,10,4,4284,10.7,362,21,0.058,0,0.0,0.0,0.0,-3.77
2025-02-11,2025-02,fitcommerce.com/products/adjustable-dumbbells,Transactional,10,4,4284,7.3,312,20,0.0641,1,48.66,2.43,5.0,-3.77
2025-02-12,2025-02,fitcommerce.com/products/adjustable-dumbbells,Transactional,10,4,4284,10.6,367,8,0.0218,1,48.92,6.12,12.5,-3.77
2025-02-13,2025-02,fitcommerce.com/products/adjustable-dumbbells,Transactional,10,4,4284,9.9,341,22,0.0645,0,0.0,0.0,0.0,-3.77
2025-02-14,2025-02,fitcommerce.com/products/adjustable-dumbbells,Transactional,10,4,4284,16.1,312,18,0.0577,1,47.56,2.64,5.56,-3.77
2025-02-15,2025-02,fitcommerce.com/products/adjustable-dumbbells,Transactional,10,4,4284,7.3,365,14,0.0384,0,0.0,0.0,0.0,-3.77
2025-02-16,2025-02,fitcommerce.com/products/adjustable-dumbbells,Transactional,10,4,4284,9.5,298,6,0.0201,1,54.55,9.09,16.67,-3.77
2025-02-17,2025-02,fitcommerce.com/products/adjustable-dumbbells,Transactional,10,4,4284,9.0,311,14,0.045,1,52.92,3.78,7.14,-3.77
2025-02-18,2025-02,fitcommerce.com/products/adjustable-dumbbells,Transactional,10,4,4284,4.0,350,6,0.0171,1,59.98,10.0,16.67,-3.77
2025-02-19,2025-02,fitcommerce.com/products/adjustable-dumbbells,Transactional,10,4,4284,10.3,313,8,0.0256,0,0.0,0.0,0.0,-3.77
2025-02-20,2025-02,fitcommerce.com/products/adjustable-dumbbells,Transactional,10,4,4284,15.4,353,7,0.0198,0,0.0,0.0,0.0,-3.77
2025-02-21,2025-02,fitcommerce.com/products/adjustable-dumbbells,Transactional,10,4,4284,8.2,361,21,0.0582,0,0.0,0.0,0.0,-3.77
2025-02-22,2025-02,fitcommerce.com/products/adjustable-dumbbells,Transactional,10,4,4284,6.4,329,7,0.0213,0,0.0,0.0,0.0,-3.77
2025-02-23,2025-02,fitcommerce.com/products/adjustable-dumbbells,Transactional,10,4,4284,11.6,379,29,0.0765,0,0.0,0.0,0.0,-3.77
2025-02-24,2025-02,fitcommerce.com/products/adjustable-dumbbells,Transactional,10,4,4284,11.3,375,23,0.0613,0,0.0,0.0,0.0,-3.77
2025-02-25,2025-02,fitcommerce.com/products/adjustable-dumbbells,Transactional,10,4,4284,11.3,311,9,0.0289,0,0.0,0.0,0.0,-3.77
2025-02-26,2025-02,fitcommerce.com/products/adjustable-dumbbells,Transactional,10,4,4284,10.1,318,16,0.0503,1,47.22,2.95,6.25,-3.77
2025-02-27,2025-02,fitcommerce.com/products/adjustable-dumbbells,Transactional,10,4,4284,9.0,313,17,0.0543,0,0.0,0.0,0.0,-3.77
2025-02-28,2025-02,fitcommerce.com/products/adjustable-dumbbells,Transactional,10,4,4284,11.8,297,7,0.0236,0,0.0,0.0,0.0,-3.77
2025-03-01,2025-03,fitcommerce.com/products/adjustable-dumbbells,Transactional,10,4,4284,8.5,333,8,0.024,0,0.0,0.0,0.0,5.24
2025-03-02,2025-03,fitcommerce.com/products/adjustable-dumbbells,Transactional,10,4,4284,8.7,300,7,0.0233,0,0.0,0.0,0.0,5.24
2025-03-03,2025-03,fitcommerce.com/products/adjustable-dumbbells,Transactional,10,4,4284,13.2,320,16,0.05,0,0.0,0.0,0.0,5.24
2025-03-04,2025-03,fitcommerce.com/products/adjustable-dumbbells,Transactional,10,4,4284,12.8,395,8,0.0203,0,0.0,0.0,0.0,5.24
2025-03-05,2025-03,fitcommerce.com/products/adjustable-dumbbells,Transactional,10,4,4284,11.7,380,24,0.0632,0,0.0,0.0,0.0,5.24
2025-03-06,2025-03,fitcommerce.com/products/adjustable-dumbbells,Transactional,10,4,4284,8.7,347,27,0.0778,1,51.56,1.91,3.7,5.24
2025-03-07,2025-03,fitcommerce.com/products/adjustable-dumbbells,Transactional,10,4,4284,12.7,315,14,0.0444,0,0.0,0.0,0.0,5.24
2025-03-08,2025-03,fitcommerce.com/products/adjustable-dumbbells,Transactional,10,4,4284,9.0,386,8,0.0207,0,0.0,0.0,0.0,5.24
2025-03-09,2025-03,fitcommerce.com/products/adjustable-dumbbells,Transactional,10,4,4284,10.8,329,13,0.0395,1,52.36,4.03,7.69,5.24
2025-03-10,2025-03,fitcommerce.com/products/adjustable-dumbbells,Transactional,10,4,4284,9.9,313,19,0.0607,1,49.94,2.63,5.26,5.24
2025-03-11,2025-03,fitcommerce.com/products/adjustable-dumbbells,Transactional,10,4,4284,12.6,325,7,0.0215,0,0.0,0.0,0.0,5.24
2025-03-12,2025-03,fitcommerce.com/products/adjustable-dumbbells,Transactional,10,4,4284,5.3,353,8,0.0227,1,49.57,6.2,12.5,5.24
2025-03-13,2025-03,fitcommerce.com/products/adjustable-dumbbells,Transactional,10,4,4284,11.9,316,21,0.0665,1,56.25,2.68,4.76,5.24
2025-03-14,2025-03,fitcommerce.com/products/adjustable-dumbbells,Transactional,10,4,4284,11.2,309,10,0.0324,0,0.0,0.0,0.0,5.24
2025-03-15,2025-03,fitcommerce.com/products/adjustable-dumbbells,Transactional,10,4,4284,9.5,332,14,0.0422,0,0.0,0.0,0.0,5.24
2025-03-16,2025-03,fitcommerce.com/products/adjustable-dumbbells,Transactional,10,4,4284,9.6,325,19,0.0585,0,0.0,0.0,0.0,5.24
2025-03-17,2025-03,fitcommerce.com/products/adjustable-dumbbells,Transactional,10,4,4284,12.2,392,19,0.0485,0,0.0,0.0,0.0,5.24
2025-03-18,2025-03,fitcommerce.com/products/adjustable-dumbbells,Transactional,10,4,4284,8.8,402,16,0.0398,0,0.0,0.0,0.0,5.24
2025-03-19,2025-03,fitcommerce.com/products/adjustable-dumbbells,Transactional,10,4,4284,11.4,367,9,0.0245,0,0.0,0.0,0.0,5.24
2025-03-20,2025-03,fitcommerce.com/products/adjustable-dumbbells,Transactional,10,4,4284,13.3,320,7,0.0219,0,0.0,0.0,0.0,5.24
2025-03-21,2025-03,fitcommerce.com/products/adjustable-dumbbells,Transactional,10,4,4284,10.7,406,14,0.0345,0,0.0,0.0,0.0,5.24
2025-03-22,2025-03,fitcommerce.com/products/adjustable-dumbbells,Transactional,10,4,4284,10.0,383,18,0.047,0,0.0,0.0,0.0,5.24
2025-03-23,2025-03,fitcommerce.com/products/adjustable-dumbbells,Transactional,10,4,4284,4.0,339,19,0.056,1,50.11,2.64,5.26,5.24
2025-03-24,2025-03,fitcommerce.com/products/adjustable-dumbbells,Transactional,10,4,4284,10.5,397,16,0.0403,0,0.0,0.0,0.0,5.24
2025-03-25,2025-03,fitcommerce.com/products/adjustable-dumbbells,Transactional,10,4,4284,13.3,326,15,0.046,1,58.97,3.93,6.67,5.24
2025-03-26,2025-03,fitcommerce.com/products/adjustable-dumbbells,Transactional,10,4,4284,9.2,395,18,0.0456,0,0.0,0.0,0.0,5.24
2025-03-27,2025-03,fitcommerce.com/products/adjustable-dumbbells,Transactional,10,4,4284,7.4,411,21,0.0511,0,0.0,0.0,0.0,5.24
2025-03-28,2025-03,fitcommerce.com/products/adjustable-dumbbells,Transactional,10,4,4284,12.3,335,12,0.0358,1,51.19,4.27,8.33,5.24
2025-03-29,2025-03,fitcommerce.com/products/adjustable-dumbbells,Transactional,10,4,4284,12.3,361,21,0.0582,0,0.0,0.0,0.0,5.24
2025-03-30,2025-03,fitcommerce.com/products/adjustable-dumbbells,Transactional,10,4,4284,10.9,319,18,0.0564,0,0.0,0.0,0.0,5.24
2025-03-31,2025-03,fitcommerce.com/products/adjustable-dumbbells,Transactional,10,4,4284,13.9,376,24,0.0638,0,0.0,0.0,0.0,5.24
2025-04-01,2025-04,fitcommerce.com/products/adjustable-dumbbells,Transactional,10,4,4284,8.6,343,27,0.0787,0,0.0,0.0,0.0,-5.74
2025-04-02,2025-04,fitcommerce.com/products/adjustable-dumbbells,Transactional,10,4,4284,3.9,352,11,0.0312,0,0.0,0.0,0.0,-5.74
2025-04-03,2025-04,fitcommerce.com/products/adjustable-dumbbells,Transactional,10,4,4284,8.5,351,19,0.0541,0,0.0,0.0,0.0,-5.74
2025-04-04,2025-04,fitcommerce.com/products/adjustable-dumbbells,Transactional,10,4,4284,9.9,391,20,0.0512,0,0.0,0.0,0.0,-5.74
2025-04-05,2025-04,fitcommerce.com/products/adjustable-dumbbells,Transactional,10,4,4284,12.4,314,7,0.0223,0,0.0,0.0,0.0,-5.74
2025-04-06,2025-04,fitcommerce.com/products/adjustable-dumbbells,Transactional,10,4,4284,5.4,370,19,0.0514,1,59.36,3.12,5.26,-5.74
2025-04-07,2025-04,fitcommerce.com/products/adjustable-dumbbells,Transactional,10,4,4284,10.8,339,9,0.0265,0,0.0,0.0,0.0,-5.74
2025-04-08,2025-04,fitcommerce.com/products/adjustable-dumbbells,Transactional,10,4,4284,12.9,330,10,0.0303,0,0.0,0.0,0.0,-5.74
2025-04-09,2025-04,fitcommerce.com/products/adjustable-dumbbells,Transactional,10,4,4284,7.8,391,19,0.0486,0,0.0,0.0,0.0,-5.74
2025-04-10,2025-04,fitcommerce.com/products/adjustable-dumbbells,Transactional,10,4,4284,12.6,403,21,0.0521,0,0.0,0.0,0.0,-5.74
2025-04-11,2025-04,fitcommerce.com/products/adjustable-dumbbells,Transactional,10,4,4284,6.8,357,8,0.0224,1,57.76,7.22,12.5,-5.74
2025-04-12,2025-04,fitcommerce.com/products/adjustable-dumbbells,Transactional,10,4,4284,12.4,400,23,0.0575,0,0.0,0.0,0.0,-5.74
2025-04-13,2025-04,fitcommerce.com/products/adjustable-dumbbells,Transactional,10,4,4284,7.5,363,24,0.0661,0,0.0,0.0,0.0,-5.74
2025-04-14,2025-04,fitcommerce.com/products/adjustable-dumbbells,Transactional,10,4,4284,13.3,361,21,0.0582,1,46.89,2.23,4.76,-5.74
2025-04-15,2025-04,fitcommerce.com/products/adjustable-dumbbells,Transactional,10,4,4284,16.5,347,20,0.0576,0,0.0,0.0,0.0,-5.74
2025-04-16,2025-04,fitcommerce.com/products/adjustable-dumbbells,Transactional,10,4,4284,7.4,341,9,0.0264,0,0.0,0.0,0.0,-5.74
2025-04-17,2025-04,fitcommerce.com/products/adjustable-dumbbells,Transactional,10,4,4284,7.1,324,13,0.0401,0,0.0,0.0,0.0,-5.74
2025-04-18,2025-04,fitcommerce.com/products/adjustable-dumbbells,Transactional,10,4,4284,10.3,406,24,0.0591,1,58.68,2.44,4.17,-5.74
2025-04-19,2025-04,fitcommerce.com/products/adjustable-dumbbells,Transactional,10,4,4284,9.0,386,10,0.0259,1,51.06,5.11,10.0,-5.74
2025-04-20,2025-04,fitcommerce.com/products/adjustable-dumbbells,Transactional,10,4,4284,9.8,314,7,0.0223,0,0.0,0.0,0.0,-5.74
2025-04-21,2025-04,fitcommerce.com/products/adjustable-dumbbells,Transactional,10,4,4284,12.4,360,13,0.0361,0,0.0,0.0,0.0,-5.74
2025-04-22,2025-04,fitcommerce.com/products/adjustable-dumbbells,Transactional,10,4,4284,14.6,345,5,0.0145,0,0.0,0.0,0.0,-5.74
2025-04-23,2025-04,fitcommerce.com/products/adjustable-dumbbells,Transactional,10,4,4284,11.9,356,9,0.0253,0,0.0,0.0,0.0,-5.74
2025-04-24,2025-04,fitcommerce.com/products/adjustable-dumbbells,Transactional,10,4,4284,15.9,338,13,0.0385,1,53.73,4.13,7.69,-5.74
2025-04-25,2025-04,fitcommerce.com/products/adjustable-dumbbells,Transactional,10,4,4284,5.4,408,24,0.0588,0,0.0,0.0,0.0,-5.74
2025-04-26,2025-04,fitcommerce.com/products/adjustable-dumbbells,Transactional,10,4,4284,5.3,410,10,0.0244,0,0.0,0.0,0.0,-5.74
2025-04-27,2025-04,fitcommerce.com/products/adjustable-dumbbells,Transactional,10,4,4284,8.4,387,17,0.0439,0,0.0,0.0,0.0,-5.74
2025-04-28,2025-04,fitcommerce.com/products/adjustable-dumbbells,Transactional,10,4,4284,16.9,325,12,0.0369,0,0.0,0.0,0.0,-5.74
2025-04-29,2025-04,fitcommerce.com/products/adjustable-dumbbells,Transactional,10,4,4284,12.5,374,12,0.0321,0,0.0,0.0,0.0,-5.74
2025-04-30,2025-04,fitcommerce.com/products/adjustable-dumbbells,Transactional,10,4,4284,12.6,381,16,0.042,0,0.0,0.0,0.0,-5.74
2025-05-01,2025-05,fitcommerce.com/products/adjustable-dumbbells,Transactional,10,4,4284,4.4,379,14,0.0369,2,93.0,6.64,14.29,4.19
2025-05-02,2025-05,fitcommerce.com/products/adjustable-dumbbells,Transactional,10,4,4284,11.8,363,18,0.0496,0,0.0,0.0,0.0,4.19
2025-05-03,2025-05,fitcommerce.com/products/adjustable-dumbbells,Transactional,10,4,4284,8.3,346,17,0.0491,0,0.0,0.0,0.0,4.19
2025-05-04,2025-05,fitcommerce.com/products/adjustable-dumbbells,Transactional,10,4,4284,10.3,398,7,0.0176,0,0.0,0.0,0.0,4.19
2025-05-05,2025-05,fitcommerce.com/products/adjustable-dumbbells,Transactional,10,4,4284,11.2,413,19,0.046,2,119.74,6.3,10.53,4.19
2025-05-06,2025-05,fitcommerce.com/products/adjustable-dumbbells,Transactional,10,4,4284,5.4,370,30,0.0811,0,0.0,0.0,0.0,4.19
2025-05-07,2025-05,fitcommerce.com/products/adjustable-dumbbells,Transactional,10,4,4284,7.4,384,16,0.0417,1,60.35,3.77,6.25,4.19
2025-05-08,2025-05,fitcommerce.com/products/adjustable-dumbbells,Transactional,10,4,4284,10.3,350,6,0.0171,0,0.0,0.0,0.0,4.19
2025-05-09,2025-05,fitcommerce.com/products/adjustable-dumbbells,Transactional,10,4,4284,3.1,335,16,0.0478,1,47.53,2.97,6.25,4.19
2025-05-10,2025-05,fitcommerce.com/products/adjustable-dumbbells,Transactional,10,4,4284,8.8,323,13,0.0402,0,0.0,0.0,0.0,4.19
2025-05-11,2025-05,fitcommerce.com/products/adjustable-dumbbells,Transactional,10,4,4284,8.9,382,22,0.0576,0,0.0,0.0,0.0,4.19
2025-05-12,2025-05,fitcommerce.com/products/adjustable-dumbbells,Transactional,10,4,4284,4.9,421,28,0.0665,0,0.0,0.0,0.0,4.19
2025-05-13,2025-05,fitcommerce.com/products/adjustable-dumbbells,Transactional,10,4,4284,8.8,351,20,0.057,0,0.0,0.0,0.0,4.19
2025-05-14,2025-05,fitcommerce.com/products/adjustable-dumbbells,Transactional,10,4,4284,8.6,421,24,0.057,0,0.0,0.0,0.0,4.19
2025-05-15,2025-05,fitcommerce.com/products/adjustable-dumbbells,Transactional,10,4,4284,4.3,399,20,0.0501,0,0.0,0.0,0.0,4.19
2025-05-16,2025-05,fitcommerce.com/products/adjustable-dumbbells,Transactional,10,4,4284,11.9,375,19,0.0507,0,0.0,0.0,0.0,4.19
2025-05-17,2025-05,fitcommerce.com/products/adjustable-dumbbells,Transactional,10,4,4284,9.8,422,18,0.0427,0,0.0,0.0,0.0,4.19
2025-05-18,2025-05,fitcommerce.com/products/adjustable-dumbbells,Transactional,10,4,4284,8.5,354,7,0.0198,1,46.81,6.69,14.29,4.19
2025-05-19,2025-05,fitcommerce.com/products/adjustable-dumbbells,Transactional,10,4,4284,6.2,381,11,0.0289,0,0.0,0.0,0.0,4.19
2025-05-20,2025-05,fitcommerce.com/products/adjustable-dumbbells,Transactional,10,4,4284,12.9,356,21,0.059,0,0.0,0.0,0.0,4.19
2025-05-21,2025-05,fitcommerce.com/products/adjustable-dumbbells,Transactional,10,4,4284,4.2,387,15,0.0388,0,0.0,0.0,0.0,4.19
2025-05-22,2025-05,fitcommerce.com/products/adjustable-dumbbells,Transactional,10,4,4284,7.2,397,21,0.0529,0,0.0,0.0,0.0,4.19
2025-05-23,2025-05,fitcommerce.com/products/adjustable-dumbbells,Transactional,10,4,4284,9.7,322,6,0.0186,0,0.0,0.0,0.0,4.19
2025-05-24,2025-05,fitcommerce.com/products/adjustable-dumbbells,Transactional,10,4,4284,9.1,364,13,0.0357,0,0.0,0.0,0.0,4.19
2025-05-25,2025-05,fitcommerce.com/products/adjustable-dumbbells,Transactional,10,4,4284,10.9,366,15,0.041,1,61.69,4.11,6.67,4.19
2025-05-26,2025-05,fitcommerce.com/products/adjustable-dumbbells,Transactional,10,4,4284,8.7,377,14,0.0371,0,0.0,0.0,0.0,4.19
2025-05-27,2025-05,fitcommerce.com/products/adjustable-dumbbells,Transactional,10,4,4284,11.5,412,13,0.0316,0,0.0,0.0,0.0,4.19
2025-05-28,2025-05,fitcommerce.com/products/adjustable-dumbbells,Transactional,10,4,4284,13.6,387,13,0.0336,0,0.0,0.0,0.0,4.19
2025-05-29,2025-05,fitcommerce.com/products/adjustable-dumbbells,Transactional,10,4,4284,9.0,387,11,0.0284,1,46.72,4.25,9.09,4.19
2025-05-30,2025-05,fitcommerce.com/products/adjustable-dumbbells,Transactional,10,4,4284,10.5,418,11,0.0263,1,52.38,4.76,9.09,4.19
2025-05-31,2025-05,fitcommerce.com/products/adjustable-dumbbells,Transactional,10,4,4284,10.5,333,22,0.0661,0,0.0,0.0,0.0,4.19
2025-06-01,2025-06,fitcommerce.com/products/adjustable-dumbbells,Transactional,10,4,4284,5.4,419,31,0.074,0,0.0,0.0,0.0,-11.06
2025-06-02,2025-06,fitcommerce.com/products/adjustable-dumbbells,Transactional,10,4,4284,13.5,348,7,0.0201,0,0.0,0.0,0.0,-11.06
2025-06-03,2025-06,fitcommerce.com/products/adjustable-dumbbells,Transactional,10,4,4284,9.1,327,16,0.0489,0,0.0,0.0,0.0,-11.06
2025-06-04,2025-06,fitcommerce.com/products/adjustable-dumbbells,Transactional,10,4,4284,7.9,348,18,0.0517,0,0.0,0.0,0.0,-11.06
2025-06-05,2025-06,fitcommerce.com/products/adjustable-dumbbells,Transactional,10,4,4284,10.2,397,8,0.0202,1,52.78,6.6,12.5,-11.06
2025-06-06,2025-06,fitcommerce.com/products/adjustable-dumbbells,Transactional,10,4,4284,10.3,382,21,0.055,0,0.0,0.0,0.0,-11.06
2025-06-07,2025-06,fitcommerce.com/products/adjustable-dumbbells,Transactional,10,4,4284,3.1,333,22,0.0661,0,0.0,0.0,0.0,-11.06
2025-06-08,2025-06,fitcommerce.com/products/adjustable-dumbbells,Transactional,10,4,4284,12.6,325,15,0.0462,0,0.0,0.0,0.0,-11.06
2025-06-09,2025-06,fitcommerce.com/products/adjustable-dumbbells,Transactional,10,4,4284,4.7,315,13,0.0413,0,0.0,0.0,0.0,-11.06
2025-06-10,2025-06,fitcommerce.com/products/adjustable-dumbbells,Transactional,10,4,4284,4.1,400,13,0.0325,0,0.0,0.0,0.0,-11.06
2025-06-11,2025-06,fitcommerce.com/products/adjustable-dumbbells,Transactional,10,4,4284,5.1,340,24,0.0706,0,0.0,0.0,0.0,-11.06
2025-06-12,2025-06,fitcommerce.com/products/adjustable-dumbbells,Transactional,10,4,4284,8.1,315,17,0.054,0,0.0,0.0,0.0,-11.06
2025-06-13,2025-06,fitcommerce.com/products/adjustable-dumbbells,Transactional,10,4,4284,10.9,371,16,0.0431,0,0.0,0.0,0.0,-11.06
2025-06-14,2025-06,fitcommerce.com/products/adjustable-dumbbells,Transactional,10,4,4284,10.7,357,11,0.0308,0,0.0,0.0,0.0,-11.06
2025-06-15,2025-06,fitcommerce.com/products/adjustable-dumbbells,Transactional,10,4,4284,8.8,336,21,0.0625,0,0.0,0.0,0.0,-11.06
2025-06-16,2025-06,fitcommerce.com/products/adjustable-dumbbells,Transactional,10,4,4284,12.6,379,27,0.0712,0,0.0,0.0,0.0,-11.06
2025-06-17,2025-06,fitcommerce.com/products/adjustable-dumbbells,Transactional,10,4,4284,3.9,324,13,0.0401,0,0.0,0.0,0.0,-11.06
2025-06-18,2025-06,fitcommerce.com/products/adjustable-dumbbells,Transactional,10,4,4284,8.1,387,17,0.0439,0,0.0,0.0,0.0,-11.06
2025-06-19,2025-06,fitcommerce.com/products/adjustable-dumbbells,Transactional,10,4,4284,10.0,412,9,0.0218,0,0.0,0.0,0.0,-11.06
2025-06-20,2025-06,fitcommerce.com/products/adjustable-dumbbells,Transactional,10,4,4284,9.4,318,17,0.0535,0,0.0,0.0,0.0,-11.06
2025-06-21,2025-06,fitcommerce.com/products/adjustable-dumbbells,Transactional,10,4,4284,8.8,353,9,0.0255,1,60.56,6.73,11.11,-11.06
2025-06-22,2025-06,fitcommerce.com/products/adjustable-dumbbells,Transactional,10,4,4284,4.3,379,22,0.058,0,0.0,0.0,0.0,-11.06
2025-06-23,2025-06,fitcommerce.com/products/adjustable-dumbbells,Transactional,10,4,4284,10.8,375,21,0.056,0,0.0,0.0,0.0,-11.06
2025-06-24,2025-06,fitcommerce.com/products/adjustable-dumbbells,Transactional,10,4,4284,8.8,400,17,0.0425,0,0.0,0.0,0.0,-11.06
2025-06-25,2025-06,fitcommerce.com/products/adjustable-dumbbells,Transactional,10,4,4284,10.7,340,8,0.0235,0,0.0,0.0,0.0,-11.06
2025-06-26,2025-06,fitcommerce.com/products/adjustable-dumbbells,Transactional,10,4,4284,7.5,394,23,0.0584,0,0.0,0.0,0.0,-11.06
2025-06-27,2025-06,fitcommerce.com/products/adjustable-dumbbells,Transactional,10,4,4284,7.9,304,16,0.0526,0,0.0,0.0,0.0,-11.06
2025-06-28,2025-06,fitcommerce.com/products/adjustable-dumbbells,Transactional,10,4,4284,7.1,378,15,0.0397,0,0.0,0.0,0.0,-11.06
2025-06-29,2025-06,fitcommerce.com/products/adjustable-dumbbells,Transactional,10,4,4284,11.6,319,9,0.0282,0,0.0,0.0,0.0,-11.06
2025-06-30,2025-06,fitcommerce.com/products/adjustable-dumbbells,Transactional,10,4,4284,6.7,348,10,0.0287,1,51.68,5.17,10.0,-11.06
2025-07-01,2025-07,fitcommerce.com/products/adjustable-dumbbells,Transactional,10,4,4284,11.8,329,8,0.0243,0,0.0,0.0,0.0,6.91
2025-07-02,2025-07,fitcommerce.com/products/adjustable-dumbbells,Transactional,10,4,4284,5.3,361,19,0.0526,0,0.0,0.0,0.0,6.91
2025-07-03,2025-07,fitcommerce.com/products/adjustable-dumbbells,Transactional,10,4,4284,11.8,337,17,0.0504,1,59.48,3.5,5.88,6.91
2025-07-04,2025-07,fitcommerce.com/products/adjustable-dumbbells,Transactional,10,4,4284,7.6,324,11,0.034,0,0.0,0.0,0.0,6.91
2025-07-05,2025-07,fitcommerce.com/products/adjustable-dumbbells,Transactional,10,4,4284,10.3,308,15,0.0487,0,0.0,0.0,0.0,6.91
2025-07-06,2025-07,fitcommerce.com/products/adjustable-dumbbells,Transactional,10,4,4284,10.5,342,7,0.0205,0,0.0,0.0,0.0,6.91
2025-07-07,2025-07,fitcommerce.com/products/adjustable-dumbbells,Transactional,10,4,4284,10.5,322,10,0.0311,1,59.4,5.94,10.0,6.91
2025-07-08,2025-07,fitcommerce.com/products/adjustable-dumbbells,Transactional,10,4,4284,13.4,308,22,0.0714,0,0.0,0.0,0.0,6.91
2025-07-09,2025-07,fitcommerce.com/products/adjustable-dumbbells,Transactional,10,4,4284,9.5,389,18,0.0463,1,60.08,3.34,5.56,6.91
2025-07-10,2025-07,fitcommerce.com/products/adjustable-dumbbells,Transactional,10,4,4284,7.5,319,15,0.047,0,0.0,0.0,0.0,6.91
2025-07-11,2025-07,fitcommerce.com/products/adjustable-dumbbells,Transactional,10,4,4284,11.2,403,11,0.0273,0,0.0,0.0,0.0,6.91
2025-07-12,2025-07,fitcommerce.com/products/adjustable-dumbbells,Transactional,10,4,4284,8.6,382,15,0.0393,0,0.0,0.0,0.0,6.91
2025-07-13,2025-07,fitcommerce.com/products/adjustable-dumbbells,Transactional,10,4,4284,9.4,362,9,0.0249,0,0.0,0.0,0.0,6.91
2025-07-14,2025-07,fitcommerce.com/products/adjustable-dumbbells,Transactional,10,4,4284,8.2,366,11,0.0301,1,54.1,4.92,9.09,6.91
2025-07-15,2025-07,fitcommerce.com/products/adjustable-dumbbells,Transactional,10,4,4284,8.8,298,13,0.0436,0,0.0,0.0,0.0,6.91
2025-07-16,2025-07,fitcommerce.com/products/adjustable-dumbbells,Transactional,10,4,4284,6.1,317,13,0.041,0,0.0,0.0,0.0,6.91
2025-07-17,2025-07,fitcommerce.com/products/adjustable-dumbbells,Transactional,10,4,4284,7.3,358,20,0.0559,1,55.65,2.78,5.0,6.91
2025-07-18,2025-07,fitcommerce.com/products/adjustable-dumbbells,Transactional,10,4,4284,10.5,323,6,0.0186,1,60.33,10.06,16.67,6.91
2025-07-19,2025-07,fitcommerce.com/products/adjustable-dumbbells,Transactional,10,4,4284,8.3,319,8,0.0251,0,0.0,0.0,0.0,6.91
2025-07-20,2025-07,fitcommerce.com/products/adjustable-dumbbells,Transactional,10,4,4284,8.5,359,20,0.0557,1,57.55,2.88,5.0,6.91
2025-07-21,2025-07,fitcommerce.com/products/adjustable-dumbbells,Transactional,10,4,4284,12.0,310,11,0.0355,0,0.0,0.0,0.0,6.91
2025-07-22,2025-07,fitcommerce.com/products/adjustable-dumbbells,Transactional,10,4,4284,11.2,359,17,0.0474,0,0.0,0.0,0.0,6.91
2025-07-23,2025-07,fitcommerce.com/products/adjustable-dumbbells,Transactional,10,4,4284,9.5,356,18,0.0506,0,0.0,0.0,0.0,6.91
2025-07-24,2025-07,fitcommerce.com/products/adjustable-dumbbells,Transactional,10,4,4284,10.8,365,22,0.0603,0,0.0,0.0,0.0,6.91
2025-07-25,2025-07,fitcommerce.com/products/adjustable-dumbbells,Transactional,10,4,4284,11.3,300,12,0.04,0,0.0,0.0,0.0,6.91
2025-07-26,2025-07,fitcommerce.com/products/adjustable-dumbbells,Transactional,10,4,4284,9.3,394,20,0.0508,0,0.0,0.0,0.0,6.91
2025-07-27,2025-07,fitcommerce.com/products/adjustable-dumbbells,Transactional,10,4,4284,5.7,329,7,0.0213,0,0.0,0.0,0.0,6.91
2025-07-28,2025-07,fitcommerce.com/products/adjustable-dumbbells,Transactional,10,4,4284,9.0,333,9,0.027,0,0.0,0.0,0.0,6.91
2025-07-29,2025-07,fitcommerce.com/products/adjustable-dumbbells,Transactional,10,4,4284,9.3,378,10,0.0265,0,0.0,0.0,0.0,6.91
2025-07-30,2025-07,fitcommerce.com/products/adjustable-dumbbells,Transactional,10,4,4284,10.4,314,21,0.0669,0,0.0,0.0,0.0,6.91
2025-07-31,2025-07,fitcommerce.com/products/adjustable-dumbbells,Transactional,10,4,4284,9.6,358,13,0.0363,0,0.0,0.0,0.0,6.91
2024-08-01,2024-08,fitcommerce.com/products/recovery-foam-roller,Transactional,11,4,1243,12.1,67,2,0.0299,0,0.0,0.0,0.0,
2024-08-02,2024-08,fitcommerce.com/products/recovery-foam-roller,Transactional,11,4,1243,16.4,61,3,0.0492,0,0.0,0.0,0.0,
2024-08-03,2024-08,fitcommerce.com/products/recovery-foam-roller,Transactional,11,4,1243,11.1,69,2,0.029,0,0.0,0.0,0.0,
2024-08-04,2024-08,fitcommerce.com/products/recovery-foam-roller,Transactional,11,4,1243,18.5,61,3,0.0492,0,0.0,0.0,0.0,
2024-08-05,2024-08,fitcommerce.com/products/recovery-foam-roller,Transactional,11,4,1243,13.5,59,3,0.0508,0,0.0,0.0,0.0,
2024-08-06,2024-08,fitcommerce.com/products/recovery-foam-roller,Transactional,11,4,1243,13.8,71,4,0.0563,1,90.77,22.69,25.0,
2024-08-07,2024-08,fitcommerce.com/products/recovery-foam-roller,Transactional,11,4,1243,14.4,67,2,0.0299,0,0.0,0.0,0.0,
2024-08-08,2024-08,fitcommerce.com/products/recovery-foam-roller,Transactional,11,4,1243,16.1,68,3,0.0441,0,0.0,0.0,0.0,
2024-08-09,2024-08,fitcommerce.com/products/recovery-foam-roller,Transactional,11,4,1243,16.0,67,2,0.0299,0,0.0,0.0,0.0,
2024-08-10,2024-08,fitcommerce.com/products/recovery-foam-roller,Transactional,11,4,1243,10.8,56,2,0.0357,0,0.0,0.0,0.0,
2024-08-11,2024-08,fitcommerce.com/products/recovery-foam-roller,Transactional,11,4,1243,12.5,59,1,0.0169,0,0.0,0.0,0.0,
2024-08-12,2024-08,fitcommerce.com/products/recovery-foam-roller,Transactional,11,4,1243,15.8,64,2,0.0312,0,0.0,0.0,0.0,
2024-08-13,2024-08,fitcommerce.com/products/recovery-foam-roller,Transactional,11,4,1243,14.4,58,2,0.0345,0,0.0,0.0,0.0,
2024-08-14,2024-08,fitcommerce.com/products/recovery-foam-roller,Transactional,11,4,1243,14.9,61,1,0.0164,0,0.0,0.0,0.0,
2024-08-15,2024-08,fitcommerce.com/products/recovery-foam-roller,Transactional,11,4,1243,13.1,73,2,0.0274,0,0.0,0.0,0.0,
2024-08-16,2024-08,fitcommerce.com/products/recovery-foam-roller,Transactional,11,4,1243,10.2,56,2,0.0357,0,0.0,0.0,0.0,
2024-08-17,2024-08,fitcommerce.com/products/recovery-foam-roller,Transactional,11,4,1243,19.9,72,3,0.0417,1,72.82,24.27,33.33,
2024-08-18,2024-08,fitcommerce.com/products/recovery-foam-roller,Transactional,11,4,1243,7.6,71,1,0.0141,0,0.0,0.0,0.0,
2024-08-19,2024-08,fitcommerce.com/products/recovery-foam-roller,Transactional,11,4,1243,14.1,62,3,0.0484,0,0.0,0.0,0.0,
2024-08-20,2024-08,fitcommerce.com/products/recovery-foam-roller,Transactional,11,4,1243,15.6,65,1,0.0154,0,0.0,0.0,0.0,
2024-08-21,2024-08,fitcommerce.com/products/recovery-foam-roller,Transactional,11,4,1243,13.8,62,1,0.0161,0,0.0,0.0,0.0,
2024-08-22,2024-08,fitcommerce.com/products/recovery-foam-roller,Transactional,11,4,1243,13.4,57,1,0.0175,0,0.0,0.0,0.0,
2024-08-23,2024-08,fitcommerce.com/products/recovery-foam-roller,Transactional,11,4,1243,11.3,66,2,0.0303,0,0.0,0.0,0.0,
2024-08-24,2024-08,fitcommerce.com/products/recovery-foam-roller,Transactional,11,4,1243,12.7,73,3,0.0411,0,0.0,0.0,0.0,
2024-08-25,2024-08,fitcommerce.com/products/recovery-foam-roller,Transactional,11,4,1243,7.5,62,1,0.0161,0,0.0,0.0,0.0,
2024-08-26,2024-08,fitcommerce.com/products/recovery-foam-roller,Transactional,11,4,1243,14.4,61,4,0.0656,0,0.0,0.0,0.0,
2024-08-27,2024-08,fitcommerce.com/products/recovery-foam-roller,Transactional,11,4,1243,10.3,72,3,0.0417,0,0.0,0.0,0.0,
2024-08-28,2024-08,fitcommerce.com/products/recovery-foam-roller,Transactional,11,4,1243,17.1,71,2,0.0282,0,0.0,0.0,0.0,
2024-08-29,2024-08,fitcommerce.com/products/recovery-foam-roller,Transactional,11,4,1243,13.8,72,3,0.0417,0,0.0,0.0,0.0,
2024-08-30,2024-08,fitcommerce.com/products/recovery-foam-roller,Transactional,11,4,1243,5.2,72,1,0.0139,0,0.0,0.0,0.0,
2024-08-31,2024-08,fitcommerce.com/products/recovery-foam-roller,Transactional,11,4,1243,19.7,66,3,0.0455,0,0.0,0.0,0.0,
2024-09-01,2024-09,fitcommerce.com/products/recovery-foam-roller,Transactional,11,4,1243,14.0,59,2,0.0339,0,0.0,0.0,0.0,-13.81
2024-09-02,2024-09,fitcommerce.com/products/recovery-foam-roller,Transactional,11,4,1243,11.3,68,3,0.0441,0,0.0,0.0,0.0,-13.81
2024-09-03,2024-09,fitcommerce.com/products/recovery-foam-roller,Transactional,11,4,1243,11.2,58,3,0.0517,0,0.0,0.0,0.0,-13.81
2024-09-04,2024-09,fitcommerce.com/products/recovery-foam-roller,Transactional,11,4,1243,12.9,65,4,0.0615,0,0.0,0.0,0.0,-13.81
2024-09-05,2024-09,fitcommerce.com/products/recovery-foam-roller,Transactional,11,4,1243,21.5,69,3,0.0435,0,0.0,0.0,0.0,-13.81
2024-09-06,2024-09,fitcommerce.com/products/recovery-foam-roller,Transactional,11,4,1243,10.5,66,3,0.0455,0,0.0,0.0,0.0,-13.81
2024-09-07,2024-09,fitcommerce.com/products/recovery-foam-roller,Transactional,11,4,1243,20.0,58,3,0.0517,0,0.0,0.0,0.0,-13.81
2024-09-08,2024-09,fitcommerce.com/products/recovery-foam-roller,Transactional,11,4,1243,13.7,62,3,0.0484,1,74.29,24.76,33.33,-13.81
2024-09-09,2024-09,fitcommerce.com/products/recovery-foam-roller,Transactional,11,4,1243,14.2,73,4,0.0548,0,0.0,0.0,0.0,-13.81
2024-09-10,2024-09,fitcommerce.com/products/recovery-foam-roller,Transactional,11,4,1243,6.6,70,4,0.0571,0,0.0,0.0,0.0,-13.81
2024-09-11,2024-09,fitcommerce.com/products/recovery-foam-roller,Transactional,11,4,1243,16.7,64,3,0.0469,0,0.0,0.0,0.0,-13.81
2024-09-12,2024-09,fitcommerce.com/products/recovery-foam-roller,Transactional,11,4,1243,13.2,65,2,0.0308,0,0.0,0.0,0.0,-13.81
2024-09-13,2024-09,fitcommerce.com/products/recovery-foam-roller,Transactional,11,4,1243,11.0,62,4,0.0645,0,0.0,0.0,0.0,-13.81
2024-09-14,2024-09,fitcommerce.com/products/recovery-foam-roller,Transactional,11,4,1243,9.4,58,3,0.0517,0,0.0,0.0,0.0,-13.81
2024-09-15,2024-09,fitcommerce.com/products/recovery-foam-roller,Transactional,11,4,1243,13.9,67,3,0.0448,0,0.0,0.0,0.0,-13.81
2024-09-16,2024-09,fitcommerce.com/products/recovery-foam-roller,Transactional,11,4,1243,11.9,67,4,0.0597,0,0.0,0.0,0.0,-13.81
2024-09-17,2024-09,fitcommerce.com/products/recovery-foam-roller,Transactional,11,4,1243,13.2,70,4,0.0571,0,0.0,0.0,0.0,-13.81
2024-09-18,2024-09,fitcommerce.com/products/recovery-foam-roller,Transactional,11,4,1243,13.6,57,2,0.0351,0,0.0,0.0,0.0,-13.81
2024-09-19,2024-09,fitcommerce.com/products/recovery-foam-roller,Transactional,11,4,1243,13.2,56,1,0.0179,0,0.0,0.0,0.0,-13.81
2024-09-20,2024-09,fitcommerce.com/products/recovery-foam-roller,Transactional,11,4,1243,18.4,62,1,0.0161,0,0.0,0.0,0.0,-13.81
2024-09-21,2024-09,fitcommerce.com/products/recovery-foam-roller,Transactional,11,4,1243,7.0,61,2,0.0328,0,0.0,0.0,0.0,-13.81
2024-09-22,2024-09,fitcommerce.com/products/recovery-foam-roller,Transactional,11,4,1243,15.7,68,2,0.0294,0,0.0,0.0,0.0,-13.81
2024-09-23,2024-09,fitcommerce.com/products/recovery-foam-roller,Transactional,11,4,1243,10.4,60,1,0.0167,0,0.0,0.0,0.0,-13.81
2024-09-24,2024-09,fitcommerce.com/products/recovery-foam-roller,Transactional,11,4,1243,14.8,58,3,0.0517,0,0.0,0.0,0.0,-13.81
2024-09-25,2024-09,fitcommerce.com/products/recovery-foam-roller,Transactional,11,4,1243,11.9,62,2,0.0323,0,0.0,0.0,0.0,-13.81
2024-09-26,2024-09,fitcommerce.com/products/recovery-foam-roller,Transactional,11,4,1243,13.0,63,1,0.0159,0,0.0,0.0,0.0,-13.81
2024-09-27,2024-09,fitcommerce.com/products/recovery-foam-roller,Transactional,11,4,1243,16.9,64,2,0.0312,0,0.0,0.0,0.0,-13.81
2024-09-28,2024-09,fitcommerce.com/products/recovery-foam-roller,Transactional,11,4,1243,10.9,63,3,0.0476,0,0.0,0.0,0.0,-13.81
2024-09-29,2024-09,fitcommerce.com/products/recovery-foam-roller,Transactional,11,4,1243,14.6,64,3,0.0469,0,0.0,0.0,0.0,-13.81
2024-09-30,2024-09,fitcommerce.com/products/recovery-foam-roller,Transactional,11,4,1243,13.3,75,3,0.04,0,0.0,0.0,0.0,-13.81
2024-10-01,2024-10,fitcommerce.com/products/recovery-foam-roller,Transactional,11,4,1243,14.0,69,3,0.0435,0,0.0,0.0,0.0,25.27
2024-10-02,2024-10,fitcommerce.com/products/recovery-foam-roller,Transactional,11,4,1243,14.6,66,3,0.0455,0,0.0,0.0,0.0,25.27
2024-10-03,2024-10,fitcommerce.com/products/recovery-foam-roller,Transactional,11,4,1243,12.8,65,2,0.0308,0,0.0,0.0,0.0,25.27
2024-10-04,2024-10,fitcommerce.com/products/recovery-foam-roller,Transactional,11,4,1243,9.0,72,2,0.0278,1,80.38,40.19,50.0,25.27
2024-10-05,2024-10,fitcommerce.com/products/recovery-foam-roller,Transactional,11,4,1243,10.2,63,1,0.0159,0,0.0,0.0,0.0,25.27
2024-10-06,2024-10,fitcommerce.com/products/recovery-foam-roller,Transactional,11,4,1243,16.8,76,2,0.0263,0,0.0,0.0,0.0,25.27
2024-10-07,2024-10,fitcommerce.com/products/recovery-foam-roller,Transactional,11,4,1243,11.9,68,3,0.0441,0,0.0,0.0,0.0,25.27
2024-10-08,2024-10,fitcommerce.com/products/recovery-foam-roller,Transactional,11,4,1243,13.3,75,2,0.0267,0,0.0,0.0,0.0,25.27
2024-10-09,2024-10,fitcommerce.com/products/recovery-foam-roller,Transactional,11,4,1243,12.9,66,3,0.0455,0,0.0,0.0,0.0,25.27
2024-10-10,2024-10,fitcommerce.com/products/recovery-foam-roller,Transactional,11,4,1243,9.5,67,3,0.0448,0,0.0,0.0,0.0,25.27
2024-10-11,2024-10,fitcommerce.com/products/recovery-foam-roller,Transactional,11,4,1243,13.3,57,3,0.0526,0,0.0,0.0,0.0,25.27
2024-10-12,2024-10,fitcommerce.com/products/recovery-foam-roller,Transactional,11,4,1243,9.8,68,3,0.0441,0,0.0,0.0,0.0,25.27
2024-10-13,2024-10,fitcommerce.com/products/recovery-foam-roller,Transactional,11,4,1243,15.0,69,2,0.029,0,0.0,0.0,0.0,25.27
2024-10-14,2024-10,fitcommerce.com/products/recovery-foam-roller,Transactional,11,4,1243,15.7,59,3,0.0508,0,0.0,0.0,0.0,25.27
2024-10-15,2024-10,fitcommerce.com/products/recovery-foam-roller,Transactional,11,4,1243,10.5,60,4,0.0667,0,0.0,0.0,0.0,25.27
2024-10-16,2024-10,fitcommerce.com/products/recovery-foam-roller,Transactional,11,4,1243,15.5,63,3,0.0476,0,0.0,0.0,0.0,25.27
2024-10-17,2024-10,fitcommerce.com/products/recovery-foam-roller,Transactional,11,4,1243,14.4,58,2,0.0345,0,0.0,0.0,0.0,25.27
2024-10-18,2024-10,fitcommerce.com/products/recovery-foam-roller,Transactional,11,4,1243,16.2,75,3,0.04,0,0.0,0.0,0.0,25.27
2024-10-19,2024-10,fitcommerce.com/products/recovery-foam-roller,Transactional,11,4,1243,14.6,65,3,0.0462,0,0.0,0.0,0.0,25.27
2024-10-20,2024-10,fitcommerce.com/products/recovery-foam-roller,Transactional,11,4,1243,13.9,68,2,0.0294,0,0.0,0.0,0.0,25.27
2024-10-21,2024-10,fitcommerce.com/products/recovery-foam-roller,Transactional,11,4,1243,15.1,65,2,0.0308,0,0.0,0.0,0.0,25.27
2024-10-22,2024-10,fitcommerce.com/products/recovery-foam-roller,Transactional,11,4,1243,13.3,64,2,0.0312,0,0.0,0.0,0.0,25.27
2024-10-23,2024-10,fitcommerce.com/products/recovery-foam-roller,Transactional,11,4,1243,13.0,73,4,0.0548,0,0.0,0.0,0.0,25.27
2024-10-24,2024-10,fitcommerce.com/products/recovery-foam-roller,Transactional,11,4,1243,9.1,71,3,0.0423,0,0.0,0.0,0.0,25.27
2024-10-25,2024-10,fitcommerce.com/products/recovery-foam-roller,Transactional,11,4,1243,18.1,62,2,0.0323,0,0.0,0.0,0.0,25.27
2024-10-26,2024-10,fitcommerce.com/products/recovery-foam-roller,Transactional,11,4,1243,10.5,67,2,0.0299,0,0.0,0.0,0.0,25.27
2024-10-27,2024-10,fitcommerce.com/products/recovery-foam-roller,Transactional,11,4,1243,11.3,67,1,0.0149,0,0.0,0.0,0.0,25.27
2024-10-28,2024-10,fitcommerce.com/products/recovery-foam-roller,Transactional,11,4,1243,15.5,59,3,0.0508,0,0.0,0.0,0.0,25.27
2024-10-29,2024-10,fitcommerce.com/products/recovery-foam-roller,Transactional,11,4,1243,14.4,61,2,0.0328,0,0.0,0.0,0.0,25.27
2024-10-30,2024-10,fitcommerce.com/products/recovery-foam-roller,Transactional,11,4,1243,7.4,67,1,0.0149,0,0.0,0.0,0.0,25.27
2024-10-31,2024-10,fitcommerce.com/products/recovery-foam-roller,Transactional,11,4,1243,13.8,74,3,0.0405,0,0.0,0.0,0.0,25.27
2024-11-01,2024-11,fitcommerce.com/products/recovery-foam-roller,Transactional,11,4,1243,9.3,76,2,0.0263,0,0.0,0.0,0.0,13.64
2024-11-02,2024-11,fitcommerce.com/products/recovery-foam-roller,Transactional,11,4,1243,10.9,63,1,0.0159,0,0.0,0.0,0.0,13.64
2024-11-03,2024-11,fitcommerce.com/products/recovery-foam-roller,Transactional,11,4,1243,16.6,76,4,0.0526,0,0.0,0.0,0.0,13.64
2024-11-04,2024-11,fitcommerce.com/products/recovery-foam-roller,Transactional,11,4,1243,14.8,65,2,0.0308,0,0.0,0.0,0.0,13.64
2024-11-05,2024-11,fitcommerce.com/products/recovery-foam-roller,Transactional,11,4,1243,14.0,60,2,0.0333,0,0.0,0.0,0.0,13.64
2024-11-06,2024-11,fitcommerce.com/products/recovery-foam-roller,Transactional,11,4,1243,10.6,61,2,0.0328,0,0.0,0.0,0.0,13.64
2024-11-07,2024-11,fitcommerce.com/products/recovery-foam-roller,Transactional,11,4,1243,11.4,73,2,0.0274,0,0.0,0.0,0.0,13.64
2024-11-08,2024-11,fitcommerce.com/products/recovery-foam-roller,Transactional,11,4,1243,13.7,79,3,0.038,0,0.0,0.0,0.0,13.64
2024-11-09,2024-11,fitcommerce.com/products/recovery-foam-roller,Transactional,11,4,1243,13.1,61,2,0.0328,0,0.0,0.0,0.0,13.64
2024-11-10,2024-11,fitcommerce.com/products/recovery-foam-roller,Transactional,11,4,1243,8.0,67,4,0.0597,0,0.0,0.0,0.0,13.64
2024-11-11,2024-11,fitcommerce.com/products/recovery-foam-roller,Transactional,11,4,1243,11.7,75,2,0.0267,0,0.0,0.0,0.0,13.64
2024-11-12,2024-11,fitcommerce.com/products/recovery-foam-roller,Transactional,11,4,1243,14.4,79,1,0.0127,0,0.0,0.0,0.0,13.64
2024-11-13,2024-11,fitcommerce.com/products/recovery-foam-roller,Transactional,11,4,1243,7.8,63,2,0.0317,0,0.0,0.0,0.0,13.64
2024-11-14,2024-11,fitcommerce.com/products/recovery-foam-roller,Transactional,11,4,1243,14.5,79,2,0.0253,0,0.0,0.0,0.0,13.64
2024-11-15,2024-11,fitcommerce.com/products/recovery-foam-roller,Transactional,11,4,1243,8.9,70,1,0.0143,0,0.0,0.0,0.0,13.64
2024-11-16,2024-11,fitcommerce.com/products/recovery-foam-roller,Transactional,11,4,1243,8.6,66,1,0.0152,0,0.0,0.0,0.0,13.64
2024-11-17,2024-11,fitcommerce.com/products/recovery-foam-roller,Transactional,11,4,1243,14.3,65,1,0.0154,0,0.0,0.0,0.0,13.64
2024-11-18,2024-11,fitcommerce.com/products/recovery-foam-roller,Transactional,11,4,1243,16.4,71,1,0.0141,0,0.0,0.0,0.0,13.64
2024-11-19,2024-11,fitcommerce.com/products/recovery-foam-roller,Transactional,11,4,1243,11.2,77,3,0.039,0,0.0,0.0,0.0,13.64
2024-11-20,2024-11,fitcommerce.com/products/recovery-foam-roller,Transactional,11,4,1243,11.6,83,3,0.0361,0,0.0,0.0,0.0,13.64
2024-11-21,2024-11,fitcommerce.com/products/recovery-foam-roller,Transactional,11,4,1243,7.2,70,3,0.0429,0,0.0,0.0,0.0,13.64
2024-11-22,2024-11,fitcommerce.com/products/recovery-foam-roller,Transactional,11,4,1243,9.5,78,5,0.0641,0,0.0,0.0,0.0,13.64
2024-11-23,2024-11,fitcommerce.com/products/recovery-foam-roller,Transactional,11,4,1243,11.9,84,4,0.0476,0,0.0,0.0,0.0,13.64
2024-11-24,2024-11,fitcommerce.com/products/recovery-foam-roller,Transactional,11,4,1243,10.6,71,3,0.0423,0,0.0,0.0,0.0,13.64
2024-11-25,2024-11,fitcommerce.com/products/recovery-foam-roller,Transactional,11,4,1243,9.6,66,3,0.0455,0,0.0,0.0,0.0,13.64
2024-11-26,2024-11,fitcommerce.com/products/recovery-foam-roller,Transactional,11,4,1243,10.5,65,2,0.0308,0,0.0,0.0,0.0,13.64
2024-11-27,2024-11,fitcommerce.com/products/recovery-foam-roller,Transactional,11,4,1243,11.7,84,5,0.0595,1,82.94,16.59,20.0,13.64
2024-11-28,2024-11,fitcommerce.com/products/recovery-foam-roller,Transactional,11,4,1243,11.9,79,3,0.038,0,0.0,0.0,0.0,13.64
2024-11-29,2024-11,fitcommerce.com/products/recovery-foam-roller,Transactional,11,4,1243,6.9,73,2,0.0274,0,0.0,0.0,0.0,13.64
2024-11-30,2024-11,fitcommerce.com/products/recovery-foam-roller,Transactional,11,4,1243,6.1,74,3,0.0405,0,0.0,0.0,0.0,13.64
2024-12-01,2024-12,fitcommerce.com/products/recovery-foam-roller,Transactional,11,4,1243,13.1,75,4,0.0533,0,0.0,0.0,0.0,36.35
2024-12-02,2024-12,fitcommerce.com/products/recovery-foam-roller,Transactional,11,4,1243,9.0,72,4,0.0556,0,0.0,0.0,0.0,36.35
2024-12-03,2024-12,fitcommerce.com/products/recovery-foam-roller,Transactional,11,4,1243,13.1,79,2,0.0253,0,0.0,0.0,0.0,36.35
2024-12-04,2024-12,fitcommerce.com/products/recovery-foam-roller,Transactional,11,4,1243,14.4,76,2,0.0263,0,0.0,0.0,0.0,36.35
2024-12-05,2024-12,fitcommerce.com/products/recovery-foam-roller,Transactional,11,4,1243,11.3,65,3,0.0462,0,0.0,0.0,0.0,36.35
2024-12-06,2024-12,fitcommerce.com/products/recovery-foam-roller,Transactional,11,4,1243,8.2,74,3,0.0405,0,0.0,0.0,0.0,36.35
2024-12-07,2024-12,fitcommerce.com/products/recovery-foam-roller,Transactional,11,4,1243,11.5,65,3,0.0462,0,0.0,0.0,0.0,36.35
2024-12-08,2024-12,fitcommerce.com/products/recovery-foam-roller,Transactional,11,4,1243,10.1,67,1,0.0149,2,153.49,153.49,200.0,36.35
2024-12-09,2024-12,fitcommerce.com/products/recovery-foam-roller,Transactional,11,4,1243,14.4,85,2,0.0235,0,0.0,0.0,0.0,36.35
2024-12-10,2024-12,fitcommerce.com/products/recovery-foam-roller,Transactional,11,4,1243,10.2,78,3,0.0385,0,0.0,0.0,0.0,36.35
2024-12-11,2024-12,fitcommerce.com/products/recovery-foam-roller,Transactional,11,4,1243,13.3,67,3,0.0448,0,0.0,0.0,0.0,36.35
2024-12-12,2024-12,fitcommerce.com/products/recovery-foam-roller,Transactional,11,4,1243,13.7,83,3,0.0361,0,0.0,0.0,0.0,36.35
2024-12-13,2024-12,fitcommerce.com/products/recovery-foam-roller,Transactional,11,4,1243,15.3,77,6,0.0779,0,0.0,0.0,0.0,36.35
2024-12-14,2024-12,fitcommerce.com/products/recovery-foam-roller,Transactional,11,4,1243,6.2,81,3,0.037,0,0.0,0.0,0.0,36.35
2024-12-15,2024-12,fitcommerce.com/products/recovery-foam-roller,Transactional,11,4,1243,15.9,73,3,0.0411,0,0.0,0.0,0.0,36.35
2024-12-16,2024-12,fitcommerce.com/products/recovery-foam-roller,Transactional,11,4,1243,9.6,76,2,0.0263,0,0.0,0.0,0.0,36.35
2024-12-17,2024-12,fitcommerce.com/products/recovery-foam-roller,Transactional,11,4,1243,12.0,75,5,0.0667,1,72.47,14.49,20.0,36.35
2024-12-18,2024-12,fitcommerce.com/products/recovery-foam-roller,Transactional,11,4,1243,11.7,74,4,0.0541,0,0.0,0.0,0.0,36.35
2024-12-19,2024-12,fitcommerce.com/products/recovery-foam-roller,Transactional,11,4,1243,11.2,75,3,0.04,0,0.0,0.0,0.0,36.35
2024-12-20,2024-12,fitcommerce.com/products/recovery-foam-roller,Transactional,11,4,1243,10.1,87,3,0.0345,0,0.0,0.0,0.0,36.35
2024-12-21,2024-12,fitcommerce.com/products/recovery-foam-roller,Transactional,11,4,1243,12.3,85,3,0.0353,0,0.0,0.0,0.0,36.35
2024-12-22,2024-12,fitcommerce.com/products/recovery-foam-roller,Transactional,11,4,1243,11.2,80,2,0.025,0,0.0,0.0,0.0,36.35
2024-12-23,2024-12,fitcommerce.com/products/recovery-foam-roller,Transactional,11,4,1243,15.9,71,3,0.0423,0,0.0,0.0,0.0,36.35
2024-12-24,2024-12,fitcommerce.com/products/recovery-foam-roller,Transactional,11,4,1243,13.1,86,3,0.0349,0,0.0,0.0,0.0,36.35
2024-12-25,2024-12,fitcommerce.com/products/recovery-foam-roller,Transactional,11,4,1243,14.0,69,2,0.029,0,0.0,0.0,0.0,36.35
2024-12-26,2024-12,fitcommerce.com/products/recovery-foam-roller,Transactional,11,4,1243,15.7,69,3,0.0435,0,0.0,0.0,0.0,36.35
2024-12-27,2024-12,fitcommerce.com/products/recovery-foam-roller,Transactional,11,4,1243,13.6,86,5,0.0581,0,0.0,0.0,0.0,36.35
2024-12-28,2024-12,fitcommerce.com/products/recovery-foam-roller,Transactional,11,4,1243,13.6,84,3,0.0357,0,0.0,0.0,0.0,36.35
2024-12-29,2024-12,fitcommerce.com/products/recovery-foam-roller,Transactional,11,4,1243,12.8,76,3,0.0395,0,0.0,0.0,0.0,36.35
2024-12-30,2024-12,fitcommerce.com/products/recovery-foam-roller,Transactional,11,4,1243,9.2,83,2,0.0241,0,0.0,0.0,0.0,36.35
2024-12-31,2024-12,fitcommerce.com/products/recovery-foam-roller,Transactional,11,4,1243,13.6,91,4,0.044,0,0.0,0.0,0.0,36.35
2025-01-01,2025-01,fitcommerce.com/products/recovery-foam-roller,Transactional,11,4,1243,14.4,78,1,0.0128,0,0.0,0.0,0.0,2.94
2025-01-02,2025-01,fitcommerce.com/products/recovery-foam-roller,Transactional,11,4,1243,8.6,93,5,0.0538,0,0.0,0.0,0.0,2.94
2025-01-03,2025-01,fitcommerce.com/products/recovery-foam-roller,Transactional,11,4,1243,11.8,81,5,0.0617,1,75.41,15.08,20.0,2.94
2025-01-04,2025-01,fitcommerce.com/products/recovery-foam-roller,Transactional,11,4,1243,17.1,86,4,0.0465,0,0.0,0.0,0.0,2.94
2025-01-05,2025-01,fitcommerce.com/products/recovery-foam-roller,Transactional,11,4,1243,14.7,90,5,0.0556,0,0.0,0.0,0.0,2.94
2025-01-06,2025-01,fitcommerce.com/products/recovery-foam-roller,Transactional,11,4,1243,14.2,87,4,0.046,0,0.0,0.0,0.0,2.94
2025-01-07,2025-01,fitcommerce.com/products/recovery-foam-roller,Transactional,11,4,1243,14.2,82,2,0.0244,0,0.0,0.0,0.0,2.94
2025-01-08,2025-01,fitcommerce.com/products/recovery-foam-roller,Transactional,11,4,1243,12.8,74,1,0.0135,0,0.0,0.0,0.0,2.94
2025-01-09,2025-01,fitcommerce.com/products/recovery-foam-roller,Transactional,11,4,1243,9.4,75,5,0.0667,0,0.0,0.0,0.0,2.94
2025-01-10,2025-01,fitcommerce.com/products/recovery-foam-roller,Transactional,11,4,1243,12.7,88,5,0.0568,0,0.0,0.0,0.0,2.94
2025-01-11,2025-01,fitcommerce.com/products/recovery-foam-roller,Transactional,11,4,1243,9.2,82,2,0.0244,0,0.0,0.0,0.0,2.94
2025-01-12,2025-01,fitcommerce.com/products/recovery-foam-roller,Transactional,11,4,1243,13.4,89,5,0.0562,0,0.0,0.0,0.0,2.94
2025-01-13,2025-01,fitcommerce.com/products/recovery-foam-roller,Transactional,11,4,1243,12.5,93,7,0.0753,0,0.0,0.0,0.0,2.94
2025-01-14,2025-01,fitcommerce.com/products/recovery-foam-roller,Transactional,11,4,1243,14.7,82,2,0.0244,0,0.0,0.0,0.0,2.94
2025-01-15,2025-01,fitcommerce.com/products/recovery-foam-roller,Transactional,11,4,1243,4.9,81,3,0.037,0,0.0,0.0,0.0,2.94
2025-01-16,2025-01,fitcommerce.com/products/recovery-foam-roller,Transactional,11,4,1243,8.5,79,2,0.0253,0,0.0,0.0,0.0,2.94
2025-01-17,2025-01,fitcommerce.com/products/recovery-foam-roller,Transactional,11,4,1243,13.4,98,4,0.0408,0,0.0,0.0,0.0,2.94
2025-01-18,2025-01,fitcommerce.com/products/recovery-foam-roller,Transactional,11,4,1243,5.2,87,2,0.023,0,0.0,0.0,0.0,2.94
2025-01-19,2025-01,fitcommerce.com/products/recovery-foam-roller,Transactional,11,4,1243,8.2,80,1,0.0125,0,0.0,0.0,0.0,2.94
2025-01-20,2025-01,fitcommerce.com/products/recovery-foam-roller,Transactional,11,4,1243,12.1,74,3,0.0405,0,0.0,0.0,0.0,2.94
2025-01-21,2025-01,fitcommerce.com/products/recovery-foam-roller,Transactional,11,4,1243,11.4,76,2,0.0263,1,87.36,43.68,50.0,2.94
2025-01-22,2025-01,fitcommerce.com/products/recovery-foam-roller,Transactional,11,4,1243,7.6,76,1,0.0132,0,0.0,0.0,0.0,2.94
2025-01-23,2025-01,fitcommerce.com/products/recovery-foam-roller,Transactional,11,4,1243,12.0,80,1,0.0125,0,0.0,0.0,0.0,2.94
2025-01-24,2025-01,fitcommerce.com/products/recovery-foam-roller,Transactional,11,4,1243,12.6,95,7,0.0737,0,0.0,0.0,0.0,2.94
2025-01-25,2025-01,fitcommerce.com/products/recovery-foam-roller,Transactional,11,4,1243,13.0,94,4,0.0426,0,0.0,0.0,0.0,2.94
2025-01-26,2025-01,fitcommerce.com/products/recovery-foam-roller,Transactional,11,4,1243,8.4,101,4,0.0396,0,0.0,0.0,0.0,2.94
2025-01-27,2025-01,fitcommerce.com/products/recovery-foam-roller,Transactional,11,4,1243,4.4,88,3,0.0341,0,0.0,0.0,0.0,2.94
2025-01-28,2025-01,fitcommerce.com/products/recovery-foam-roller,Transactional,11,4,1243,11.5,95,6,0.0632,1,84.12,14.02,16.67,2.94
2025-01-29,2025-01,fitcommerce.com/products/recovery-foam-roller,Transactional,11,4,1243,14.6,81,4,0.0494,0,0.0,0.0,0.0,2.94
2025-01-30,2025-01,fitcommerce.com/products/recovery-foam-roller,Transactional,11,4,1243,8.4,83,1,0.012,1,73.7,73.7,100.0,2.94
2025-01-31,2025-01,fitcommerce.com/products/recovery-foam-roller,Transactional,11,4,1243,15.0,95,3,0.0316,0,0.0,0.0,0.0,2.94
2025-02-01,2025-02,fitcommerce.com/products/recovery-foam-roller,Transactional,11,4,1243,13.8,100,3,0.03,0,0.0,0.0,0.0,-3.77
2025-02-02,2025-02,fitcommerce.com/products/recovery-foam-roller,Transactional,11,4,1243,13.2,84,3,0.0357,0,0.0,0.0,0.0,-3.77
2025-02-03,2025-02,fitcommerce.com/products/recovery-foam-roller,Transactional,11,4,1243,14.5,96,6,0.0625,0,0.0,0.0,0.0,-3.77
2025-02-04,2025-02,fitcommerce.com/products/recovery-foam-roller,Transactional,11,4,1243,7.1,95,4,0.0421,0,0.0,0.0,0.0,-3.77
2025-02-05,2025-02,fitcommerce.com/products/recovery-foam-roller,Transactional,11,4,1243,12.1,84,5,0.0595,0,0.0,0.0,0.0,-3.77
2025-02-06,2025-02,fitcommerce.com/products/recovery-foam-roller,Transactional,11,4,1243,10.5,81,2,0.0247,0,0.0,0.0,0.0,-3.77
2025-02-07,2025-02,fitcommerce.com/products/recovery-foam-roller,Transactional,11,4,1243,12.4,87,4,0.046,0,0.0,0.0,0.0,-3.77
2025-02-08,2025-02,fitcommerce.com/products/recovery-foam-roller,Transactional,11,4,1243,9.1,101,2,0.0198,0,0.0,0.0,0.0,-3.77
2025-02-09,2025-02,fitcommerce.com/products/recovery-foam-roller,Transactional,11,4,1243,8.4,80,2,0.025,0,0.0,0.0,0.0,-3.77
2025-02-10,2025-02,fitcommerce.com/products/recovery-foam-roller,Transactional,11,4,1243,7.7,82,5,0.061,0,0.0,0.0,0.0,-3.77
2025-02-11,2025-02,fitcommerce.com/products/recovery-foam-roller,Transactional,11,4,1243,13.2,84,4,0.0476,0,0.0,0.0,0.0,-3.77
2025-02-12,2025-02,fitcommerce.com/products/recovery-foam-roller,Transactional,11,4,1243,14.0,99,6,0.0606,0,0.0,0.0,0.0,-3.77
2025-02-13,2025-02,fitcommerce.com/products/recovery-foam-roller,Transactional,11,4,1243,10.7,95,7,0.0737,0,0.0,0.0,0.0,-3.77
2025-02-14,2025-02,fitcommerce.com/products/recovery-foam-roller,Transactional,11,4,1243,12.2,79,2,0.0253,0,0.0,0.0,0.0,-3.77
2025-02-15,2025-02,fitcommerce.com/products/recovery-foam-roller,Transactional,11,4,1243,16.2,100,2,0.02,0,0.0,0.0,0.0,-3.77
2025-02-16,2025-02,fitcommerce.com/products/recovery-foam-roller,Transactional,11,4,1243,14.1,80,4,0.05,0,0.0,0.0,0.0,-3.77
2025-02-17,2025-02,fitcommerce.com/products/recovery-foam-roller,Transactional,11,4,1243,6.3,80,2,0.025,1,75.97,37.98,50.0,-3.77
2025-02-18,2025-02,fitcommerce.com/products/recovery-foam-roller,Transactional,11,4,1243,10.2,89,5,0.0562,0,0.0,0.0,0.0,-3.77
2025-02-19,2025-02,fitcommerce.com/products/recovery-foam-roller,Transactional,11,4,1243,11.9,92,5,0.0543,0,0.0,0.0,0.0,-3.77
2025-02-20,2025-02,fitcommerce.com/products/recovery-foam-roller,Transactional,11,4,1243,15.6,101,2,0.0198,0,0.0,0.0,0.0,-3.77
2025-02-21,2025-02,fitcommerce.com/products/recovery-foam-roller,Transactional,11,4,1243,12.7,88,2,0.0227,0,0.0,0.0,0.0,-3.77
2025-02-22,2025-02,fitcommerce.com/products/recovery-foam-roller,Transactional,11,4,1243,13.5,88,2,0.0227,0,0.0,0.0,0.0,-3.77
2025-02-23,2025-02,fitcommerce.com/products/recovery-foam-roller,Transactional,11,4,1243,5.9,90,1,0.0111,0,0.0,0.0,0.0,-3.77
2025-02-24,2025-02,fitcommerce.com/products/recovery-foam-roller,Transactional,11,4,1243,7.9,88,3,0.0341,0,0.0,0.0,0.0,-3.77
2025-02-25,2025-02,fitcommerce.com/products/recovery-foam-roller,Transactional,11,4,1243,11.4,86,2,0.0233,0,0.0,0.0,0.0,-3.77
2025-02-26,2025-02,fitcommerce.com/products/recovery-foam-roller,Transactional,11,4,1243,14.1,99,4,0.0404,0,0.0,0.0,0.0,-3.77
2025-02-27,2025-02,fitcommerce.com/products/recovery-foam-roller,Transactional,11,4,1243,8.6,89,3,0.0337,1,94.53,31.51,33.33,-3.77
2025-02-28,2025-02,fitcommerce.com/products/recovery-foam-roller,Transactional,11,4,1243,12.8,82,5,0.061,0,0.0,0.0,0.0,-3.77
2025-03-01,2025-03,fitcommerce.com/products/recovery-foam-roller,Transactional,11,4,1243,14.3,95,2,0.0211,0,0.0,0.0,0.0,5.24
2025-03-02,2025-03,fitcommerce.com/products/recovery-foam-roller,Transactional,11,4,1243,12.9,85,3,0.0353,0,0.0,0.0,0.0,5.24
2025-03-03,2025-03,fitcommerce.com/products/recovery-foam-roller,Transactional,11,4,1243,14.0,100,2,0.02,0,0.0,0.0,0.0,5.24
2025-03-04,2025-03,fitcommerce.com/products/recovery-foam-roller,Transactional,11,4,1243,9.7,82,5,0.061,0,0.0,0.0,0.0,5.24
2025-03-05,2025-03,fitcommerce.com/products/recovery-foam-roller,Transactional,11,4,1243,10.2,95,6,0.0632,0,0.0,0.0,0.0,5.24
2025-03-06,2025-03,fitcommerce.com/products/recovery-foam-roller,Transactional,11,4,1243,4.5,82,6,0.0732,0,0.0,0.0,0.0,5.24
2025-03-07,2025-03,fitcommerce.com/products/recovery-foam-roller,Transactional,11,4,1243,8.4,95,6,0.0632,0,0.0,0.0,0.0,5.24
2025-03-08,2025-03,fitcommerce.com/products/recovery-foam-roller,Transactional,11,4,1243,13.0,83,4,0.0482,1,92.14,23.04,25.0,5.24
2025-03-09,2025-03,fitcommerce.com/products/recovery-foam-roller,Transactional,11,4,1243,14.8,87,2,0.023,0,0.0,0.0,0.0,5.24
2025-03-10,2025-03,fitcommerce.com/products/recovery-foam-roller,Transactional,11,4,1243,10.3,94,4,0.0426,0,0.0,0.0,0.0,5.24
2025-03-11,2025-03,fitcommerce.com/products/recovery-foam-roller,Transactional,11,4,1243,16.1,90,3,0.0333,0,0.0,0.0,0.0,5.24
2025-03-12,2025-03,fitcommerce.com/products/recovery-foam-roller,Transactional,11,4,1243,9.3,96,3,0.0312,0,0.0,0.0,0.0,5.24
2025-03-13,2025-03,fitcommerce.com/products/recovery-foam-roller,Transactional,11,4,1243,8.9,102,5,0.049,0,0.0,0.0,0.0,5.24
2025-03-14,2025-03,fitcommerce.com/products/recovery-foam-roller,Transactional,11,4,1243,14.0,90,3,0.0333,0,0.0,0.0,0.0,5.24
2025-03-15,2025-03,fitcommerce.com/products/recovery-foam-roller,Transactional,11,4,1243,12.8,97,3,0.0309,0,0.0,0.0,0.0,5.24
2025-03-16,2025-03,fitcommerce.com/products/recovery-foam-roller,Transactional,11,4,1243,9.2,94,7,0.0745,0,0.0,0.0,0.0,5.24
2025-03-17,2025-03,fitcommerce.com/products/recovery-foam-roller,Transactional,11,4,1243,6.9,98,4,0.0408,0,0.0,0.0,0.0,5.24
2025-03-18,2025-03,fitcommerce.com/products/recovery-foam-roller,Transactional,11,4,1243,12.0,106,6,0.0566,0,0.0,0.0,0.0,5.24
2025-03-19,2025-03,fitcommerce.com/products/recovery-foam-roller,Transactional,11,4,1243,12.5,106,6,0.0566,0,0.0,0.0,0.0,5.24
2025-03-20,2025-03,fitcommerce.com/products/recovery-foam-roller,Transactional,11,4,1243,7.7,91,6,0.0659,0,0.0,0.0,0.0,5.24
2025-03-21,2025-03,fitcommerce.com/products/recovery-foam-roller,Transactional,11,4,1243,11.7,98,2,0.0204,0,0.0,0.0,0.0,5.24
2025-03-22,2025-03,fitcommerce.com/products/recovery-foam-roller,Transactional,11,4,1243,9.7,83,4,0.0482,0,0.0,0.0,0.0,5.24
2025-03-23,2025-03,fitcommerce.com/products/recovery-foam-roller,Transactional,11,4,1243,8.6,88,5,0.0568,0,0.0,0.0,0.0,5.24
2025-03-24,2025-03,fitcommerce.com/products/recovery-foam-roller,Transactional,11,4,1243,13.3,93,6,0.0645,0,0.0,0.0,0.0,5.24
2025-03-25,2025-03,fitcommerce.com/products/recovery-foam-roller,Transactional,11,4,1243,14.8,111,4,0.036,0,0.0,0.0,0.0,5.24
2025-03-26,2025-03,fitcommerce.com/products/recovery-foam-roller,Transactional,11,4,1243,9.1,108,5,0.0463,0,0.0,0.0,0.0,5.24
2025-03-27,2025-03,fitcommerce.com/products/recovery-foam-roller,Transactional,11,4,1243,11.1,90,6,0.0667,0,0.0,0.0,0.0,5.24
2025-03-28,2025-03,fitcommerce.com/products/recovery-foam-roller,Transactional,11,4,1243,8.4,95,5,0.0526,0,0.0,0.0,0.0,5.24
2025-03-29,2025-03,fitcommerce.com/products/recovery-foam-roller,Transactional,11,4,1243,12.1,112,3,0.0268,0,0.0,0.0,0.0,5.24
2025-03-30,2025-03,fitcommerce.com/products/recovery-foam-roller,Transactional,11,4,1243,13.7,87,4,0.046,0,0.0,0.0,0.0,5.24
2025-03-31,2025-03,fitcommerce.com/products/recovery-foam-roller,Transactional,11,4,1243,9.1,84,5,0.0595,0,0.0,0.0,0.0,5.24
2025-04-01,2025-04,fitcommerce.com/products/recovery-foam-roller,Transactional,11,4,1243,9.2,114,4,0.0351,0,0.0,0.0,0.0,-5.74
2025-04-02,2025-04,fitcommerce.com/products/recovery-foam-roller,Transactional,11,4,1243,13.5,103,5,0.0485,0,0.0,0.0,0.0,-5.74
2025-04-03,2025-04,fitcommerce.com/products/recovery-foam-roller,Transactional,11,4,1243,10.3,113,8,0.0708,0,0.0,0.0,0.0,-5.74
2025-04-04,2025-04,fitcommerce.com/products/recovery-foam-roller,Transactional,11,4,1243,10.8,109,7,0.0642,0,0.0,0.0,0.0,-5.74
2025-04-05,2025-04,fitcommerce.com/products/recovery-foam-roller,Transactional,11,4,1243,7.4,102,2,0.0196,0,0.0,0.0,0.0,-5.74
2025-04-06,2025-04,fitcommerce.com/products/recovery-foam-roller,Transactional,11,4,1243,12.6,96,4,0.0417,0,0.0,0.0,0.0,-5.74
2025-04-07,2025-04,fitcommerce.com/products/recovery-foam-roller,Transactional,11,4,1243,12.8,96,3,0.0312,0,0.0,0.0,0.0,-5.74
2025-04-08,2025-04,fitcommerce.com/products/recovery-foam-roller,Transactional,11,4,1243,13.0,85,3,0.0353,1,87.43,29.14,33.33,-5.74
2025-04-09,2025-04,fitcommerce.com/products/recovery-foam-roller,Transactional,11,4,1243,12.9,98,5,0.051,0,0.0,0.0,0.0,-5.74
2025-04-10,2025-04,fitcommerce.com/products/recovery-foam-roller,Transactional,11,4,1243,7.6,89,3,0.0337,0,0.0,0.0,0.0,-5.74
2025-04-11,2025-04,fitcommerce.com/products/recovery-foam-roller,Transactional,11,4,1243,16.2,91,3,0.033,1,73.57,24.52,33.33,-5.74
2025-04-12,2025-04,fitcommerce.com/products/recovery-foam-roller,Transactional,11,4,1243,12.5,87,4,0.046,0,0.0,0.0,0.0,-5.74
2025-04-13,2025-04,fitcommerce.com/products/recovery-foam-roller,Transactional,11,4,1243,7.1,92,4,0.0435,0,0.0,0.0,0.0,-5.74
2025-04-14,2025-04,fitcommerce.com/products/recovery-foam-roller,Transactional,11,4,1243,10.4,109,4,0.0367,1,84.04,21.01,25.0,-5.74
2025-04-15,2025-04,fitcommerce.com/products/recovery-foam-roller,Transactional,11,4,1243,9.6,96,5,0.0521,0,0.0,0.0,0.0,-5.74
2025-04-16,2025-04,fitcommerce.com/products/recovery-foam-roller,Transactional,11,4,1243,7.9,92,4,0.0435,0,0.0,0.0,0.0,-5.74
2025-04-17,2025-04,fitcommerce.com/products/recovery-foam-roller,Transactional,11,4,1243,15.3,98,4,0.0408,0,0.0,0.0,0.0,-5.74
2025-04-18,2025-04,fitcommerce.com/products/recovery-foam-roller,Transactional,11,4,1243,16.1,93,4,0.043,0,0.0,0.0,0.0,-5.74
2025-04-19,2025-04,fitcommerce.com/products/recovery-foam-roller,Transactional,11,4,1243,11.1,97,7,0.0722,0,0.0,0.0,0.0,-5.74
2025-04-20,2025-04,fitcommerce.com/products/recovery-foam-roller,Transactional,11,4,1243,15.2,99,2,0.0202,0,0.0,0.0,0.0,-5.74
2025-04-21,2025-04,fitcommerce.com/products/recovery-foam-roller,Transactional,11,4,1243,10.4,109,5,0.0459,0,0.0,0.0,0.0,-5.74
2025-04-22,2025-04,fitcommerce.com/products/recovery-foam-roller,Transactional,11,4,1243,6.8,105,5,0.0476,0,0.0,0.0,0.0,-5.74
2025-04-23,2025-04,fitcommerce.com/products/recovery-foam-roller,Transactional,11,4,1243,11.5,115,2,0.0174,0,0.0,0.0,0.0,-5.74
2025-04-24,2025-04,fitcommerce.com/products/recovery-foam-roller,Transactional,11,4,1243,7.9,97,5,0.0515,0,0.0,0.0,0.0,-5.74
2025-04-25,2025-04,fitcommerce.com/products/recovery-foam-roller,Transactional,11,4,1243,7.7,105,6,0.0571,1,70.63,11.77,16.67,-5.74
2025-04-26,2025-04,fitcommerce.com/products/recovery-foam-roller,Transactional,11,4,1243,10.5,98,4,0.0408,0,0.0,0.0,0.0,-5.74
2025-04-27,2025-04,fitcommerce.com/products/recovery-foam-roller,Transactional,11,4,1243,14.6,113,8,0.0708,1,73.16,9.14,12.5,-5.74
2025-04-28,2025-04,fitcommerce.com/products/recovery-foam-roller,Transactional,11,4,1243,7.8,98,2,0.0204,0,0.0,0.0,0.0,-5.74
2025-04-29,2025-04,fitcommerce.com/products/recovery-foam-roller,Transactional,11,4,1243,10.0,88,3,0.0341,0,0.0,0.0,0.0,-5.74
2025-04-30,2025-04,fitcommerce.com/products/recovery-foam-roller,Transactional,11,4,1243,10.9,113,3,0.0265,0,0.0,0.0,0.0,-5.74
2025-05-01,2025-05,fitcommerce.com/products/recovery-foam-roller,Transactional,11,4,1243,9.5,101,4,0.0396,0,0.0,0.0,0.0,4.19
2025-05-02,2025-05,fitcommerce.com/products/recovery-foam-roller,Transactional,11,4,1243,5.7,96,5,0.0521,0,0.0,0.0,0.0,4.19
2025-05-03,2025-05,fitcommerce.com/products/recovery-foam-roller,Transactional,11,4,1243,12.8,91,5,0.0549,0,0.0,0.0,0.0,4.19
2025-05-04,2025-05,fitcommerce.com/products/recovery-foam-roller,Transactional,11,4,1243,12.4,115,5,0.0435,0,0.0,0.0,0.0,4.19
2025-05-05,2025-05,fitcommerce.com/products/recovery-foam-roller,Transactional,11,4,1243,13.6,96,5,0.0521,0,0.0,0.0,0.0,4.19
2025-05-06,2025-05,fitcommerce.com/products/recovery-foam-roller,Transactional,11,4,1243,9.6,87,6,0.069,1,71.97,12.0,16.67,4.19
2025-05-07,2025-05,fitcommerce.com/products/recovery-foam-roller,Transactional,11,4,1243,15.3,101,4,0.0396,0,0.0,0.0,0.0,4.19
2025-05-08,2025-05,fitcommerce.com/products/recovery-foam-roller,Transactional,11,4,1243,12.7,114,7,0.0614,0,0.0,0.0,0.0,4.19
2025-05-09,2025-05,fitcommerce.com/products/recovery-foam-roller,Transactional,11,4,1243,11.1,89,2,0.0225,0,0.0,0.0,0.0,4.19
2025-05-10,2025-05,fitcommerce.com/products/recovery-foam-roller,Transactional,11,4,1243,11.7,109,5,0.0459,0,0.0,0.0,0.0,4.19
2025-05-11,2025-05,fitcommerce.com/products/recovery-foam-roller,Transactional,11,4,1243,7.9,90,2,0.0222,0,0.0,0.0,0.0,4.19
2025-05-12,2025-05,fitcommerce.com/products/recovery-foam-roller,Transactional,11,4,1243,11.6,107,5,0.0467,0,0.0,0.0,0.0,4.19
2025-05-13,2025-05,fitcommerce.com/products/recovery-foam-roller,Transactional,11,4,1243,8.1,90,2,0.0222,0,0.0,0.0,0.0,4.19
2025-05-14,2025-05,fitcommerce.com/products/recovery-foam-roller,Transactional,11,4,1243,11.1,111,5,0.045,0,0.0,0.0,0.0,4.19
2025-05-15,2025-05,fitcommerce.com/products/recovery-foam-roller,Transactional,11,4,1243,8.8,108,6,0.0556,0,0.0,0.0,0.0,4.19
2025-05-16,2025-05,fitcommerce.com/products/recovery-foam-roller,Transactional,11,4,1243,9.0,93,3,0.0323,0,0.0,0.0,0.0,4.19
2025-05-17,2025-05,fitcommerce.com/products/recovery-foam-roller,Transactional,11,4,1243,7.3,108,5,0.0463,0,0.0,0.0,0.0,4.19
2025-05-18,2025-05,fitcommerce.com/products/recovery-foam-roller,Transactional,11,4,1243,6.4,102,2,0.0196,0,0.0,0.0,0.0,4.19
2025-05-19,2025-05,fitcommerce.com/products/recovery-foam-roller,Transactional,11,4,1243,12.5,95,5,0.0526,0,0.0,0.0,0.0,4.19
2025-05-20,2025-05,fitcommerce.com/products/recovery-foam-roller,Transactional,11,4,1243,10.2,92,4,0.0435,0,0.0,0.0,0.0,4.19
2025-05-21,2025-05,fitcommerce.com/products/recovery-foam-roller,Transactional,11,4,1243,9.4,109,5,0.0459,0,0.0,0.0,0.0,4.19
2025-05-22,2025-05,fitcommerce.com/products/recovery-foam-roller,Transactional,11,4,1243,12.2,92,4,0.0435,1,75.27,18.82,25.0,4.19
2025-05-23,2025-05,fitcommerce.com/products/recovery-foam-roller,Transactional,11,4,1243,8.4,99,5,0.0505,0,0.0,0.0,0.0,4.19
2025-05-24,2025-05,fitcommerce.com/products/recovery-foam-roller,Transactional,11,4,1243,11.0,92,6,0.0652,0,0.0,0.0,0.0,4.19
2025-05-25,2025-05,fitcommerce.com/products/recovery-foam-roller,Transactional,11,4,1243,7.0,113,4,0.0354,0,0.0,0.0,0.0,4.19
2025-05-26,2025-05,fitcommerce.com/products/recovery-foam-roller,Transactional,11,4,1243,13.1,102,5,0.049,0,0.0,0.0,0.0,4.19
2025-05-27,2025-05,fitcommerce.com/products/recovery-foam-roller,Transactional,11,4,1243,9.8,110,7,0.0636,0,0.0,0.0,0.0,4.19
2025-05-28,2025-05,fitcommerce.com/products/recovery-foam-roller,Transactional,11,4,1243,14.2,97,5,0.0515,0,0.0,0.0,0.0,4.19
2025-05-29,2025-05,fitcommerce.com/products/recovery-foam-roller,Transactional,11,4,1243,6.7,93,3,0.0323,0,0.0,0.0,0.0,4.19
2025-05-30,2025-05,fitcommerce.com/products/recovery-foam-roller,Transactional,11,4,1243,13.7,93,7,0.0753,0,0.0,0.0,0.0,4.19
2025-05-31,2025-05,fitcommerce.com/products/recovery-foam-roller,Transactional,11,4,1243,11.6,109,6,0.055,0,0.0,0.0,0.0,4.19
2025-06-01,2025-06,fitcommerce.com/products/recovery-foam-roller,Transactional,11,4,1243,14.2,114,3,0.0263,0,0.0,0.0,0.0,-11.06
2025-06-02,2025-06,fitcommerce.com/products/recovery-foam-roller,Transactional,11,4,1243,16.7,97,3,0.0309,0,0.0,0.0,0.0,-11.06
2025-06-03,2025-06,fitcommerce.com/products/recovery-foam-roller,Transactional,11,4,1243,12.3,115,9,0.0783,0,0.0,0.0,0.0,-11.06
2025-06-04,2025-06,fitcommerce.com/products/recovery-foam-roller,Transactional,11,4,1243,8.7,96,6,0.0625,0,0.0,0.0,0.0,-11.06
2025-06-05,2025-06,fitcommerce.com/products/recovery-foam-roller,Transactional,11,4,1243,11.4,100,8,0.08,0,0.0,0.0,0.0,-11.06
2025-06-06,2025-06,fitcommerce.com/products/recovery-foam-roller,Transactional,11,4,1243,12.2,106,5,0.0472,0,0.0,0.0,0.0,-11.06
2025-06-07,2025-06,fitcommerce.com/products/recovery-foam-roller,Transactional,11,4,1243,14.3,88,1,0.0114,0,0.0,0.0,0.0,-11.06
2025-06-08,2025-06,fitcommerce.com/products/recovery-foam-roller,Transactional,11,4,1243,12.0,107,2,0.0187,0,0.0,0.0,0.0,-11.06
2025-06-09,2025-06,fitcommerce.com/products/recovery-foam-roller,Transactional,11,4,1243,3.7,106,5,0.0472,0,0.0,0.0,0.0,-11.06
2025-06-10,2025-06,fitcommerce.com/products/recovery-foam-roller,Transactional,11,4,1243,6.3,99,4,0.0404,0,0.0,0.0,0.0,-11.06
2025-06-11,2025-06,fitcommerce.com/products/recovery-foam-roller,Transactional,11,4,1243,7.3,107,4,0.0374,0,0.0,0.0,0.0,-11.06
2025-06-12,2025-06,fitcommerce.com/products/recovery-foam-roller,Transactional,11,4,1243,5.1,95,4,0.0421,1,78.3,19.58,25.0,-11.06
2025-06-13,2025-06,fitcommerce.com/products/recovery-foam-roller,Transactional,11,4,1243,6.4,109,7,0.0642,0,0.0,0.0,0.0,-11.06
2025-06-14,2025-06,fitcommerce.com/products/recovery-foam-roller,Transactional,11,4,1243,10.7,109,7,0.0642,1,93.23,13.32,14.29,-11.06
2025-06-15,2025-06,fitcommerce.com/products/recovery-foam-roller,Transactional,11,4,1243,15.2,85,3,0.0353,0,0.0,0.0,0.0,-11.06
2025-06-16,2025-06,fitcommerce.com/products/recovery-foam-roller,Transactional,11,4,1243,9.4,112,8,0.0714,1,74.75,9.34,12.5,-11.06
2025-06-17,2025-06,fitcommerce.com/products/recovery-foam-roller,Transactional,11,4,1243,9.2,99,7,0.0707,0,0.0,0.0,0.0,-11.06
2025-06-18,2025-06,fitcommerce.com/products/recovery-foam-roller,Transactional,11,4,1243,9.4,103,6,0.0583,0,0.0,0.0,0.0,-11.06
2025-06-19,2025-06,fitcommerce.com/products/recovery-foam-roller,Transactional,11,4,1243,12.7,93,5,0.0538,0,0.0,0.0,0.0,-11.06
2025-06-20,2025-06,fitcommerce.com/products/recovery-foam-roller,Transactional,11,4,1243,6.5,99,3,0.0303,0,0.0,0.0,0.0,-11.06
2025-06-21,2025-06,fitcommerce.com/products/recovery-foam-roller,Transactional,11,4,1243,8.4,107,2,0.0187,0,0.0,0.0,0.0,-11.06
2025-06-22,2025-06,fitcommerce.com/products/recovery-foam-roller,Transactional,11,4,1243,7.7,93,2,0.0215,0,0.0,0.0,0.0,-11.06
2025-06-23,2025-06,fitcommerce.com/products/recovery-foam-roller,Transactional,11,4,1243,7.6,92,4,0.0435,0,0.0,0.0,0.0,-11.06
2025-06-24,2025-06,fitcommerce.com/products/recovery-foam-roller,Transactional,11,4,1243,12.0,84,2,0.0238,0,0.0,0.0,0.0,-11.06
2025-06-25,2025-06,fitcommerce.com/products/recovery-foam-roller,Transactional,11,4,1243,8.7,107,5,0.0467,0,0.0,0.0,0.0,-11.06
2025-06-26,2025-06,fitcommerce.com/products/recovery-foam-roller,Transactional,11,4,1243,11.8,105,6,0.0571,0,0.0,0.0,0.0,-11.06
2025-06-27,2025-06,fitcommerce.com/products/recovery-foam-roller,Transactional,11,4,1243,12.1,101,3,0.0297,0,0.0,0.0,0.0,-11.06
2025-06-28,2025-06,fitcommerce.com/products/recovery-foam-roller,Transactional,11,4,1243,9.3,90,5,0.0556,0,0.0,0.0,0.0,-11.06
2025-06-29,2025-06,fitcommerce.com/products/recovery-foam-roller,Transactional,11,4,1243,13.6,89,2,0.0225,1,93.39,46.7,50.0,-11.06
2025-06-30,2025-06,fitcommerce.com/products/recovery-foam-roller,Transactional,11,4,1243,15.6,110,4,0.0364,0,0.0,0.0,0.0,-11.06
2025-07-01,2025-07,fitcommerce.com/products/recovery-foam-roller,Transactional,11,4,1243,5.5,107,7,0.0654,0,0.0,0.0,0.0,6.91
2025-07-02,2025-07,fitcommerce.com/products/recovery-foam-roller,Transactional,11,4,1243,9.7,87,4,0.046,1,93.78,23.44,25.0,6.91
2025-07-03,2025-07,fitcommerce.com/products/recovery-foam-roller,Transactional,11,4,1243,10.9,108,4,0.037,0,0.0,0.0,0.0,6.91
2025-07-04,2025-07,fitcommerce.com/products/recovery-foam-roller,Transactional,11,4,1243,11.0,91,6,0.0659,0,0.0,0.0,0.0,6.91
2025-07-05,2025-07,fitcommerce.com/products/recovery-foam-roller,Transactional,11,4,1243,13.1,112,3,0.0268,0,0.0,0.0,0.0,6.91
2025-07-06,2025-07,fitcommerce.com/products/recovery-foam-roller,Transactional,11,4,1243,8.6,98,2,0.0204,0,0.0,0.0,0.0,6.91
2025-07-07,2025-07,fitcommerce.com/products/recovery-foam-roller,Transactional,11,4,1243,8.3,86,5,0.0581,0,0.0,0.0,0.0,6.91
2025-07-08,2025-07,fitcommerce.com/products/recovery-foam-roller,Transactional,11,4,1243,14.1,96,6,0.0625,0,0.0,0.0,0.0,6.91
2025-07-09,2025-07,fitcommerce.com/products/recovery-foam-roller,Transactional,11,4,1243,12.2,107,7,0.0654,1,93.1,13.3,14.29,6.91
2025-07-10,2025-07,fitcommerce.com/products/recovery-foam-roller,Transactional,11,4,1243,9.9,109,4,0.0367,0,0.0,0.0,0.0,6.91
2025-07-11,2025-07,fitcommerce.com/products/recovery-foam-roller,Transactional,11,4,1243,12.6,109,2,0.0183,0,0.0,0.0,0.0,6.91
2025-07-12,2025-07,fitcommerce.com/products/recovery-foam-roller,Transactional,11,4,1243,15.4,111,4,0.036,0,0.0,0.0,0.0,6.91
2025-07-13,2025-07,fitcommerce.com/products/recovery-foam-roller,Transactional,11,4,1243,12.1,108,6,0.0556,0,0.0,0.0,0.0,6.91
2025-07-14,2025-07,fitcommerce.com/products/recovery-foam-roller,Transactional,11,4,1243,3.0,111,7,0.0631,0,0.0,0.0,0.0,6.91
2025-07-15,2025-07,fitcommerce.com/products/recovery-foam-roller,Transactional,11,4,1243,6.8,105,3,0.0286,0,0.0,0.0,0.0,6.91
2025-07-16,2025-07,fitcommerce.com/products/recovery-foam-roller,Transactional,11,4,1243,7.6,92,3,0.0326,1,87.52,29.17,33.33,6.91
2025-07-17,2025-07,fitcommerce.com/products/recovery-foam-roller,Transactional,11,4,1243,9.9,87,4,0.046,0,0.0,0.0,0.0,6.91
2025-07-18,2025-07,fitcommerce.com/products/recovery-foam-roller,Transactional,11,4,1243,8.3,89,4,0.0449,0,0.0,0.0,0.0,6.91
2025-07-19,2025-07,fitcommerce.com/products/recovery-foam-roller,Transactional,11,4,1243,9.3,92,4,0.0435,0,0.0,0.0,0.0,6.91
2025-07-20,2025-07,fitcommerce.com/products/recovery-foam-roller,Transactional,11,4,1243,14.7,108,5,0.0463,0,0.0,0.0,0.0,6.91
2025-07-21,2025-07,fitcommerce.com/products/recovery-foam-roller,Transactional,11,4,1243,5.8,92,6,0.0652,0,0.0,0.0,0.0,6.91
2025-07-22,2025-07,fitcommerce.com/products/recovery-foam-roller,Transactional,11,4,1243,8.6,92,6,0.0652,0,0.0,0.0,0.0,6.91
2025-07-23,2025-07,fitcommerce.com/products/recovery-foam-roller,Transactional,11,4,1243,7.7,95,4,0.0421,0,0.0,0.0,0.0,6.91
2025-07-24,2025-07,fitcommerce.com/products/recovery-foam-roller,Transactional,11,4,1243,6.6,91,5,0.0549,0,0.0,0.0,0.0,6.91
2025-07-25,2025-07,fitcommerce.com/products/recovery-foam-roller,Transactional,11,4,1243,10.0,96,3,0.0312,0,0.0,0.0,0.0,6.91
2025-07-26,2025-07,fitcommerce.com/products/recovery-foam-roller,Transactional,11,4,1243,13.3,109,3,0.0275,1,73.48,24.49,33.33,6.91
2025-07-27,2025-07,fitcommerce.com/products/recovery-foam-roller,Transactional,11,4,1243,8.7,104,4,0.0385,0,0.0,0.0,0.0,6.91
2025-07-28,2025-07,fitcommerce.com/products/recovery-foam-roller,Transactional,11,4,1243,13.5,95,5,0.0526,0,0.0,0.0,0.0,6.91
2025-07-29,2025-07,fitcommerce.com/products/recovery-foam-roller,Transactional,11,4,1243,12.4,96,4,0.0417,0,0.0,0.0,0.0,6.91
2025-07-30,2025-07,fitcommerce.com/products/recovery-foam-roller,Transactional,11,4,1243,10.0,96,6,0.0625,0,0.0,0.0,0.0,6.91
2025-07-31,2025-07,fitcommerce.com/products/recovery-foam-roller,Transactional,11,4,1243,8.0,83,2,0.0241,0,0.0,0.0,0.0,6.91
2024-08-01,2024-08,fitcommerce.com/products/resistance-bands-set,Transactional,7,4,1754,20.3,61,1,0.0164,0,0.0,0.0,0.0,
2024-08-02,2024-08,fitcommerce.com/products/resistance-bands-set,Transactional,7,4,1754,12.5,66,4,0.0606,0,0.0,0.0,0.0,
2024-08-03,2024-08,fitcommerce.com/products/resistance-bands-set,Transactional,7,4,1754,12.0,71,4,0.0563,0,0.0,0.0,0.0,
2024-08-04,2024-08,fitcommerce.com/products/resistance-bands-set,Transactional,7,4,1754,17.8,69,3,0.0435,0,0.0,0.0,0.0,
2024-08-05,2024-08,fitcommerce.com/products/resistance-bands-set,Transactional,7,4,1754,22.4,60,1,0.0167,0,0.0,0.0,0.0,
2024-08-06,2024-08,fitcommerce.com/products/resistance-bands-set,Transactional,7,4,1754,14.1,62,3,0.0484,0,0.0,0.0,0.0,
2024-08-07,2024-08,fitcommerce.com/products/resistance-bands-set,Transactional,7,4,1754,8.5,63,4,0.0635,0,0.0,0.0,0.0,
2024-08-08,2024-08,fitcommerce.com/products/resistance-bands-set,Transactional,7,4,1754,12.4,77,3,0.039,0,0.0,0.0,0.0,
2024-08-09,2024-08,fitcommerce.com/products/resistance-bands-set,Transactional,7,4,1754,18.3,80,2,0.025,0,0.0,0.0,0.0,
2024-08-10,2024-08,fitcommerce.com/products/resistance-bands-set,Transactional,7,4,1754,13.0,69,4,0.058,0,0.0,0.0,0.0,
2024-08-11,2024-08,fitcommerce.com/products/resistance-bands-set,Transactional,7,4,1754,15.2,79,1,0.0127,0,0.0,0.0,0.0,
2024-08-12,2024-08,fitcommerce.com/products/resistance-bands-set,Transactional,7,4,1754,15.3,68,4,0.0588,0,0.0,0.0,0.0,
2024-08-13,2024-08,fitcommerce.com/products/resistance-bands-set,Transactional,7,4,1754,15.9,63,3,0.0476,0,0.0,0.0,0.0,
2024-08-14,2024-08,fitcommerce.com/products/resistance-bands-set,Transactional,7,4,1754,9.9,77,2,0.026,0,0.0,0.0,0.0,
2024-08-15,2024-08,fitcommerce.com/products/resistance-bands-set,Transactional,7,4,1754,12.7,66,1,0.0152,0,0.0,0.0,0.0,
2024-08-16,2024-08,fitcommerce.com/products/resistance-bands-set,Transactional,7,4,1754,16.3,62,3,0.0484,0,0.0,0.0,0.0,
2024-08-17,2024-08,fitcommerce.com/products/resistance-bands-set,Transactional,7,4,1754,14.0,71,4,0.0563,1,186.78,46.7,25.0,
2024-08-18,2024-08,fitcommerce.com/products/resistance-bands-set,Transactional,7,4,1754,14.6,67,3,0.0448,0,0.0,0.0,0.0,
2024-08-19,2024-08,fitcommerce.com/products/resistance-bands-set,Transactional,7,4,1754,14.9,63,2,0.0317,0,0.0,0.0,0.0,
2024-08-20,2024-08,fitcommerce.com/products/resistance-bands-set,Transactional,7,4,1754,15.6,62,1,0.0161,0,0.0,0.0,0.0,
2024-08-21,2024-08,fitcommerce.com/products/resistance-bands-set,Transactional,7,4,1754,15.1,58,2,0.0345,0,0.0,0.0,0.0,
2024-08-22,2024-08,fitcommerce.com/products/resistance-bands-set,Transactional,7,4,1754,13.1,61,2,0.0328,0,0.0,0.0,0.0,
2024-08-23,2024-08,fitcommerce.com/products/resistance-bands-set,Transactional,7,4,1754,9.3,71,1,0.0141,0,0.0,0.0,0.0,
2024-08-24,2024-08,fitcommerce.com/products/resistance-bands-set,Transactional,7,4,1754,18.2,62,1,0.0161,0,0.0,0.0,0.0,
2024-08-25,2024-08,fitcommerce.com/products/resistance-bands-set,Transactional,7,4,1754,9.9,66,4,0.0606,0,0.0,0.0,0.0,
2024-08-26,2024-08,fitcommerce.com/products/resistance-bands-set,Transactional,7,4,1754,13.4,60,1,0.0167,0,0.0,0.0,0.0,
2024-08-27,2024-08,fitcommerce.com/products/resistance-bands-set,Transactional,7,4,1754,12.6,69,5,0.0725,0,0.0,0.0,0.0,
2024-08-28,2024-08,fitcommerce.com/products/resistance-bands-set,Transactional,7,4,1754,10.8,65,2,0.0308,0,0.0,0.0,0.0,
2024-08-29,2024-08,fitcommerce.com/products/resistance-bands-set,Transactional,7,4,1754,10.0,76,4,0.0526,0,0.0,0.0,0.0,
2024-08-30,2024-08,fitcommerce.com/products/resistance-bands-set,Transactional,7,4,1754,12.2,64,2,0.0312,0,0.0,0.0,0.0,
2024-08-31,2024-08,fitcommerce.com/products/resistance-bands-set,Transactional,7,4,1754,12.2,76,4,0.0526,0,0.0,0.0,0.0,
2024-09-01,2024-09,fitcommerce.com/products/resistance-bands-set,Transactional,7,4,1754,10.3,60,2,0.0333,0,0.0,0.0,0.0,-13.81
2024-09-02,2024-09,fitcommerce.com/products/resistance-bands-set,Transactional,7,4,1754,12.0,66,2,0.0303,0,0.0,0.0,0.0,-13.81
2024-09-03,2024-09,fitcommerce.com/products/resistance-bands-set,Transactional,7,4,1754,15.4,59,2,0.0339,0,0.0,0.0,0.0,-13.81
2024-09-04,2024-09,fitcommerce.com/products/resistance-bands-set,Transactional,7,4,1754,11.9,74,5,0.0676,0,0.0,0.0,0.0,-13.81
2024-09-05,2024-09,fitcommerce.com/products/resistance-bands-set,Transactional,7,4,1754,13.8,70,3,0.0429,0,0.0,0.0,0.0,-13.81
2024-09-06,2024-09,fitcommerce.com/products/resistance-bands-set,Transactional,7,4,1754,12.9,72,5,0.0694,0,0.0,0.0,0.0,-13.81
2024-09-07,2024-09,fitcommerce.com/products/resistance-bands-set,Transactional,7,4,1754,15.3,74,4,0.0541,0,0.0,0.0,0.0,-13.81
2024-09-08,2024-09,fitcommerce.com/products/resistance-bands-set,Transactional,7,4,1754,13.0,73,4,0.0548,0,0.0,0.0,0.0,-13.81
2024-09-09,2024-09,fitcommerce.com/products/resistance-bands-set,Transactional,7,4,1754,7.9,63,1,0.0159,0,0.0,0.0,0.0,-13.81
2024-09-10,2024-09,fitcommerce.com/products/resistance-bands-set,Transactional,7,4,1754,15.0,59,4,0.0678,0,0.0,0.0,0.0,-13.81
2024-09-11,2024-09,fitcommerce.com/products/resistance-bands-set,Transactional,7,4,1754,13.0,73,3,0.0411,0,0.0,0.0,0.0,-13.81
2024-09-12,2024-09,fitcommerce.com/products/resistance-bands-set,Transactional,7,4,1754,19.7,67,3,0.0448,0,0.0,0.0,0.0,-13.81
2024-09-13,2024-09,fitcommerce.com/products/resistance-bands-set,Transactional,7,4,1754,10.7,72,1,0.0139,0,0.0,0.0,0.0,-13.81
2024-09-14,2024-09,fitcommerce.com/products/resistance-bands-set,Transactional,7,4,1754,12.4,72,2,0.0278,0,0.0,0.0,0.0,-13.81
2024-09-15,2024-09,fitcommerce.com/products/resistance-bands-set,Transactional,7,4,1754,18.0,57,3,0.0526,0,0.0,0.0,0.0,-13.81
2024-09-16,2024-09,fitcommerce.com/products/resistance-bands-set,Transactional,7,4,1754,6.6,73,3,0.0411,0,0.0,0.0,0.0,-13.81
2024-09-17,2024-09,fitcommerce.com/products/resistance-bands-set,Transactional,7,4,1754,13.7,69,3,0.0435,0,0.0,0.0,0.0,-13.81
2024-09-18,2024-09,fitcommerce.com/products/resistance-bands-set,Transactional,7,4,1754,12.9,61,4,0.0656,0,0.0,0.0,0.0,-13.81
2024-09-19,2024-09,fitcommerce.com/products/resistance-bands-set,Transactional,7,4,1754,14.9,70,1,0.0143,0,0.0,0.0,0.0,-13.81
2024-09-20,2024-09,fitcommerce.com/products/resistance-bands-set,Transactional,7,4,1754,15.5,57,2,0.0351,1,159.87,79.94,50.0,-13.81
2024-09-21,2024-09,fitcommerce.com/products/resistance-bands-set,Transactional,7,4,1754,16.5,77,4,0.0519,0,0.0,0.0,0.0,-13.81
2024-09-22,2024-09,fitcommerce.com/products/resistance-bands-set,Transactional,7,4,1754,9.9,66,3,0.0455,0,0.0,0.0,0.0,-13.81
2024-09-23,2024-09,fitcommerce.com/products/resistance-bands-set,Transactional,7,4,1754,11.1,63,2,0.0317,0,0.0,0.0,0.0,-13.81
2024-09-24,2024-09,fitcommerce.com/products/resistance-bands-set,Transactional,7,4,1754,15.5,65,4,0.0615,0,0.0,0.0,0.0,-13.81
2024-09-25,2024-09,fitcommerce.com/products/resistance-bands-set,Transactional,7,4,1754,12.1,68,5,0.0735,0,0.0,0.0,0.0,-13.81
2024-09-26,2024-09,fitcommerce.com/products/resistance-bands-set,Transactional,7,4,1754,8.6,77,2,0.026,0,0.0,0.0,0.0,-13.81
2024-09-27,2024-09,fitcommerce.com/products/resistance-bands-set,Transactional,7,4,1754,10.2,61,1,0.0164,0,0.0,0.0,0.0,-13.81
2024-09-28,2024-09,fitcommerce.com/products/resistance-bands-set,Transactional,7,4,1754,14.7,58,3,0.0517,1,200.19,66.73,33.33,-13.81
2024-09-29,2024-09,fitcommerce.com/products/resistance-bands-set,Transactional,7,4,1754,13.3,64,4,0.0625,0,0.0,0.0,0.0,-13.81
2024-09-30,2024-09,fitcommerce.com/products/resistance-bands-set,Transactional,7,4,1754,11.7,78,2,0.0256,0,0.0,0.0,0.0,-13.81
2024-10-01,2024-10,fitcommerce.com/products/resistance-bands-set,Transactional,7,4,1754,11.5,66,3,0.0455,0,0.0,0.0,0.0,25.27
2024-10-02,2024-10,fitcommerce.com/products/resistance-bands-set,Transactional,7,4,1754,12.4,66,1,0.0152,0,0.0,0.0,0.0,25.27
2024-10-03,2024-10,fitcommerce.com/products/resistance-bands-set,Transactional,7,4,1754,14.7,59,3,0.0508,0,0.0,0.0,0.0,25.27
2024-10-04,2024-10,fitcommerce.com/products/resistance-bands-set,Transactional,7,4,1754,11.1,73,1,0.0137,0,0.0,0.0,0.0,25.27
2024-10-05,2024-10,fitcommerce.com/products/resistance-bands-set,Transactional,7,4,1754,6.2,73,3,0.0411,0,0.0,0.0,0.0,25.27
2024-10-06,2024-10,fitcommerce.com/products/resistance-bands-set,Transactional,7,4,1754,10.1,68,4,0.0588,0,0.0,0.0,0.0,25.27
2024-10-07,2024-10,fitcommerce.com/products/resistance-bands-set,Transactional,7,4,1754,15.2,60,2,0.0333,0,0.0,0.0,0.0,25.27
2024-10-08,2024-10,fitcommerce.com/products/resistance-bands-set,Transactional,7,4,1754,11.9,66,4,0.0606,0,0.0,0.0,0.0,25.27
2024-10-09,2024-10,fitcommerce.com/products/resistance-bands-set,Transactional,7,4,1754,10.5,78,3,0.0385,0,0.0,0.0,0.0,25.27
2024-10-10,2024-10,fitcommerce.com/products/resistance-bands-set,Transactional,7,4,1754,7.9,63,2,0.0317,1,180.22,90.11,50.0,25.27
2024-10-11,2024-10,fitcommerce.com/products/resistance-bands-set,Transactional,7,4,1754,12.0,79,3,0.038,0,0.0,0.0,0.0,25.27
2024-10-12,2024-10,fitcommerce.com/products/resistance-bands-set,Transactional,7,4,1754,7.6,67,2,0.0299,0,0.0,0.0,0.0,25.27
2024-10-13,2024-10,fitcommerce.com/products/resistance-bands-set,Transactional,7,4,1754,16.7,77,3,0.039,0,0.0,0.0,0.0,25.27
2024-10-14,2024-10,fitcommerce.com/products/resistance-bands-set,Transactional,7,4,1754,11.8,63,2,0.0317,0,0.0,0.0,0.0,25.27
2024-10-15,2024-10,fitcommerce.com/products/resistance-bands-set,Transactional,7,4,1754,8.3,79,2,0.0253,0,0.0,0.0,0.0,25.27
2024-10-16,2024-10,fitcommerce.com/products/resistance-bands-set,Transactional,7,4,1754,13.1,66,2,0.0303,0,0.0,0.0,0.0,25.27
2024-10-17,2024-10,fitcommerce.com/products/resistance-bands-set,Transactional,7,4,1754,8.0,72,3,0.0417,1,199.34,66.45,33.33,25.27
2024-10-18,2024-10,fitcommerce.com/products/resistance-bands-set,Transactional,7,4,1754,15.1,63,4,0.0635,0,0.0,0.0,0.0,25.27
2024-10-19,2024-10,fitcommerce.com/products/resistance-bands-set,Transactional,7,4,1754,18.1,67,2,0.0299,0,0.0,0.0,0.0,25.27
2024-10-20,2024-10,fitcommerce.com/products/resistance-bands-set,Transactional,7,4,1754,13.1,62,2,0.0323,0,0.0,0.0,0.0,25.27
2024-10-21,2024-10,fitcommerce.com/products/resistance-bands-set,Transactional,7,4,1754,12.6,72,4,0.0556,0,0.0,0.0,0.0,25.27
2024-10-22,2024-10,fitcommerce.com/products/resistance-bands-set,Transactional,7,4,1754,12.9,71,2,0.0282,1,198.85,99.42,50.0,25.27
2024-10-23,2024-10,fitcommerce.com/products/resistance-bands-set,Transactional,7,4,1754,8.3,74,4,0.0541,0,0.0,0.0,0.0,25.27
2024-10-24,2024-10,fitcommerce.com/products/resistance-bands-set,Transactional,7,4,1754,12.0,67,2,0.0299,0,0.0,0.0,0.0,25.27
2024-10-25,2024-10,fitcommerce.com/products/resistance-bands-set,Transactional,7,4,1754,12.8,73,3,0.0411,0,0.0,0.0,0.0,25.27
2024-10-26,2024-10,fitcommerce.com/products/resistance-bands-set,Transactional,7,4,1754,8.0,65,4,0.0615,0,0.0,0.0,0.0,25.27
2024-10-27,2024-10,fitcommerce.com/products/resistance-bands-set,Transactional,7,4,1754,10.6,82,3,0.0366,1,164.32,54.77,33.33,25.27
2024-10-28,2024-10,fitcommerce.com/products/resistance-bands-set,Transactional,7,4,1754,11.0,70,4,0.0571,0,0.0,0.0,0.0,25.27
2024-10-29,2024-10,fitcommerce.com/products/resistance-bands-set,Transactional,7,4,1754,9.2,82,4,0.0488,0,0.0,0.0,0.0,25.27
2024-10-30,2024-10,fitcommerce.com/products/resistance-bands-set,Transactional,7,4,1754,16.2,83,4,0.0482,0,0.0,0.0,0.0,25.27
2024-10-31,2024-10,fitcommerce.com/products/resistance-bands-set,Transactional,7,4,1754,15.5,77,4,0.0519,0,0.0,0.0,0.0,25.27
2024-11-01,2024-11,fitcommerce.com/products/resistance-bands-set,Transactional,7,4,1754,9.9,76,4,0.0526,0,0.0,0.0,0.0,13.64
2024-11-02,2024-11,fitcommerce.com/products/resistance-bands-set,Transactional,7,4,1754,5.3,74,4,0.0541,0,0.0,0.0,0.0,13.64
2024-11-03,2024-11,fitcommerce.com/products/resistance-bands-set,Transactional,7,4,1754,12.1,72,3,0.0417,0,0.0,0.0,0.0,13.64
2024-11-04,2024-11,fitcommerce.com/products/resistance-bands-set,Transactional,7,4,1754,14.1,87,4,0.046,0,0.0,0.0,0.0,13.64
2024-11-05,2024-11,fitcommerce.com/products/resistance-bands-set,Transactional,7,4,1754,16.3,71,2,0.0282,0,0.0,0.0,0.0,13.64
2024-11-06,2024-11,fitcommerce.com/products/resistance-bands-set,Transactional,7,4,1754,13.7,83,4,0.0482,0,0.0,0.0,0.0,13.64
2024-11-07,2024-11,fitcommerce.com/products/resistance-bands-set,Transactional,7,4,1754,13.8,82,4,0.0488,0,0.0,0.0,0.0,13.64
2024-11-08,2024-11,fitcommerce.com/products/resistance-bands-set,Transactional,7,4,1754,7.0,89,5,0.0562,0,0.0,0.0,0.0,13.64
2024-11-09,2024-11,fitcommerce.com/products/resistance-bands-set,Transactional,7,4,1754,12.1,81,3,0.037,0,0.0,0.0,0.0,13.64
2024-11-10,2024-11,fitcommerce.com/products/resistance-bands-set,Transactional,7,4,1754,8.2,80,5,0.0625,0,0.0,0.0,0.0,13.64
2024-11-11,2024-11,fitcommerce.com/products/resistance-bands-set,Transactional,7,4,1754,13.4,93,6,0.0645,0,0.0,0.0,0.0,13.64
2024-11-12,2024-11,fitcommerce.com/products/resistance-bands-set,Transactional,7,4,1754,7.9,77,3,0.039,0,0.0,0.0,0.0,13.64
2024-11-13,2024-11,fitcommerce.com/products/resistance-bands-set,Transactional,7,4,1754,11.7,83,4,0.0482,0,0.0,0.0,0.0,13.64
2024-11-14,2024-11,fitcommerce.com/products/resistance-bands-set,Transactional,7,4,1754,9.7,82,4,0.0488,0,0.0,0.0,0.0,13.64
2024-11-15,2024-11,fitcommerce.com/products/resistance-bands-set,Transactional,7,4,1754,12.7,71,2,0.0282,0,0.0,0.0,0.0,13.64
2024-11-16,2024-11,fitcommerce.com/products/resistance-bands-set,Transactional,7,4,1754,11.9,81,5,0.0617,1,167.95,33.59,20.0,13.64
2024-11-17,2024-11,fitcommerce.com/products/resistance-bands-set,Transactional,7,4,1754,10.4,76,3,0.0395,0,0.0,0.0,0.0,13.64
2024-11-18,2024-11,fitcommerce.com/products/resistance-bands-set,Transactional,7,4,1754,12.8,96,4,0.0417,0,0.0,0.0,0.0,13.64
2024-11-19,2024-11,fitcommerce.com/products/resistance-bands-set,Transactional,7,4,1754,9.6,89,2,0.0225,0,0.0,0.0,0.0,13.64
2024-11-20,2024-11,fitcommerce.com/products/resistance-bands-set,Transactional,7,4,1754,11.3,76,2,0.0263,1,194.97,97.48,50.0,13.64
2024-11-21,2024-11,fitcommerce.com/products/resistance-bands-set,Transactional,7,4,1754,10.3,88,5,0.0568,0,0.0,0.0,0.0,13.64
2024-11-22,2024-11,fitcommerce.com/products/resistance-bands-set,Transactional,7,4,1754,10.8,88,3,0.0341,0,0.0,0.0,0.0,13.64
2024-11-23,2024-11,fitcommerce.com/products/resistance-bands-set,Transactional,7,4,1754,9.3,76,3,0.0395,0,0.0,0.0,0.0,13.64
2024-11-24,2024-11,fitcommerce.com/products/resistance-bands-set,Transactional,7,4,1754,14.5,89,2,0.0225,0,0.0,0.0,0.0,13.64
2024-11-25,2024-11,fitcommerce.com/products/resistance-bands-set,Transactional,7,4,1754,6.3,78,2,0.0256,0,0.0,0.0,0.0,13.64
2024-11-26,2024-11,fitcommerce.com/products/resistance-bands-set,Transactional,7,4,1754,13.4,100,6,0.06,0,0.0,0.0,0.0,13.64
2024-11-27,2024-11,fitcommerce.com/products/resistance-bands-set,Transactional,7,4,1754,11.2,101,5,0.0495,0,0.0,0.0,0.0,13.64
2024-11-28,2024-11,fitcommerce.com/products/resistance-bands-set,Transactional,7,4,1754,13.4,81,4,0.0494,0,0.0,0.0,0.0,13.64
2024-11-29,2024-11,fitcommerce.com/products/resistance-bands-set,Transactional,7,4,1754,10.1,93,5,0.0538,0,0.0,0.0,0.0,13.64
2024-11-30,2024-11,fitcommerce.com/products/resistance-bands-set,Transactional,7,4,1754,8.1,81,3,0.037,3,609.32,203.11,100.0,13.64
2024-12-01,2024-12,fitcommerce.com/products/resistance-bands-set,Transactional,7,4,1754,11.3,106,3,0.0283,0,0.0,0.0,0.0,36.35
2024-12-02,2024-12,fitcommerce.com/products/resistance-bands-set,Transactional,7,4,1754,11.2,93,4,0.043,1,197.62,49.4,25.0,36.35
2024-12-03,2024-12,fitcommerce.com/products/resistance-bands-set,Transactional,7,4,1754,15.6,96,4,0.0417,0,0.0,0.0,0.0,36.35
2024-12-04,2024-12,fitcommerce.com/products/resistance-bands-set,Transactional,7,4,1754,13.1,96,4,0.0417,0,0.0,0.0,0.0,36.35
2024-12-05,2024-12,fitcommerce.com/products/resistance-bands-set,Transactional,7,4,1754,10.4,90,4,0.0444,0,0.0,0.0,0.0,36.35
2024-12-06,2024-12,fitcommerce.com/products/resistance-bands-set,Transactional,7,4,1754,10.6,87,2,0.023,0,0.0,0.0,0.0,36.35
2024-12-07,2024-12,fitcommerce.com/products/resistance-bands-set,Transactional,7,4,1754,14.1,96,6,0.0625,1,195.21,32.54,16.67,36.35
2024-12-08,2024-12,fitcommerce.com/products/resistance-bands-set,Transactional,7,4,1754,6.5,90,1,0.0111,0,0.0,0.0,0.0,36.35
2024-12-09,2024-12,fitcommerce.com/products/resistance-bands-set,Transactional,7,4,1754,17.1,105,6,0.0571,0,0.0,0.0,0.0,36.35
2024-12-10,2024-12,fitcommerce.com/products/resistance-bands-set,Transactional,7,4,1754,14.9,86,5,0.0581,1,189.02,37.8,20.0,36.35
2024-12-11,2024-12,fitcommerce.com/products/resistance-bands-set,Transactional,7,4,1754,6.5,104,3,0.0288,0,0.0,0.0,0.0,36.35
2024-12-12,2024-12,fitcommerce.com/products/resistance-bands-set,Transactional,7,4,1754,5.5,93,2,0.0215,0,0.0,0.0,0.0,36.35
2024-12-13,2024-12,fitcommerce.com/products/resistance-bands-set,Transactional,7,4,1754,12.2,110,7,0.0636,0,0.0,0.0,0.0,36.35
2024-12-14,2024-12,fitcommerce.com/products/resistance-bands-set,Transactional,7,4,1754,12.2,93,4,0.043,0,0.0,0.0,0.0,36.35
2024-12-15,2024-12,fitcommerce.com/products/resistance-bands-set,Transactional,7,4,1754,6.3,100,4,0.04,1,200.47,50.12,25.0,36.35
2024-12-16,2024-12,fitcommerce.com/products/resistance-bands-set,Transactional,7,4,1754,8.5,87,3,0.0345,0,0.0,0.0,0.0,36.35
2024-12-17,2024-12,fitcommerce.com/products/resistance-bands-set,Transactional,7,4,1754,6.1,91,4,0.044,0,0.0,0.0,0.0,36.35
2024-12-18,2024-12,fitcommerce.com/products/resistance-bands-set,Transactional,7,4,1754,14.8,108,6,0.0556,0,0.0,0.0,0.0,36.35
2024-12-19,2024-12,fitcommerce.com/products/resistance-bands-set,Transactional,7,4,1754,10.9,102,5,0.049,0,0.0,0.0,0.0,36.35
2024-12-20,2024-12,fitcommerce.com/products/resistance-bands-set,Transactional,7,4,1754,7.1,102,5,0.049,1,160.77,32.15,20.0,36.35
2024-12-21,2024-12,fitcommerce.com/products/resistance-bands-set,Transactional,7,4,1754,8.6,101,3,0.0297,0,0.0,0.0,0.0,36.35
2024-12-22,2024-12,fitcommerce.com/products/resistance-bands-set,Transactional,7,4,1754,10.6,116,6,0.0517,0,0.0,0.0,0.0,36.35
2024-12-23,2024-12,fitcommerce.com/products/resistance-bands-set,Transactional,7,4,1754,11.0,104,7,0.0673,0,0.0,0.0,0.0,36.35
2024-12-24,2024-12,fitcommerce.com/products/resistance-bands-set,Transactional,7,4,1754,10.6,116,3,0.0259,0,0.0,0.0,0.0,36.35
2024-12-25,2024-12,fitcommerce.com/products/resistance-bands-set,Transactional,7,4,1754,13.9,115,6,0.0522,0,0.0,0.0,0.0,36.35
2024-12-26,2024-12,fitcommerce.com/products/resistance-bands-set,Transactional,7,4,1754,13.8,102,4,0.0392,0,0.0,0.0,0.0,36.35
2024-12-27,2024-12,fitcommerce.com/products/resistance-bands-set,Transactional,7,4,1754,13.2,95,4,0.0421,0,0.0,0.0,0.0,36.35
2024-12-28,2024-12,fitcommerce.com/products/resistance-bands-set,Transactional,7,4,1754,5.0,98,3,0.0306,0,0.0,0.0,0.0,36.35
2024-12-29,2024-12,fitcommerce.com/products/resistance-bands-set,Transactional,7,4,1754,6.5,120,7,0.0583,1,157.19,22.46,14.29,36.35
2024-12-30,2024-12,fitcommerce.com/products/resistance-bands-set,Transactional,7,4,1754,11.5,96,6,0.0625,0,0.0,0.0,0.0,36.35
2024-12-31,2024-12,fitcommerce.com/products/resistance-bands-set,Transactional,7,4,1754,6.4,112,5,0.0446,0,0.0,0.0,0.0,36.35
2025-01-01,2025-01,fitcommerce.com/products/resistance-bands-set,Transactional,7,4,1754,11.1,111,3,0.027,0,0.0,0.0,0.0,2.94
2025-01-02,2025-01,fitcommerce.com/products/resistance-bands-set,Transactional,7,4,1754,12.0,113,3,0.0265,0,0.0,0.0,0.0,2.94
2025-01-03,2025-01,fitcommerce.com/products/resistance-bands-set,Transactional,7,4,1754,7.1,100,2,0.02,1,201.26,100.63,50.0,2.94
2025-01-04,2025-01,fitcommerce.com/products/resistance-bands-set,Transactional,7,4,1754,9.7,104,2,0.0192,0,0.0,0.0,0.0,2.94
2025-01-05,2025-01,fitcommerce.com/products/resistance-bands-set,Transactional,7,4,1754,8.8,124,7,0.0565,1,184.01,26.29,14.29,2.94
2025-01-06,2025-01,fitcommerce.com/products/resistance-bands-set,Transactional,7,4,1754,10.3,102,3,0.0294,0,0.0,0.0,0.0,2.94
2025-01-07,2025-01,fitcommerce.com/products/resistance-bands-set,Transactional,7,4,1754,11.1,126,6,0.0476,0,0.0,0.0,0.0,2.94
2025-01-08,2025-01,fitcommerce.com/products/resistance-bands-set,Transactional,7,4,1754,9.1,114,6,0.0526,0,0.0,0.0,0.0,2.94
2025-01-09,2025-01,fitcommerce.com/products/resistance-bands-set,Transactional,7,4,1754,13.3,128,9,0.0703,0,0.0,0.0,0.0,2.94
2025-01-10,2025-01,fitcommerce.com/products/resistance-bands-set,Transactional,7,4,1754,19.4,112,7,0.0625,0,0.0,0.0,0.0,2.94
2025-01-11,2025-01,fitcommerce.com/products/resistance-bands-set,Transactional,7,4,1754,18.9,107,3,0.028,0,0.0,0.0,0.0,2.94
2025-01-12,2025-01,fitcommerce.com/products/resistance-bands-set,Transactional,7,4,1754,10.6,116,3,0.0259,0,0.0,0.0,0.0,2.94
2025-01-13,2025-01,fitcommerce.com/products/resistance-bands-set,Transactional,7,4,1754,9.9,132,7,0.053,0,0.0,0.0,0.0,2.94
2025-01-14,2025-01,fitcommerce.com/products/resistance-bands-set,Transactional,7,4,1754,15.0,112,2,0.0179,0,0.0,0.0,0.0,2.94
2025-01-15,2025-01,fitcommerce.com/products/resistance-bands-set,Transactional,7,4,1754,5.0,110,6,0.0545,0,0.0,0.0,0.0,2.94
2025-01-16,2025-01,fitcommerce.com/products/resistance-bands-set,Transactional,7,4,1754,3.7,117,4,0.0342,0,0.0,0.0,0.0,2.94
2025-01-17,2025-01,fitcommerce.com/products/resistance-bands-set,Transactional,7,4,1754,11.9,136,5,0.0368,0,0.0,0.0,0.0,2.94
2025-01-18,2025-01,fitcommerce.com/products/resistance-bands-set,Transactional,7,4,1754,11.1,139,6,0.0432,1,179.75,29.96,16.67,2.94
2025-01-19,2025-01,fitcommerce.com/products/resistance-bands-set,Transactional,7,4,1754,9.4,127,8,0.063,0,0.0,0.0,0.0,2.94
2025-01-20,2025-01,fitcommerce.com/products/resistance-bands-set,Transactional,7,4,1754,7.5,138,5,0.0362,0,0.0,0.0,0.0,2.94
2025-01-21,2025-01,fitcommerce.com/products/resistance-bands-set,Transactional,7,4,1754,5.6,125,7,0.056,0,0.0,0.0,0.0,2.94
2025-01-22,2025-01,fitcommerce.com/products/resistance-bands-set,Transactional,7,4,1754,9.9,116,2,0.0172,0,0.0,0.0,0.0,2.94
2025-01-23,2025-01,fitcommerce.com/products/resistance-bands-set,Transactional,7,4,1754,7.4,132,4,0.0303,0,0.0,0.0,0.0,2.94
2025-01-24,2025-01,fitcommerce.com/products/resistance-bands-set,Transactional,7,4,1754,12.6,124,8,0.0645,0,0.0,0.0,0.0,2.94
2025-01-25,2025-01,fitcommerce.com/products/resistance-bands-set,Transactional,7,4,1754,12.1,142,6,0.0423,0,0.0,0.0,0.0,2.94
2025-01-26,2025-01,fitcommerce.com/products/resistance-bands-set,Transactional,7,4,1754,13.4,146,10,0.0685,1,179.57,17.96,10.0,2.94
2025-01-27,2025-01,fitcommerce.com/products/resistance-bands-set,Transactional,7,4,1754,6.8,122,5,0.041,0,0.0,0.0,0.0,2.94
2025-01-28,2025-01,fitcommerce.com/products/resistance-bands-set,Transactional,7,4,1754,11.4,115,5,0.0435,1,204.81,40.96,20.0,2.94
2025-01-29,2025-01,fitcommerce.com/products/resistance-bands-set,Transactional,7,4,1754,7.8,134,7,0.0522,0,0.0,0.0,0.0,2.94
2025-01-30,2025-01,fitcommerce.com/products/resistance-bands-set,Transactional,7,4,1754,7.4,138,5,0.0362,1,175.67,35.13,20.0,2.94
2025-01-31,2025-01,fitcommerce.com/products/resistance-bands-set,Transactional,7,4,1754,13.2,118,4,0.0339,0,0.0,0.0,0.0,2.94
2025-02-01,2025-02,fitcommerce.com/products/resistance-bands-set,Transactional,7,4,1754,9.6,151,7,0.0464,0,0.0,0.0,0.0,-3.77
2025-02-02,2025-02,fitcommerce.com/products/resistance-bands-set,Transactional,7,4,1754,9.0,124,6,0.0484,0,0.0,0.0,0.0,-3.77
2025-02-03,2025-02,fitcommerce.com/products/resistance-bands-set,Transactional,7,4,1754,10.4,154,5,0.0325,1,154.99,31.0,20.0,-3.77
2025-02-04,2025-02,fitcommerce.com/products/resistance-bands-set,Transactional,7,4,1754,10.4,138,5,0.0362,0,0.0,0.0,0.0,-3.77
2025-02-05,2025-02,fitcommerce.com/products/resistance-bands-set,Transactional,7,4,1754,12.0,152,5,0.0329,0,0.0,0.0,0.0,-3.77
2025-02-06,2025-02,fitcommerce.com/products/resistance-bands-set,Transactional,7,4,1754,13.9,155,6,0.0387,0,0.0,0.0,0.0,-3.77
2025-02-07,2025-02,fitcommerce.com/products/resistance-bands-set,Transactional,7,4,1754,12.4,144,3,0.0208,0,0.0,0.0,0.0,-3.77
2025-02-08,2025-02,fitcommerce.com/products/resistance-bands-set,Transactional,7,4,1754,9.6,135,6,0.0444,0,0.0,0.0,0.0,-3.77
2025-02-09,2025-02,fitcommerce.com/products/resistance-bands-set,Transactional,7,4,1754,9.9,159,7,0.044,0,0.0,0.0,0.0,-3.77
2025-02-10,2025-02,fitcommerce.com/products/resistance-bands-set,Transactional,7,4,1754,8.8,127,6,0.0472,0,0.0,0.0,0.0,-3.77
2025-02-11,2025-02,fitcommerce.com/products/resistance-bands-set,Transactional,7,4,1754,9.6,128,2,0.0156,1,169.32,84.66,50.0,-3.77
2025-02-12,2025-02,fitcommerce.com/products/resistance-bands-set,Transactional,7,4,1754,6.7,127,5,0.0394,0,0.0,0.0,0.0,-3.77
2025-02-13,2025-02,fitcommerce.com/products/resistance-bands-set,Transactional,7,4,1754,10.7,164,9,0.0549,0,0.0,0.0,0.0,-3.77
2025-02-14,2025-02,fitcommerce.com/products/resistance-bands-set,Transactional,7,4,1754,7.9,150,3,0.02,0,0.0,0.0,0.0,-3.77
2025-02-15,2025-02,fitcommerce.com/products/resistance-bands-set,Transactional,7,4,1754,9.7,139,3,0.0216,0,0.0,0.0,0.0,-3.77
2025-02-16,2025-02,fitcommerce.com/products/resistance-bands-set,Transactional,7,4,1754,8.7,154,6,0.039,0,0.0,0.0,0.0,-3.77
2025-02-17,2025-02,fitcommerce.com/products/resistance-bands-set,Transactional,7,4,1754,8.2,130,6,0.0462,1,185.04,30.84,16.67,-3.77
2025-02-18,2025-02,fitcommerce.com/products/resistance-bands-set,Transactional,7,4,1754,7.7,152,5,0.0329,1,182.68,36.54,20.0,-3.77
2025-02-19,2025-02,fitcommerce.com/products/resistance-bands-set,Transactional,7,4,1754,16.0,144,7,0.0486,0,0.0,0.0,0.0,-3.77
2025-02-20,2025-02,fitcommerce.com/products/resistance-bands-set,Transactional,7,4,1754,9.5,140,7,0.05,0,0.0,0.0,0.0,-3.77
2025-02-21,2025-02,fitcommerce.com/products/resistance-bands-set,Transactional,7,4,1754,8.2,130,3,0.0231,0,0.0,0.0,0.0,-3.77
2025-02-22,2025-02,fitcommerce.com/products/resistance-bands-set,Transactional,7,4,1754,14.7,167,8,0.0479,0,0.0,0.0,0.0,-3.77
2025-02-23,2025-02,fitcommerce.com/products/resistance-bands-set,Transactional,7,4,1754,4.5,135,8,0.0593,0,0.0,0.0,0.0,-3.77
2025-02-24,2025-02,fitcommerce.com/products/resistance-bands-set,Transactional,7,4,1754,11.1,170,3,0.0176,0,0.0,0.0,0.0,-3.77
2025-02-25,2025-02,fitcommerce.com/products/resistance-bands-set,Transactional,7,4,1754,12.4,170,4,0.0235,0,0.0,0.0,0.0,-3.77
2025-02-26,2025-02,fitcommerce.com/products/resistance-bands-set,Transactional,7,4,1754,5.8,156,3,0.0192,1,201.88,67.29,33.33,-3.77
2025-02-27,2025-02,fitcommerce.com/products/resistance-bands-set,Transactional,7,4,1754,10.8,143,7,0.049,1,190.29,27.18,14.29,-3.77
2025-02-28,2025-02,fitcommerce.com/products/resistance-bands-set,Transactional,7,4,1754,6.6,170,5,0.0294,0,0.0,0.0,0.0,-3.77
2025-03-01,2025-03,fitcommerce.com/products/resistance-bands-set,Transactional,7,4,1754,6.7,169,11,0.0651,0,0.0,0.0,0.0,5.24
2025-03-02,2025-03,fitcommerce.com/products/resistance-bands-set,Transactional,7,4,1754,10.5,165,7,0.0424,0,0.0,0.0,0.0,5.24
2025-03-03,2025-03,fitcommerce.com/products/resistance-bands-set,Transactional,7,4,1754,7.5,172,10,0.0581,0,0.0,0.0,0.0,5.24
2025-03-04,2025-03,fitcommerce.com/products/resistance-bands-set,Transactional,7,4,1754,5.0,156,7,0.0449,0,0.0,0.0,0.0,5.24
2025-03-05,2025-03,fitcommerce.com/products/resistance-bands-set,Transactional,7,4,1754,11.2,149,6,0.0403,0,0.0,0.0,0.0,5.24
2025-03-06,2025-03,fitcommerce.com/products/resistance-bands-set,Transactional,7,4,1754,10.4,155,6,0.0387,0,0.0,0.0,0.0,5.24
2025-03-07,2025-03,fitcommerce.com/products/resistance-bands-set,Transactional,7,4,1754,5.4,171,4,0.0234,0,0.0,0.0,0.0,5.24
2025-03-08,2025-03,fitcommerce.com/products/resistance-bands-set,Transactional,7,4,1754,6.4,170,7,0.0412,0,0.0,0.0,0.0,5.24
2025-03-09,2025-03,fitcommerce.com/products/resistance-bands-set,Transactional,7,4,1754,12.9,148,5,0.0338,1,181.61,36.32,20.0,5.24
2025-03-10,2025-03,fitcommerce.com/products/resistance-bands-set,Transactional,7,4,1754,8.5,141,4,0.0284,2,321.15,80.29,50.0,5.24
2025-03-11,2025-03,fitcommerce.com/products/resistance-bands-set,Transactional,7,4,1754,9.3,168,6,0.0357,0,0.0,0.0,0.0,5.24
2025-03-12,2025-03,fitcommerce.com/products/resistance-bands-set,Transactional,7,4,1754,8.7,146,8,0.0548,0,0.0,0.0,0.0,5.24
2025-03-13,2025-03,fitcommerce.com/products/resistance-bands-set,Transactional,7,4,1754,8.1,148,4,0.027,0,0.0,0.0,0.0,5.24
2025-03-14,2025-03,fitcommerce.com/products/resistance-bands-set,Transactional,7,4,1754,15.7,176,10,0.0568,0,0.0,0.0,0.0,5.24
2025-03-15,2025-03,fitcommerce.com/products/resistance-bands-set,Transactional,7,4,1754,11.3,162,5,0.0309,0,0.0,0.0,0.0,5.24
2025-03-16,2025-03,fitcommerce.com/products/resistance-bands-set,Transactional,7,4,1754,7.7,161,7,0.0435,0,0.0,0.0,0.0,5.24
2025-03-17,2025-03,fitcommerce.com/products/resistance-bands-set,Transactional,7,4,1754,10.4,142,9,0.0634,0,0.0,0.0,0.0,5.24
2025-03-18,2025-03,fitcommerce.com/products/resistance-bands-set,Transactional,7,4,1754,12.6,180,4,0.0222,0,0.0,0.0,0.0,5.24
2025-03-19,2025-03,fitcommerce.com/products/resistance-bands-set,Transactional,7,4,1754,9.6,143,4,0.028,0,0.0,0.0,0.0,5.24
2025-03-20,2025-03,fitcommerce.com/products/resistance-bands-set,Transactional,7,4,1754,12.3,181,14,0.0773,0,0.0,0.0,0.0,5.24
2025-03-21,2025-03,fitcommerce.com/products/resistance-bands-set,Transactional,7,4,1754,7.8,183,5,0.0273,0,0.0,0.0,0.0,5.24
2025-03-22,2025-03,fitcommerce.com/products/resistance-bands-set,Transactional,7,4,1754,2.6,185,6,0.0324,0,0.0,0.0,0.0,5.24
2025-03-23,2025-03,fitcommerce.com/products/resistance-bands-set,Transactional,7,4,1754,6.9,168,5,0.0298,0,0.0,0.0,0.0,5.24
2025-03-24,2025-03,fitcommerce.com/products/resistance-bands-set,Transactional,7,4,1754,10.7,189,8,0.0423,0,0.0,0.0,0.0,5.24
2025-03-25,2025-03,fitcommerce.com/products/resistance-bands-set,Transactional,7,4,1754,7.6,153,8,0.0523,1,181.27,22.66,12.5,5.24
2025-03-26,2025-03,fitcommerce.com/products/resistance-bands-set,Transactional,7,4,1754,11.2,142,5,0.0352,1,191.94,38.39,20.0,5.24
2025-03-27,2025-03,fitcommerce.com/products/resistance-bands-set,Transactional,7,4,1754,12.9,187,9,0.0481,0,0.0,0.0,0.0,5.24
2025-03-28,2025-03,fitcommerce.com/products/resistance-bands-set,Transactional,7,4,1754,9.9,181,10,0.0552,0,0.0,0.0,0.0,5.24
2025-03-29,2025-03,fitcommerce.com/products/resistance-bands-set,Transactional,7,4,1754,12.7,165,7,0.0424,0,0.0,0.0,0.0,5.24
2025-03-30,2025-03,fitcommerce.com/products/resistance-bands-set,Transactional,7,4,1754,4.2,151,6,0.0397,0,0.0,0.0,0.0,5.24
2025-03-31,2025-03,fitcommerce.com/products/resistance-bands-set,Transactional,7,4,1754,12.8,179,6,0.0335,0,0.0,0.0,0.0,5.24
2025-04-01,2025-04,fitcommerce.com/products/resistance-bands-set,Transactional,7,4,1754,14.1,162,8,0.0494,0,0.0,0.0,0.0,-5.74
2025-04-02,2025-04,fitcommerce.com/products/resistance-bands-set,Transactional,7,4,1754,2.0,179,11,0.0615,0,0.0,0.0,0.0,-5.74
2025-04-03,2025-04,fitcommerce.com/products/resistance-bands-set,Transactional,7,4,1754,10.5,178,11,0.0618,1,189.96,17.27,9.09,-5.74
2025-04-04,2025-04,fitcommerce.com/products/resistance-bands-set,Transactional,7,4,1754,11.6,177,7,0.0395,0,0.0,0.0,0.0,-5.74
2025-04-05,2025-04,fitcommerce.com/products/resistance-bands-set,Transactional,7,4,1754,4.3,188,6,0.0319,0,0.0,0.0,0.0,-5.74
2025-04-06,2025-04,fitcommerce.com/products/resistance-bands-set,Transactional,7,4,1754,8.6,162,7,0.0432,1,203.58,29.08,14.29,-5.74
2025-04-07,2025-04,fitcommerce.com/products/resistance-bands-set,Transactional,7,4,1754,6.4,174,13,0.0747,0,0.0,0.0,0.0,-5.74
2025-04-08,2025-04,fitcommerce.com/products/resistance-bands-set,Transactional,7,4,1754,10.4,144,4,0.0278,0,0.0,0.0,0.0,-5.74
2025-04-09,2025-04,fitcommerce.com/products/resistance-bands-set,Transactional,7,4,1754,13.1,144,5,0.0347,0,0.0,0.0,0.0,-5.74
2025-04-10,2025-04,fitcommerce.com/products/resistance-bands-set,Transactional,7,4,1754,10.2,181,4,0.0221,1,183.34,45.84,25.0,-5.74
2025-04-11,2025-04,fitcommerce.com/products/resistance-bands-set,Transactional,7,4,1754,6.8,155,7,0.0452,0,0.0,0.0,0.0,-5.74
2025-04-12,2025-04,fitcommerce.com/products/resistance-bands-set,Transactional,7,4,1754,8.8,191,10,0.0524,1,166.57,16.66,10.0,-5.74
2025-04-13,2025-04,fitcommerce.com/products/resistance-bands-set,Transactional,7,4,1754,8.2,170,8,0.0471,0,0.0,0.0,0.0,-5.74
2025-04-14,2025-04,fitcommerce.com/products/resistance-bands-set,Transactional,7,4,1754,3.7,148,7,0.0473,0,0.0,0.0,0.0,-5.74
2025-04-15,2025-04,fitcommerce.com/products/resistance-bands-set,Transactional,7,4,1754,7.8,158,3,0.019,0,0.0,0.0,0.0,-5.74
2025-04-16,2025-04,fitcommerce.com/products/resistance-bands-set,Transactional,7,4,1754,12.2,173,5,0.0289,0,0.0,0.0,0.0,-5.74
2025-04-17,2025-04,fitcommerce.com/products/resistance-bands-set,Transactional,7,4,1754,8.2,145,6,0.0414,0,0.0,0.0,0.0,-5.74
2025-04-18,2025-04,fitcommerce.com/products/resistance-bands-set,Transactional,7,4,1754,11.0,183,10,0.0546,0,0.0,0.0,0.0,-5.74
2025-04-19,2025-04,fitcommerce.com/products/resistance-bands-set,Transactional,7,4,1754,8.4,164,6,0.0366,0,0.0,0.0,0.0,-5.74
2025-04-20,2025-04,fitcommerce.com/products/resistance-bands-set,Transactional,7,4,1754,8.7,165,5,0.0303,0,0.0,0.0,0.0,-5.74
2025-04-21,2025-04,fitcommerce.com/products/resistance-bands-set,Transactional,7,4,1754,11.7,179,6,0.0335,0,0.0,0.0,0.0,-5.74
2025-04-22,2025-04,fitcommerce.com/products/resistance-bands-set,Transactional,7,4,1754,10.1,181,9,0.0497,0,0.0,0.0,0.0,-5.74
2025-04-23,2025-04,fitcommerce.com/products/resistance-bands-set,Transactional,7,4,1754,5.2,190,5,0.0263,0,0.0,0.0,0.0,-5.74
2025-04-24,2025-04,fitcommerce.com/products/resistance-bands-set,Transactional,7,4,1754,10.8,157,7,0.0446,0,0.0,0.0,0.0,-5.74
2025-04-25,2025-04,fitcommerce.com/products/resistance-bands-set,Transactional,7,4,1754,3.0,152,8,0.0526,0,0.0,0.0,0.0,-5.74
2025-04-26,2025-04,fitcommerce.com/products/resistance-bands-set,Transactional,7,4,1754,5.6,185,9,0.0486,0,0.0,0.0,0.0,-5.74
2025-04-27,2025-04,fitcommerce.com/products/resistance-bands-set,Transactional,7,4,1754,11.2,176,5,0.0284,0,0.0,0.0,0.0,-5.74
2025-04-28,2025-04,fitcommerce.com/products/resistance-bands-set,Transactional,7,4,1754,6.0,159,5,0.0314,0,0.0,0.0,0.0,-5.74
2025-04-29,2025-04,fitcommerce.com/products/resistance-bands-set,Transactional,7,4,1754,12.0,182,10,0.0549,0,0.0,0.0,0.0,-5.74
2025-04-30,2025-04,fitcommerce.com/products/resistance-bands-set,Transactional,7,4,1754,5.3,182,4,0.022,1,185.24,46.31,25.0,-5.74
2025-05-01,2025-05,fitcommerce.com/products/resistance-bands-set,Transactional,7,4,1754,5.5,169,5,0.0296,0,0.0,0.0,0.0,4.19
2025-05-02,2025-05,fitcommerce.com/products/resistance-bands-set,Transactional,7,4,1754,10.7,180,12,0.0667,0,0.0,0.0,0.0,4.19
2025-05-03,2025-05,fitcommerce.com/products/resistance-bands-set,Transactional,7,4,1754,11.0,175,4,0.0229,0,0.0,0.0,0.0,4.19
2025-05-04,2025-05,fitcommerce.com/products/resistance-bands-set,Transactional,7,4,1754,4.1,193,10,0.0518,0,0.0,0.0,0.0,4.19
2025-05-05,2025-05,fitcommerce.com/products/resistance-bands-set,Transactional,7,4,1754,8.7,166,4,0.0241,0,0.0,0.0,0.0,4.19
2025-05-06,2025-05,fitcommerce.com/products/resistance-bands-set,Transactional,7,4,1754,4.9,174,6,0.0345,0,0.0,0.0,0.0,4.19
2025-05-07,2025-05,fitcommerce.com/products/resistance-bands-set,Transactional,7,4,1754,11.3,167,5,0.0299,0,0.0,0.0,0.0,4.19
2025-05-08,2025-05,fitcommerce.com/products/resistance-bands-set,Transactional,7,4,1754,2.7,155,10,0.0645,1,157.89,15.79,10.0,4.19
2025-05-09,2025-05,fitcommerce.com/products/resistance-bands-set,Transactional,7,4,1754,4.8,153,7,0.0458,0,0.0,0.0,0.0,4.19
2025-05-10,2025-05,fitcommerce.com/products/resistance-bands-set,Transactional,7,4,1754,9.1,184,6,0.0326,0,0.0,0.0,0.0,4.19
2025-05-11,2025-05,fitcommerce.com/products/resistance-bands-set,Transactional,7,4,1754,12.6,185,11,0.0595,0,0.0,0.0,0.0,4.19
2025-05-12,2025-05,fitcommerce.com/products/resistance-bands-set,Transactional,7,4,1754,10.7,185,4,0.0216,0,0.0,0.0,0.0,4.19
2025-05-13,2025-05,fitcommerce.com/products/resistance-bands-set,Transactional,7,4,1754,9.1,173,4,0.0231,0,0.0,0.0,0.0,4.19
2025-05-14,2025-05,fitcommerce.com/products/resistance-bands-set,Transactional,7,4,1754,7.4,170,10,0.0588,0,0.0,0.0,0.0,4.19
2025-05-15,2025-05,fitcommerce.com/products/resistance-bands-set,Transactional,7,4,1754,11.4,172,5,0.0291,0,0.0,0.0,0.0,4.19
2025-05-16,2025-05,fitcommerce.com/products/resistance-bands-set,Transactional,7,4,1754,11.4,183,9,0.0492,0,0.0,0.0,0.0,4.19
2025-05-17,2025-05,fitcommerce.com/products/resistance-bands-set,Transactional,7,4,1754,9.1,159,8,0.0503,0,0.0,0.0,0.0,4.19
2025-05-18,2025-05,fitcommerce.com/products/resistance-bands-set,Transactional,7,4,1754,4.4,162,7,0.0432,0,0.0,0.0,0.0,4.19
2025-05-19,2025-05,fitcommerce.com/products/resistance-bands-set,Transactional,7,4,1754,5.4,161,2,0.0124,0,0.0,0.0,0.0,4.19
2025-05-20,2025-05,fitcommerce.com/products/resistance-bands-set,Transactional,7,4,1754,12.7,188,11,0.0585,0,0.0,0.0,0.0,4.19
2025-05-21,2025-05,fitcommerce.com/products/resistance-bands-set,Transactional,7,4,1754,6.6,179,6,0.0335,0,0.0,0.0,0.0,4.19
2025-05-22,2025-05,fitcommerce.com/products/resistance-bands-set,Transactional,7,4,1754,5.7,179,12,0.067,0,0.0,0.0,0.0,4.19
2025-05-23,2025-05,fitcommerce.com/products/resistance-bands-set,Transactional,7,4,1754,6.5,163,3,0.0184,0,0.0,0.0,0.0,4.19
2025-05-24,2025-05,fitcommerce.com/products/resistance-bands-set,Transactional,7,4,1754,1.7,170,4,0.0235,0,0.0,0.0,0.0,4.19
2025-05-25,2025-05,fitcommerce.com/products/resistance-bands-set,Transactional,7,4,1754,9.2,158,9,0.057,0,0.0,0.0,0.0,4.19
2025-05-26,2025-05,fitcommerce.com/products/resistance-bands-set,Transactional,7,4,1754,7.3,174,8,0.046,0,0.0,0.0,0.0,4.19
2025-05-27,2025-05,fitcommerce.com/products/resistance-bands-set,Transactional,7,4,1754,7.6,143,8,0.0559,3,602.63,75.33,37.5,4.19
2025-05-28,2025-05,fitcommerce.com/products/resistance-bands-set,Transactional,7,4,1754,7.0,183,6,0.0328,0,0.0,0.0,0.0,4.19
2025-05-29,2025-05,fitcommerce.com/products/resistance-bands-set,Transactional,7,4,1754,7.7,165,7,0.0424,0,0.0,0.0,0.0,4.19
2025-05-30,2025-05,fitcommerce.com/products/resistance-bands-set,Transactional,7,4,1754,8.0,174,10,0.0575,0,0.0,0.0,0.0,4.19
2025-05-31,2025-05,fitcommerce.com/products/resistance-bands-set,Transactional,7,4,1754,8.2,169,4,0.0237,0,0.0,0.0,0.0,4.19
2025-06-01,2025-06,fitcommerce.com/products/resistance-bands-set,Transactional,7,4,1754,12.4,152,3,0.0197,0,0.0,0.0,0.0,-11.06
2025-06-02,2025-06,fitcommerce.com/products/resistance-bands-set,Transactional,7,4,1754,8.5,154,10,0.0649,1,176.81,17.68,10.0,-11.06
2025-06-03,2025-06,fitcommerce.com/products/resistance-bands-set,Transactional,7,4,1754,11.0,147,7,0.0476,0,0.0,0.0,0.0,-11.06
2025-06-04,2025-06,fitcommerce.com/products/resistance-bands-set,Transactional,7,4,1754,5.6,149,4,0.0268,0,0.0,0.0,0.0,-11.06
2025-06-05,2025-06,fitcommerce.com/products/resistance-bands-set,Transactional,7,4,1754,6.9,158,10,0.0633,0,0.0,0.0,0.0,-11.06
2025-06-06,2025-06,fitcommerce.com/products/resistance-bands-set,Transactional,7,4,1754,4.7,178,4,0.0225,0,0.0,0.0,0.0,-11.06
2025-06-07,2025-06,fitcommerce.com/products/resistance-bands-set,Transactional,7,4,1754,15.4,167,10,0.0599,0,0.0,0.0,0.0,-11.06
2025-06-08,2025-06,fitcommerce.com/products/resistance-bands-set,Transactional,7,4,1754,5.3,180,6,0.0333,0,0.0,0.0,0.0,-11.06
2025-06-09,2025-06,fitcommerce.com/products/resistance-bands-set,Transactional,7,4,1754,8.6,148,4,0.027,0,0.0,0.0,0.0,-11.06
2025-06-10,2025-06,fitcommerce.com/products/resistance-bands-set,Transactional,7,4,1754,12.8,140,3,0.0214,0,0.0,0.0,0.0,-11.06
2025-06-11,2025-06,fitcommerce.com/products/resistance-bands-set,Transactional,7,4,1754,10.6,165,3,0.0182,1,200.44,66.81,33.33,-11.06
2025-06-12,2025-06,fitcommerce.com/products/resistance-bands-set,Transactional,7,4,1754,6.4,140,9,0.0643,0,0.0,0.0,0.0,-11.06
2025-06-13,2025-06,fitcommerce.com/products/resistance-bands-set,Transactional,7,4,1754,4.8,179,9,0.0503,0,0.0,0.0,0.0,-11.06
2025-06-14,2025-06,fitcommerce.com/products/resistance-bands-set,Transactional,7,4,1754,11.5,145,4,0.0276,0,0.0,0.0,0.0,-11.06
2025-06-15,2025-06,fitcommerce.com/products/resistance-bands-set,Transactional,7,4,1754,11.6,158,8,0.0506,0,0.0,0.0,0.0,-11.06
2025-06-16,2025-06,fitcommerce.com/products/resistance-bands-set,Transactional,7,4,1754,9.5,144,6,0.0417,0,0.0,0.0,0.0,-11.06
2025-06-17,2025-06,fitcommerce.com/products/resistance-bands-set,Transactional,7,4,1754,2.5,164,11,0.0671,0,0.0,0.0,0.0,-11.06
2025-06-18,2025-06,fitcommerce.com/products/resistance-bands-set,Transactional,7,4,1754,7.3,151,10,0.0662,0,0.0,0.0,0.0,-11.06
2025-06-19,2025-06,fitcommerce.com/products/resistance-bands-set,Transactional,7,4,1754,13.3,146,8,0.0548,0,0.0,0.0,0.0,-11.06
2025-06-20,2025-06,fitcommerce.com/products/resistance-bands-set,Transactional,7,4,1754,9.3,171,4,0.0234,0,0.0,0.0,0.0,-11.06
2025-06-21,2025-06,fitcommerce.com/products/resistance-bands-set,Transactional,7,4,1754,8.0,161,5,0.0311,0,0.0,0.0,0.0,-11.06
2025-06-22,2025-06,fitcommerce.com/products/resistance-bands-set,Transactional,7,4,1754,7.3,155,4,0.0258,0,0.0,0.0,0.0,-11.06
2025-06-23,2025-06,fitcommerce.com/products/resistance-bands-set,Transactional,7,4,1754,12.9,149,8,0.0537,0,0.0,0.0,0.0,-11.06
2025-06-24,2025-06,fitcommerce.com/products/resistance-bands-set,Transactional,7,4,1754,6.6,140,10,0.0714,0,0.0,0.0,0.0,-11.06
2025-06-25,2025-06,fitcommerce.com/products/resistance-bands-set,Transactional,7,4,1754,9.5,135,2,0.0148,0,0.0,0.0,0.0,-11.06
2025-06-26,2025-06,fitcommerce.com/products/resistance-bands-set,Transactional,7,4,1754,6.2,163,5,0.0307,0,0.0,0.0,0.0,-11.06
2025-06-27,2025-06,fitcommerce.com/products/resistance-bands-set,Transactional,7,4,1754,3.7,171,5,0.0292,0,0.0,0.0,0.0,-11.06
2025-06-28,2025-06,fitcommerce.com/products/resistance-bands-set,Transactional,7,4,1754,12.5,140,3,0.0214,0,0.0,0.0,0.0,-11.06
2025-06-29,2025-06,fitcommerce.com/products/resistance-bands-set,Transactional,7,4,1754,5.2,163,6,0.0368,1,154.74,25.79,16.67,-11.06
2025-06-30,2025-06,fitcommerce.com/products/resistance-bands-set,Transactional,7,4,1754,5.0,153,3,0.0196,0,0.0,0.0,0.0,-11.06
2025-07-01,2025-07,fitcommerce.com/products/resistance-bands-set,Transactional,7,4,1754,9.8,162,11,0.0679,0,0.0,0.0,0.0,6.91
2025-07-02,2025-07,fitcommerce.com/products/resistance-bands-set,Transactional,7,4,1754,10.9,138,7,0.0507,1,181.53,25.93,14.29,6.91
2025-07-03,2025-07,fitcommerce.com/products/resistance-bands-set,Transactional,7,4,1754,6.3,125,2,0.016,0,0.0,0.0,0.0,6.91
2025-07-04,2025-07,fitcommerce.com/products/resistance-bands-set,Transactional,7,4,1754,7.0,157,10,0.0637,0,0.0,0.0,0.0,6.91
2025-07-05,2025-07,fitcommerce.com/products/resistance-bands-set,Transactional,7,4,1754,6.6,163,5,0.0307,1,190.14,38.03,20.0,6.91
2025-07-06,2025-07,fitcommerce.com/products/resistance-bands-set,Transactional,7,4,1754,11.4,146,3,0.0205,0,0.0,0.0,0.0,6.91
2025-07-07,2025-07,fitcommerce.com/products/resistance-bands-set,Transactional,7,4,1754,8.1,153,7,0.0458,1,206.45,29.49,14.29,6.91
2025-07-08,2025-07,fitcommerce.com/products/resistance-bands-set,Transactional,7,4,1754,2.1,135,3,0.0222,0,0.0,0.0,0.0,6.91
2025-07-09,2025-07,fitcommerce.com/products/resistance-bands-set,Transactional,7,4,1754,3.1,124,6,0.0484,0,0.0,0.0,0.0,6.91
2025-07-10,2025-07,fitcommerce.com/products/resistance-bands-set,Transactional,7,4,1754,5.8,125,7,0.056,0,0.0,0.0,0.0,6.91
2025-07-11,2025-07,fitcommerce.com/products/resistance-bands-set,Transactional,7,4,1754,11.7,152,5,0.0329,0,0.0,0.0,0.0,6.91
2025-07-12,2025-07,fitcommerce.com/products/resistance-bands-set,Transactional,7,4,1754,7.8,153,4,0.0261,0,0.0,0.0,0.0,6.91
2025-07-13,2025-07,fitcommerce.com/products/resistance-bands-set,Transactional,7,4,1754,5.9,151,5,0.0331,0,0.0,0.0,0.0,6.91
2025-07-14,2025-07,fitcommerce.com/products/resistance-bands-set,Transactional,7,4,1754,8.2,151,10,0.0662,0,0.0,0.0,0.0,6.91
2025-07-15,2025-07,fitcommerce.com/products/resistance-bands-set,Transactional,7,4,1754,1.0,134,4,0.0299,0,0.0,0.0,0.0,6.91
2025-07-16,2025-07,fitcommerce.com/products/resistance-bands-set,Transactional,7,4,1754,9.2,133,5,0.0376,0,0.0,0.0,0.0,6.91
2025-07-17,2025-07,fitcommerce.com/products/resistance-bands-set,Transactional,7,4,1754,8.5,146,7,0.0479,0,0.0,0.0,0.0,6.91
2025-07-18,2025-07,fitcommerce.com/products/resistance-bands-set,Transactional,7,4,1754,7.6,144,2,0.0139,0,0.0,0.0,0.0,6.91
2025-07-19,2025-07,fitcommerce.com/products/resistance-bands-set,Transactional,7,4,1754,6.2,151,5,0.0331,0,0.0,0.0,0.0,6.91
2025-07-20,2025-07,fitcommerce.com/products/resistance-bands-set,Transactional,7,4,1754,6.1,154,10,0.0649,0,0.0,0.0,0.0,6.91
2025-07-21,2025-07,fitcommerce.com/products/resistance-bands-set,Transactional,7,4,1754,6.7,117,2,0.0171,0,0.0,0.0,0.0,6.91
2025-07-22,2025-07,fitcommerce.com/products/resistance-bands-set,Transactional,7,4,1754,9.1,138,2,0.0145,0,0.0,0.0,0.0,6.91
2025-07-23,2025-07,fitcommerce.com/products/resistance-bands-set,Transactional,7,4,1754,4.4,140,5,0.0357,0,0.0,0.0,0.0,6.91
2025-07-24,2025-07,fitcommerce.com/products/resistance-bands-set,Transactional,7,4,1754,9.7,130,2,0.0154,0,0.0,0.0,0.0,6.91
2025-07-25,2025-07,fitcommerce.com/products/resistance-bands-set,Transactional,7,4,1754,8.4,140,3,0.0214,0,0.0,0.0,0.0,6.91
2025-07-26,2025-07,fitcommerce.com/products/resistance-bands-set,Transactional,7,4,1754,12.6,118,5,0.0424,0,0.0,0.0,0.0,6.91
2025-07-27,2025-07,fitcommerce.com/products/resistance-bands-set,Transactional,7,4,1754,4.1,131,3,0.0229,0,0.0,0.0,0.0,6.91
2025-07-28,2025-07,fitcommerce.com/products/resistance-bands-set,Transactional,7,4,1754,3.5,127,9,0.0709,0,0.0,0.0,0.0,6.91
2025-07-29,2025-07,fitcommerce.com/products/resistance-bands-set,Transactional,7,4,1754,7.1,145,3,0.0207,0,0.0,0.0,0.0,6.91
2025-07-30,2025-07,fitcommerce.com/products/resistance-bands-set,Transactional,7,4,1754,7.6,127,6,0.0472,0,0.0,0.0,0.0,6.91
2025-07-31,2025-07,fitcommerce.com/products/resistance-bands-set,Transactional,7,4,1754,4.5,123,5,0.0407,0,0.0,0.0,0.0,6.91
2024-08-01,2024-08,fitcommerce.com/products/smart-fitness-watch,Transactional,5,4,3526,9.2,175,7,0.04,0,0.0,0.0,0.0,
2024-08-02,2024-08,fitcommerce.com/products/smart-fitness-watch,Transactional,5,4,3526,13.3,153,6,0.0392,0,0.0,0.0,0.0,
2024-08-03,2024-08,fitcommerce.com/products/smart-fitness-watch,Transactional,5,4,3526,15.4,147,4,0.0272,1,152.74,38.18,25.0,
2024-08-04,2024-08,fitcommerce.com/products/smart-fitness-watch,Transactional,5,4,3526,16.9,146,11,0.0753,1,186.92,16.99,9.09,
2024-08-05,2024-08,fitcommerce.com/products/smart-fitness-watch,Transactional,5,4,3526,14.6,140,3,0.0214,0,0.0,0.0,0.0,
2024-08-06,2024-08,fitcommerce.com/products/smart-fitness-watch,Transactional,5,4,3526,16.6,155,2,0.0129,1,186.6,93.3,50.0,
2024-08-07,2024-08,fitcommerce.com/products/smart-fitness-watch,Transactional,5,4,3526,11.2,151,7,0.0464,0,0.0,0.0,0.0,
2024-08-08,2024-08,fitcommerce.com/products/smart-fitness-watch,Transactional,5,4,3526,16.7,156,3,0.0192,1,171.08,57.03,33.33,
2024-08-09,2024-08,fitcommerce.com/products/smart-fitness-watch,Transactional,5,4,3526,13.8,164,10,0.061,0,0.0,0.0,0.0,
2024-08-10,2024-08,fitcommerce.com/products/smart-fitness-watch,Transactional,5,4,3526,8.4,145,6,0.0414,1,179.32,29.89,16.67,
2024-08-11,2024-08,fitcommerce.com/products/smart-fitness-watch,Transactional,5,4,3526,12.8,161,9,0.0559,0,0.0,0.0,0.0,
2024-08-12,2024-08,fitcommerce.com/products/smart-fitness-watch,Transactional,5,4,3526,16.0,144,7,0.0486,0,0.0,0.0,0.0,
2024-08-13,2024-08,fitcommerce.com/products/smart-fitness-watch,Transactional,5,4,3526,9.9,131,5,0.0382,0,0.0,0.0,0.0,
2024-08-14,2024-08,fitcommerce.com/products/smart-fitness-watch,Transactional,5,4,3526,12.4,149,6,0.0403,0,0.0,0.0,0.0,
2024-08-15,2024-08,fitcommerce.com/products/smart-fitness-watch,Transactional,5,4,3526,11.6,164,8,0.0488,0,0.0,0.0,0.0,
2024-08-16,2024-08,fitcommerce.com/products/smart-fitness-watch,Transactional,5,4,3526,13.5,141,5,0.0355,0,0.0,0.0,0.0,
2024-08-17,2024-08,fitcommerce.com/products/smart-fitness-watch,Transactional,5,4,3526,18.4,172,9,0.0523,0,0.0,0.0,0.0,
2024-08-18,2024-08,fitcommerce.com/products/smart-fitness-watch,Transactional,5,4,3526,15.6,171,11,0.0643,1,153.49,13.95,9.09,
2024-08-19,2024-08,fitcommerce.com/products/smart-fitness-watch,Transactional,5,4,3526,8.4,164,8,0.0488,1,160.09,20.01,12.5,
2024-08-20,2024-08,fitcommerce.com/products/smart-fitness-watch,Transactional,5,4,3526,14.2,129,5,0.0388,0,0.0,0.0,0.0,
2024-08-21,2024-08,fitcommerce.com/products/smart-fitness-watch,Transactional,5,4,3526,11.3,155,8,0.0516,2,319.91,39.99,25.0,
2024-08-22,2024-08,fitcommerce.com/products/smart-fitness-watch,Transactional,5,4,3526,13.4,153,11,0.0719,0,0.0,0.0,0.0,
2024-08-23,2024-08,fitcommerce.com/products/smart-fitness-watch,Transactional,5,4,3526,14.8,148,6,0.0405,1,169.73,28.29,16.67,
2024-08-24,2024-08,fitcommerce.com/products/smart-fitness-watch,Transactional,5,4,3526,9.8,146,3,0.0205,0,0.0,0.0,0.0,
2024-08-25,2024-08,fitcommerce.com/products/smart-fitness-watch,Transactional,5,4,3526,15.9,140,8,0.0571,0,0.0,0.0,0.0,
2024-08-26,2024-08,fitcommerce.com/products/smart-fitness-watch,Transactional,5,4,3526,11.6,130,5,0.0385,0,0.0,0.0,0.0,
2024-08-27,2024-08,fitcommerce.com/products/smart-fitness-watch,Transactional,5,4,3526,14.9,170,10,0.0588,2,364.88,36.49,20.0,
2024-08-28,2024-08,fitcommerce.com/products/smart-fitness-watch,Transactional,5,4,3526,16.6,172,11,0.064,0,0.0,0.0,0.0,
2024-08-29,2024-08,fitcommerce.com/products/smart-fitness-watch,Transactional,5,4,3526,14.1,151,3,0.0199,0,0.0,0.0,0.0,
2024-08-30,2024-08,fitcommerce.com/products/smart-fitness-watch,Transactional,5,4,3526,10.3,149,6,0.0403,0,0.0,0.0,0.0,
2024-08-31,2024-08,fitcommerce.com/products/smart-fitness-watch,Transactional,5,4,3526,9.6,136,7,0.0515,0,0.0,0.0,0.0,
2024-09-01,2024-09,fitcommerce.com/products/smart-fitness-watch,Transactional,5,4,3526,7.6,160,7,0.0437,0,0.0,0.0,0.0,-13.81
2024-09-02,2024-09,fitcommerce.com/products/smart-fitness-watch,Transactional,5,4,3526,12.3,146,5,0.0342,0,0.0,0.0,0.0,-13.81
2024-09-03,2024-09,fitcommerce.com/products/smart-fitness-watch,Transactional,5,4,3526,10.4,129,4,0.031,0,0.0,0.0,0.0,-13.81
2024-09-04,2024-09,fitcommerce.com/products/smart-fitness-watch,Transactional,5,4,3526,15.0,137,3,0.0219,0,0.0,0.0,0.0,-13.81
2024-09-05,2024-09,fitcommerce.com/products/smart-fitness-watch,Transactional,5,4,3526,15.2,169,11,0.0651,1,169.27,15.39,9.09,-13.81
2024-09-06,2024-09,fitcommerce.com/products/smart-fitness-watch,Transactional,5,4,3526,13.3,130,8,0.0615,0,0.0,0.0,0.0,-13.81
2024-09-07,2024-09,fitcommerce.com/products/smart-fitness-watch,Transactional,5,4,3526,17.5,138,9,0.0652,0,0.0,0.0,0.0,-13.81
2024-09-08,2024-09,fitcommerce.com/products/smart-fitness-watch,Transactional,5,4,3526,15.0,172,4,0.0233,0,0.0,0.0,0.0,-13.81
2024-09-09,2024-09,fitcommerce.com/products/smart-fitness-watch,Transactional,5,4,3526,11.3,136,3,0.0221,0,0.0,0.0,0.0,-13.81
2024-09-10,2024-09,fitcommerce.com/products/smart-fitness-watch,Transactional,5,4,3526,13.7,129,7,0.0543,1,183.06,26.15,14.29,-13.81
2024-09-11,2024-09,fitcommerce.com/products/smart-fitness-watch,Transactional,5,4,3526,16.7,168,8,0.0476,1,171.48,21.44,12.5,-13.81
2024-09-12,2024-09,fitcommerce.com/products/smart-fitness-watch,Transactional,5,4,3526,12.8,131,4,0.0305,0,0.0,0.0,0.0,-13.81
2024-09-13,2024-09,fitcommerce.com/products/smart-fitness-watch,Transactional,5,4,3526,16.0,155,5,0.0323,0,0.0,0.0,0.0,-13.81
2024-09-14,2024-09,fitcommerce.com/products/smart-fitness-watch,Transactional,5,4,3526,13.4,171,5,0.0292,0,0.0,0.0,0.0,-13.81
2024-09-15,2024-09,fitcommerce.com/products/smart-fitness-watch,Transactional,5,4,3526,10.5,151,4,0.0265,0,0.0,0.0,0.0,-13.81
2024-09-16,2024-09,fitcommerce.com/products/smart-fitness-watch,Transactional,5,4,3526,10.3,143,6,0.042,0,0.0,0.0,0.0,-13.81
2024-09-17,2024-09,fitcommerce.com/products/smart-fitness-watch,Transactional,5,4,3526,17.2,130,8,0.0615,0,0.0,0.0,0.0,-13.81
2024-09-18,2024-09,fitcommerce.com/products/smart-fitness-watch,Transactional,5,4,3526,9.5,139,4,0.0288,0,0.0,0.0,0.0,-13.81
2024-09-19,2024-09,fitcommerce.com/products/smart-fitness-watch,Transactional,5,4,3526,13.7,144,8,0.0556,0,0.0,0.0,0.0,-13.81
2024-09-20,2024-09,fitcommerce.com/products/smart-fitness-watch,Transactional,5,4,3526,14.3,146,6,0.0411,1,140.56,23.43,16.67,-13.81
2024-09-21,2024-09,fitcommerce.com/products/smart-fitness-watch,Transactional,5,4,3526,13.6,141,5,0.0355,0,0.0,0.0,0.0,-13.81
2024-09-22,2024-09,fitcommerce.com/products/smart-fitness-watch,Transactional,5,4,3526,13.6,169,12,0.071,0,0.0,0.0,0.0,-13.81
2024-09-23,2024-09,fitcommerce.com/products/smart-fitness-watch,Transactional,5,4,3526,11.0,147,5,0.034,0,0.0,0.0,0.0,-13.81
2024-09-24,2024-09,fitcommerce.com/products/smart-fitness-watch,Transactional,5,4,3526,10.1,138,8,0.058,0,0.0,0.0,0.0,-13.81
2024-09-25,2024-09,fitcommerce.com/products/smart-fitness-watch,Transactional,5,4,3526,8.2,168,8,0.0476,0,0.0,0.0,0.0,-13.81
2024-09-26,2024-09,fitcommerce.com/products/smart-fitness-watch,Transactional,5,4,3526,15.8,134,5,0.0373,0,0.0,0.0,0.0,-13.81
2024-09-27,2024-09,fitcommerce.com/products/smart-fitness-watch,Transactional,5,4,3526,20.1,157,6,0.0382,0,0.0,0.0,0.0,-13.81
2024-09-28,2024-09,fitcommerce.com/products/smart-fitness-watch,Transactional,5,4,3526,14.9,153,3,0.0196,0,0.0,0.0,0.0,-13.81
2024-09-29,2024-09,fitcommerce.com/products/smart-fitness-watch,Transactional,5,4,3526,12.9,144,10,0.0694,0,0.0,0.0,0.0,-13.81
2024-09-30,2024-09,fitcommerce.com/products/smart-fitness-watch,Transactional,5,4,3526,10.2,141,2,0.0142,0,0.0,0.0,0.0,-13.81
2024-10-01,2024-10,fitcommerce.com/products/smart-fitness-watch,Transactional,5,4,3526,14.6,147,7,0.0476,0,0.0,0.0,0.0,25.27
2024-10-02,2024-10,fitcommerce.com/products/smart-fitness-watch,Transactional,5,4,3526,16.6,136,5,0.0368,0,0.0,0.0,0.0,25.27
2024-10-03,2024-10,fitcommerce.com/products/smart-fitness-watch,Transactional,5,4,3526,13.1,138,8,0.058,0,0.0,0.0,0.0,25.27
2024-10-04,2024-10,fitcommerce.com/products/smart-fitness-watch,Transactional,5,4,3526,13.8,157,8,0.051,0,0.0,0.0,0.0,25.27
2024-10-05,2024-10,fitcommerce.com/products/smart-fitness-watch,Transactional,5,4,3526,10.0,155,7,0.0452,2,338.4,48.34,28.57,25.27
2024-10-06,2024-10,fitcommerce.com/products/smart-fitness-watch,Transactional,5,4,3526,17.3,173,7,0.0405,0,0.0,0.0,0.0,25.27
2024-10-07,2024-10,fitcommerce.com/products/smart-fitness-watch,Transactional,5,4,3526,11.6,169,8,0.0473,0,0.0,0.0,0.0,25.27
2024-10-08,2024-10,fitcommerce.com/products/smart-fitness-watch,Transactional,5,4,3526,13.5,144,6,0.0417,0,0.0,0.0,0.0,25.27
2024-10-09,2024-10,fitcommerce.com/products/smart-fitness-watch,Transactional,5,4,3526,14.5,172,4,0.0233,2,298.56,74.64,50.0,25.27
2024-10-10,2024-10,fitcommerce.com/products/smart-fitness-watch,Transactional,5,4,3526,7.9,147,3,0.0204,0,0.0,0.0,0.0,25.27
2024-10-11,2024-10,fitcommerce.com/products/smart-fitness-watch,Transactional,5,4,3526,11.0,148,3,0.0203,1,164.05,54.68,33.33,25.27
2024-10-12,2024-10,fitcommerce.com/products/smart-fitness-watch,Transactional,5,4,3526,13.8,160,6,0.0375,0,0.0,0.0,0.0,25.27
2024-10-13,2024-10,fitcommerce.com/products/smart-fitness-watch,Transactional,5,4,3526,13.3,169,6,0.0355,0,0.0,0.0,0.0,25.27
2024-10-14,2024-10,fitcommerce.com/products/smart-fitness-watch,Transactional,5,4,3526,10.6,141,3,0.0213,0,0.0,0.0,0.0,25.27
2024-10-15,2024-10,fitcommerce.com/products/smart-fitness-watch,Transactional,5,4,3526,14.6,137,4,0.0292,1,143.9,35.98,25.0,25.27
2024-10-16,2024-10,fitcommerce.com/products/smart-fitness-watch,Transactional,5,4,3526,18.7,165,5,0.0303,0,0.0,0.0,0.0,25.27
2024-10-17,2024-10,fitcommerce.com/products/smart-fitness-watch,Transactional,5,4,3526,13.5,146,8,0.0548,0,0.0,0.0,0.0,25.27
2024-10-18,2024-10,fitcommerce.com/products/smart-fitness-watch,Transactional,5,4,3526,14.2,168,3,0.0179,0,0.0,0.0,0.0,25.27
2024-10-19,2024-10,fitcommerce.com/products/smart-fitness-watch,Transactional,5,4,3526,6.1,139,7,0.0504,1,187.66,26.81,14.29,25.27
2024-10-20,2024-10,fitcommerce.com/products/smart-fitness-watch,Transactional,5,4,3526,14.8,168,10,0.0595,1,158.85,15.88,10.0,25.27
2024-10-21,2024-10,fitcommerce.com/products/smart-fitness-watch,Transactional,5,4,3526,16.0,153,8,0.0523,1,154.66,19.33,12.5,25.27
2024-10-22,2024-10,fitcommerce.com/products/smart-fitness-watch,Transactional,5,4,3526,11.1,164,8,0.0488,0,0.0,0.0,0.0,25.27
2024-10-23,2024-10,fitcommerce.com/products/smart-fitness-watch,Transactional,5,4,3526,6.6,177,11,0.0621,0,0.0,0.0,0.0,25.27
2024-10-24,2024-10,fitcommerce.com/products/smart-fitness-watch,Transactional,5,4,3526,14.5,170,9,0.0529,0,0.0,0.0,0.0,25.27
2024-10-25,2024-10,fitcommerce.com/products/smart-fitness-watch,Transactional,5,4,3526,9.3,178,10,0.0562,0,0.0,0.0,0.0,25.27
2024-10-26,2024-10,fitcommerce.com/products/smart-fitness-watch,Transactional,5,4,3526,15.1,143,5,0.035,0,0.0,0.0,0.0,25.27
2024-10-27,2024-10,fitcommerce.com/products/smart-fitness-watch,Transactional,5,4,3526,9.9,143,8,0.0559,0,0.0,0.0,0.0,25.27
2024-10-28,2024-10,fitcommerce.com/products/smart-fitness-watch,Transactional,5,4,3526,11.6,169,3,0.0178,0,0.0,0.0,0.0,25.27
2024-10-29,2024-10,fitcommerce.com/products/smart-fitness-watch,Transactional,5,4,3526,16.3,151,9,0.0596,1,143.13,15.9,11.11,25.27
2024-10-30,2024-10,fitcommerce.com/products/smart-fitness-watch,Transactional,5,4,3526,12.6,148,8,0.0541,0,0.0,0.0,0.0,25.27
2024-10-31,2024-10,fitcommerce.com/products/smart-fitness-watch,Transactional,5,4,3526,9.2,184,9,0.0489,0,0.0,0.0,0.0,25.27
2024-11-01,2024-11,fitcommerce.com/products/smart-fitness-watch,Transactional,5,4,3526,7.3,175,4,0.0229,1,175.69,43.92,25.0,13.64
2024-11-02,2024-11,fitcommerce.com/products/smart-fitness-watch,Transactional,5,4,3526,10.0,170,4,0.0235,0,0.0,0.0,0.0,13.64
2024-11-03,2024-11,fitcommerce.com/products/smart-fitness-watch,Transactional,5,4,3526,9.0,142,6,0.0423,0,0.0,0.0,0.0,13.64
2024-11-04,2024-11,fitcommerce.com/products/smart-fitness-watch,Transactional,5,4,3526,9.1,151,3,0.0199,1,156.27,52.09,33.33,13.64
2024-11-05,2024-11,fitcommerce.com/products/smart-fitness-watch,Transactional,5,4,3526,13.3,184,14,0.0761,2,333.89,23.85,14.29,13.64
2024-11-06,2024-11,fitcommerce.com/products/smart-fitness-watch,Transactional,5,4,3526,11.1,161,4,0.0248,0,0.0,0.0,0.0,13.64
2024-11-07,2024-11,fitcommerce.com/products/smart-fitness-watch,Transactional,5,4,3526,15.0,177,4,0.0226,0,0.0,0.0,0.0,13.64
2024-11-08,2024-11,fitcommerce.com/products/smart-fitness-watch,Transactional,5,4,3526,9.3,168,9,0.0536,0,0.0,0.0,0.0,13.64
2024-11-09,2024-11,fitcommerce.com/products/smart-fitness-watch,Transactional,5,4,3526,15.4,164,7,0.0427,1,179.67,25.67,14.29,13.64
2024-11-10,2024-11,fitcommerce.com/products/smart-fitness-watch,Transactional,5,4,3526,9.2,191,14,0.0733,0,0.0,0.0,0.0,13.64
2024-11-11,2024-11,fitcommerce.com/products/smart-fitness-watch,Transactional,5,4,3526,9.4,191,10,0.0524,1,148.91,14.89,10.0,13.64
2024-11-12,2024-11,fitcommerce.com/products/smart-fitness-watch,Transactional,5,4,3526,7.1,164,6,0.0366,0,0.0,0.0,0.0,13.64
2024-11-13,2024-11,fitcommerce.com/products/smart-fitness-watch,Transactional,5,4,3526,9.8,198,5,0.0253,2,364.66,72.93,40.0,13.64
2024-11-14,2024-11,fitcommerce.com/products/smart-fitness-watch,Transactional,5,4,3526,12.0,154,4,0.026,1,142.98,35.74,25.0,13.64
2024-11-15,2024-11,fitcommerce.com/products/smart-fitness-watch,Transactional,5,4,3526,6.3,172,11,0.064,1,184.52,16.77,9.09,13.64
2024-11-16,2024-11,fitcommerce.com/products/smart-fitness-watch,Transactional,5,4,3526,9.4,167,8,0.0479,0,0.0,0.0,0.0,13.64
2024-11-17,2024-11,fitcommerce.com/products/smart-fitness-watch,Transactional,5,4,3526,10.7,151,8,0.053,2,316.06,39.51,25.0,13.64
2024-11-18,2024-11,fitcommerce.com/products/smart-fitness-watch,Transactional,5,4,3526,10.3,201,13,0.0647,0,0.0,0.0,0.0,13.64
2024-11-19,2024-11,fitcommerce.com/products/smart-fitness-watch,Transactional,5,4,3526,10.2,178,9,0.0506,0,0.0,0.0,0.0,13.64
2024-11-20,2024-11,fitcommerce.com/products/smart-fitness-watch,Transactional,5,4,3526,13.4,164,8,0.0488,0,0.0,0.0,0.0,13.64
2024-11-21,2024-11,fitcommerce.com/products/smart-fitness-watch,Transactional,5,4,3526,10.5,204,5,0.0245,2,286.31,57.26,40.0,13.64
2024-11-22,2024-11,fitcommerce.com/products/smart-fitness-watch,Transactional,5,4,3526,8.6,187,6,0.0321,0,0.0,0.0,0.0,13.64
2024-11-23,2024-11,fitcommerce.com/products/smart-fitness-watch,Transactional,5,4,3526,10.6,204,4,0.0196,0,0.0,0.0,0.0,13.64
2024-11-24,2024-11,fitcommerce.com/products/smart-fitness-watch,Transactional,5,4,3526,7.8,180,7,0.0389,0,0.0,0.0,0.0,13.64
2024-11-25,2024-11,fitcommerce.com/products/smart-fitness-watch,Transactional,5,4,3526,14.9,168,13,0.0774,0,0.0,0.0,0.0,13.64
2024-11-26,2024-11,fitcommerce.com/products/smart-fitness-watch,Transactional,5,4,3526,7.2,172,11,0.064,1,156.25,14.2,9.09,13.64
2024-11-27,2024-11,fitcommerce.com/products/smart-fitness-watch,Transactional,5,4,3526,11.8,161,12,0.0745,0,0.0,0.0,0.0,13.64
2024-11-28,2024-11,fitcommerce.com/products/smart-fitness-watch,Transactional,5,4,3526,9.2,175,6,0.0343,0,0.0,0.0,0.0,13.64
2024-11-29,2024-11,fitcommerce.com/products/smart-fitness-watch,Transactional,5,4,3526,12.2,191,12,0.0628,0,0.0,0.0,0.0,13.64
2024-11-30,2024-11,fitcommerce.com/products/smart-fitness-watch,Transactional,5,4,3526,9.4,179,10,0.0559,0,0.0,0.0,0.0,13.64
2024-12-01,2024-12,fitcommerce.com/products/smart-fitness-watch,Transactional,5,4,3526,14.2,171,5,0.0292,0,0.0,0.0,0.0,36.35
2024-12-02,2024-12,fitcommerce.com/products/smart-fitness-watch,Transactional,5,4,3526,9.2,173,6,0.0347,0,0.0,0.0,0.0,36.35
2024-12-03,2024-12,fitcommerce.com/products/smart-fitness-watch,Transactional,5,4,3526,8.6,216,12,0.0556,1,144.09,12.01,8.33,36.35
2024-12-04,2024-12,fitcommerce.com/products/smart-fitness-watch,Transactional,5,4,3526,10.3,192,9,0.0469,0,0.0,0.0,0.0,36.35
2024-12-05,2024-12,fitcommerce.com/products/smart-fitness-watch,Transactional,5,4,3526,7.1,217,8,0.0369,0,0.0,0.0,0.0,36.35
2024-12-06,2024-12,fitcommerce.com/products/smart-fitness-watch,Transactional,5,4,3526,10.2,175,4,0.0229,1,158.8,39.7,25.0,36.35
2024-12-07,2024-12,fitcommerce.com/products/smart-fitness-watch,Transactional,5,4,3526,12.7,180,3,0.0167,0,0.0,0.0,0.0,36.35
2024-12-08,2024-12,fitcommerce.com/products/smart-fitness-watch,Transactional,5,4,3526,12.5,194,9,0.0464,2,375.44,41.72,22.22,36.35
2024-12-09,2024-12,fitcommerce.com/products/smart-fitness-watch,Transactional,5,4,3526,10.2,178,5,0.0281,1,187.53,37.51,20.0,36.35
2024-12-10,2024-12,fitcommerce.com/products/smart-fitness-watch,Transactional,5,4,3526,8.0,221,10,0.0452,0,0.0,0.0,0.0,36.35
2024-12-11,2024-12,fitcommerce.com/products/smart-fitness-watch,Transactional,5,4,3526,17.4,223,4,0.0179,2,361.21,90.3,50.0,36.35
2024-12-12,2024-12,fitcommerce.com/products/smart-fitness-watch,Transactional,5,4,3526,14.8,171,7,0.0409,1,139.57,19.94,14.29,36.35
2024-12-13,2024-12,fitcommerce.com/products/smart-fitness-watch,Transactional,5,4,3526,10.9,211,10,0.0474,0,0.0,0.0,0.0,36.35
2024-12-14,2024-12,fitcommerce.com/products/smart-fitness-watch,Transactional,5,4,3526,8.8,178,11,0.0618,0,0.0,0.0,0.0,36.35
2024-12-15,2024-12,fitcommerce.com/products/smart-fitness-watch,Transactional,5,4,3526,14.2,190,11,0.0579,0,0.0,0.0,0.0,36.35
2024-12-16,2024-12,fitcommerce.com/products/smart-fitness-watch,Transactional,5,4,3526,9.6,225,9,0.04,0,0.0,0.0,0.0,36.35
2024-12-17,2024-12,fitcommerce.com/products/smart-fitness-watch,Transactional,5,4,3526,12.6,207,10,0.0483,1,161.19,16.12,10.0,36.35
2024-12-18,2024-12,fitcommerce.com/products/smart-fitness-watch,Transactional,5,4,3526,10.4,175,9,0.0514,1,155.38,17.26,11.11,36.35
2024-12-19,2024-12,fitcommerce.com/products/smart-fitness-watch,Transactional,5,4,3526,13.1,202,4,0.0198,0,0.0,0.0,0.0,36.35
2024-12-20,2024-12,fitcommerce.com/products/smart-fitness-watch,Transactional,5,4,3526,4.9,217,14,0.0645,0,0.0,0.0,0.0,36.35
2024-12-21,2024-12,fitcommerce.com/products/smart-fitness-watch,Transactional,5,4,3526,7.1,209,9,0.0431,0,0.0,0.0,0.0,36.35
2024-12-22,2024-12,fitcommerce.com/products/smart-fitness-watch,Transactional,5,4,3526,14.1,185,10,0.0541,1,184.77,18.48,10.0,36.35
2024-12-23,2024-12,fitcommerce.com/products/smart-fitness-watch,Transactional,5,4,3526,9.3,219,8,0.0365,1,159.58,19.95,12.5,36.35
2024-12-24,2024-12,fitcommerce.com/products/smart-fitness-watch,Transactional,5,4,3526,11.6,205,9,0.0439,0,0.0,0.0,0.0,36.35
2024-12-25,2024-12,fitcommerce.com/products/smart-fitness-watch,Transactional,5,4,3526,13.4,227,15,0.0661,1,139.68,9.31,6.67,36.35
2024-12-26,2024-12,fitcommerce.com/products/smart-fitness-watch,Transactional,5,4,3526,11.4,233,13,0.0558,1,139.72,10.75,7.69,36.35
2024-12-27,2024-12,fitcommerce.com/products/smart-fitness-watch,Transactional,5,4,3526,8.8,209,7,0.0335,1,172.9,24.7,14.29,36.35
2024-12-28,2024-12,fitcommerce.com/products/smart-fitness-watch,Transactional,5,4,3526,8.8,187,12,0.0642,1,163.96,13.66,8.33,36.35
2024-12-29,2024-12,fitcommerce.com/products/smart-fitness-watch,Transactional,5,4,3526,9.9,226,13,0.0575,0,0.0,0.0,0.0,36.35
2024-12-30,2024-12,fitcommerce.com/products/smart-fitness-watch,Transactional,5,4,3526,11.4,196,13,0.0663,1,147.27,11.33,7.69,36.35
2024-12-31,2024-12,fitcommerce.com/products/smart-fitness-watch,Transactional,5,4,3526,9.1,207,8,0.0386,0,0.0,0.0,0.0,36.35
2025-01-01,2025-01,fitcommerce.com/products/smart-fitness-watch,Transactional,5,4,3526,8.7,237,7,0.0295,0,0.0,0.0,0.0,2.94
2025-01-02,2025-01,fitcommerce.com/products/smart-fitness-watch,Transactional,5,4,3526,10.4,219,12,0.0548,0,0.0,0.0,0.0,2.94
2025-01-03,2025-01,fitcommerce.com/products/smart-fitness-watch,Transactional,5,4,3526,9.1,236,12,0.0508,0,0.0,0.0,0.0,2.94
2025-01-04,2025-01,fitcommerce.com/products/smart-fitness-watch,Transactional,5,4,3526,9.3,251,15,0.0598,0,0.0,0.0,0.0,2.94
2025-01-05,2025-01,fitcommerce.com/products/smart-fitness-watch,Transactional,5,4,3526,11.0,254,8,0.0315,0,0.0,0.0,0.0,2.94
2025-01-06,2025-01,fitcommerce.com/products/smart-fitness-watch,Transactional,5,4,3526,7.0,234,8,0.0342,0,0.0,0.0,0.0,2.94
2025-01-07,2025-01,fitcommerce.com/products/smart-fitness-watch,Transactional,5,4,3526,17.4,246,8,0.0325,0,0.0,0.0,0.0,2.94
2025-01-08,2025-01,fitcommerce.com/products/smart-fitness-watch,Transactional,5,4,3526,15.9,227,13,0.0573,0,0.0,0.0,0.0,2.94
2025-01-09,2025-01,fitcommerce.com/products/smart-fitness-watch,Transactional,5,4,3526,7.4,202,12,0.0594,1,158.1,13.18,8.33,2.94
2025-01-10,2025-01,fitcommerce.com/products/smart-fitness-watch,Transactional,5,4,3526,14.1,242,4,0.0165,1,175.38,43.84,25.0,2.94
2025-01-11,2025-01,fitcommerce.com/products/smart-fitness-watch,Transactional,5,4,3526,10.8,230,15,0.0652,0,0.0,0.0,0.0,2.94
2025-01-12,2025-01,fitcommerce.com/products/smart-fitness-watch,Transactional,5,4,3526,12.1,228,6,0.0263,1,186.99,31.17,16.67,2.94
2025-01-13,2025-01,fitcommerce.com/products/smart-fitness-watch,Transactional,5,4,3526,10.2,258,17,0.0659,1,179.48,10.56,5.88,2.94
2025-01-14,2025-01,fitcommerce.com/products/smart-fitness-watch,Transactional,5,4,3526,9.6,243,12,0.0494,1,180.97,15.08,8.33,2.94
2025-01-15,2025-01,fitcommerce.com/products/smart-fitness-watch,Transactional,5,4,3526,11.2,232,5,0.0216,0,0.0,0.0,0.0,2.94
2025-01-16,2025-01,fitcommerce.com/products/smart-fitness-watch,Transactional,5,4,3526,10.9,223,9,0.0404,0,0.0,0.0,0.0,2.94
2025-01-17,2025-01,fitcommerce.com/products/smart-fitness-watch,Transactional,5,4,3526,8.4,211,10,0.0474,0,0.0,0.0,0.0,2.94
2025-01-18,2025-01,fitcommerce.com/products/smart-fitness-watch,Transactional,5,4,3526,9.7,239,12,0.0502,0,0.0,0.0,0.0,2.94
2025-01-19,2025-01,fitcommerce.com/products/smart-fitness-watch,Transactional,5,4,3526,15.3,235,9,0.0383,1,150.75,16.75,11.11,2.94
2025-01-20,2025-01,fitcommerce.com/products/smart-fitness-watch,Transactional,5,4,3526,11.5,248,11,0.0444,0,0.0,0.0,0.0,2.94
2025-01-21,2025-01,fitcommerce.com/products/smart-fitness-watch,Transactional,5,4,3526,12.3,211,8,0.0379,0,0.0,0.0,0.0,2.94
2025-01-22,2025-01,fitcommerce.com/products/smart-fitness-watch,Transactional,5,4,3526,6.4,263,5,0.019,0,0.0,0.0,0.0,2.94
2025-01-23,2025-01,fitcommerce.com/products/smart-fitness-watch,Transactional,5,4,3526,12.8,209,4,0.0191,0,0.0,0.0,0.0,2.94
2025-01-24,2025-01,fitcommerce.com/products/smart-fitness-watch,Transactional,5,4,3526,10.2,268,11,0.041,1,179.84,16.35,9.09,2.94
2025-01-25,2025-01,fitcommerce.com/products/smart-fitness-watch,Transactional,5,4,3526,13.0,219,11,0.0502,0,0.0,0.0,0.0,2.94
2025-01-26,2025-01,fitcommerce.com/products/smart-fitness-watch,Transactional,5,4,3526,13.3,265,6,0.0226,0,0.0,0.0,0.0,2.94
2025-01-27,2025-01,fitcommerce.com/products/smart-fitness-watch,Transactional,5,4,3526,11.2,216,11,0.0509,1,171.24,15.57,9.09,2.94
2025-01-28,2025-01,fitcommerce.com/products/smart-fitness-watch,Transactional,5,4,3526,7.9,238,8,0.0336,0,0.0,0.0,0.0,2.94
2025-01-29,2025-01,fitcommerce.com/products/smart-fitness-watch,Transactional,5,4,3526,7.1,279,9,0.0323,2,345.96,38.44,22.22,2.94
2025-01-30,2025-01,fitcommerce.com/products/smart-fitness-watch,Transactional,5,4,3526,12.5,259,7,0.027,0,0.0,0.0,0.0,2.94
2025-01-31,2025-01,fitcommerce.com/products/smart-fitness-watch,Transactional,5,4,3526,11.8,257,11,0.0428,2,286.22,26.02,18.18,2.94
2025-02-01,2025-02,fitcommerce.com/products/smart-fitness-watch,Transactional,5,4,3526,11.3,282,8,0.0284,1,177.34,22.17,12.5,-3.77
2025-02-02,2025-02,fitcommerce.com/products/smart-fitness-watch,Transactional,5,4,3526,10.3,266,13,0.0489,0,0.0,0.0,0.0,-3.77
2025-02-03,2025-02,fitcommerce.com/products/smart-fitness-watch,Transactional,5,4,3526,9.6,246,13,0.0528,0,0.0,0.0,0.0,-3.77
2025-02-04,2025-02,fitcommerce.com/products/smart-fitness-watch,Transactional,5,4,3526,12.2,276,12,0.0435,0,0.0,0.0,0.0,-3.77
2025-02-05,2025-02,fitcommerce.com/products/smart-fitness-watch,Transactional,5,4,3526,15.9,238,12,0.0504,0,0.0,0.0,0.0,-3.77
2025-02-06,2025-02,fitcommerce.com/products/smart-fitness-watch,Transactional,5,4,3526,6.9,269,12,0.0446,1,171.63,14.3,8.33,-3.77
2025-02-07,2025-02,fitcommerce.com/products/smart-fitness-watch,Transactional,5,4,3526,10.2,282,10,0.0355,2,358.0,35.8,20.0,-3.77
2025-02-08,2025-02,fitcommerce.com/products/smart-fitness-watch,Transactional,5,4,3526,5.7,285,12,0.0421,0,0.0,0.0,0.0,-3.77
2025-02-09,2025-02,fitcommerce.com/products/smart-fitness-watch,Transactional,5,4,3526,8.4,225,11,0.0489,1,159.24,14.48,9.09,-3.77
2025-02-10,2025-02,fitcommerce.com/products/smart-fitness-watch,Transactional,5,4,3526,12.5,257,7,0.0272,0,0.0,0.0,0.0,-3.77
2025-02-11,2025-02,fitcommerce.com/products/smart-fitness-watch,Transactional,5,4,3526,11.0,280,14,0.05,0,0.0,0.0,0.0,-3.77
2025-02-12,2025-02,fitcommerce.com/products/smart-fitness-watch,Transactional,5,4,3526,12.7,249,11,0.0442,0,0.0,0.0,0.0,-3.77
2025-02-13,2025-02,fitcommerce.com/products/smart-fitness-watch,Transactional,5,4,3526,11.8,264,11,0.0417,1,174.79,15.89,9.09,-3.77
2025-02-14,2025-02,fitcommerce.com/products/smart-fitness-watch,Transactional,5,4,3526,9.1,264,7,0.0265,2,308.15,44.02,28.57,-3.77
2025-02-15,2025-02,fitcommerce.com/products/smart-fitness-watch,Transactional,5,4,3526,10.6,295,18,0.061,0,0.0,0.0,0.0,-3.77
2025-02-16,2025-02,fitcommerce.com/products/smart-fitness-watch,Transactional,5,4,3526,7.1,232,13,0.056,0,0.0,0.0,0.0,-3.77
2025-02-17,2025-02,fitcommerce.com/products/smart-fitness-watch,Transactional,5,4,3526,9.8,244,9,0.0369,1,171.95,19.11,11.11,-3.77
2025-02-18,2025-02,fitcommerce.com/products/smart-fitness-watch,Transactional,5,4,3526,14.7,238,7,0.0294,0,0.0,0.0,0.0,-3.77
2025-02-19,2025-02,fitcommerce.com/products/smart-fitness-watch,Transactional,5,4,3526,11.2,237,12,0.0506,1,182.54,15.21,8.33,-3.77
2025-02-20,2025-02,fitcommerce.com/products/smart-fitness-watch,Transactional,5,4,3526,10.8,299,18,0.0602,0,0.0,0.0,0.0,-3.77
2025-02-21,2025-02,fitcommerce.com/products/smart-fitness-watch,Transactional,5,4,3526,9.9,237,9,0.038,0,0.0,0.0,0.0,-3.77
2025-02-22,2025-02,fitcommerce.com/products/smart-fitness-watch,Transactional,5,4,3526,10.3,263,5,0.019,0,0.0,0.0,0.0,-3.77
2025-02-23,2025-02,fitcommerce.com/products/smart-fitness-watch,Transactional,5,4,3526,11.5,255,11,0.0431,0,0.0,0.0,0.0,-3.77
2025-02-24,2025-02,fitcommerce.com/products/smart-fitness-watch,Transactional,5,4,3526,12.9,264,18,0.0682,0,0.0,0.0,0.0,-3.77
2025-02-25,2025-02,fitcommerce.com/products/smart-fitness-watch,Transactional,5,4,3526,10.7,239,10,0.0418,1,155.75,15.58,10.0,-3.77
2025-02-26,2025-02,fitcommerce.com/products/smart-fitness-watch,Transactional,5,4,3526,9.3,300,9,0.03,1,165.56,18.4,11.11,-3.77
2025-02-27,2025-02,fitcommerce.com/products/smart-fitness-watch,Transactional,5,4,3526,9.4,300,17,0.0567,1,153.68,9.04,5.88,-3.77
2025-02-28,2025-02,fitcommerce.com/products/smart-fitness-watch,Transactional,5,4,3526,12.2,276,5,0.0181,0,0.0,0.0,0.0,-3.77
2025-03-01,2025-03,fitcommerce.com/products/smart-fitness-watch,Transactional,5,4,3526,12.0,291,11,0.0378,0,0.0,0.0,0.0,5.24
2025-03-02,2025-03,fitcommerce.com/products/smart-fitness-watch,Transactional,5,4,3526,7.1,232,11,0.0474,0,0.0,0.0,0.0,5.24
2025-03-03,2025-03,fitcommerce.com/products/smart-fitness-watch,Transactional,5,4,3526,6.1,249,9,0.0361,1,177.92,19.77,11.11,5.24
2025-03-04,2025-03,fitcommerce.com/products/smart-fitness-watch,Transactional,5,4,3526,6.9,313,13,0.0415,0,0.0,0.0,0.0,5.24
2025-03-05,2025-03,fitcommerce.com/products/smart-fitness-watch,Transactional,5,4,3526,10.8,270,15,0.0556,1,148.62,9.91,6.67,5.24
2025-03-06,2025-03,fitcommerce.com/products/smart-fitness-watch,Transactional,5,4,3526,9.2,285,11,0.0386,0,0.0,0.0,0.0,5.24
2025-03-07,2025-03,fitcommerce.com/products/smart-fitness-watch,Transactional,5,4,3526,19.5,247,11,0.0445,1,168.55,15.32,9.09,5.24
2025-03-08,2025-03,fitcommerce.com/products/smart-fitness-watch,Transactional,5,4,3526,11.0,260,19,0.0731,2,305.61,16.08,10.53,5.24
2025-03-09,2025-03,fitcommerce.com/products/smart-fitness-watch,Transactional,5,4,3526,6.4,297,5,0.0168,1,175.09,35.02,20.0,5.24
2025-03-10,2025-03,fitcommerce.com/products/smart-fitness-watch,Transactional,5,4,3526,10.1,319,8,0.0251,2,288.76,36.1,25.0,5.24
2025-03-11,2025-03,fitcommerce.com/products/smart-fitness-watch,Transactional,5,4,3526,5.2,268,11,0.041,1,142.11,12.92,9.09,5.24
2025-03-12,2025-03,fitcommerce.com/products/smart-fitness-watch,Transactional,5,4,3526,8.6,313,8,0.0256,0,0.0,0.0,0.0,5.24
2025-03-13,2025-03,fitcommerce.com/products/smart-fitness-watch,Transactional,5,4,3526,4.4,309,12,0.0388,0,0.0,0.0,0.0,5.24
2025-03-14,2025-03,fitcommerce.com/products/smart-fitness-watch,Transactional,5,4,3526,10.9,270,7,0.0259,0,0.0,0.0,0.0,5.24
2025-03-15,2025-03,fitcommerce.com/products/smart-fitness-watch,Transactional,5,4,3526,5.4,243,12,0.0494,0,0.0,0.0,0.0,5.24
2025-03-16,2025-03,fitcommerce.com/products/smart-fitness-watch,Transactional,5,4,3526,18.6,300,6,0.02,2,302.29,50.38,33.33,5.24
2025-03-17,2025-03,fitcommerce.com/products/smart-fitness-watch,Transactional,5,4,3526,5.8,259,12,0.0463,0,0.0,0.0,0.0,5.24
2025-03-18,2025-03,fitcommerce.com/products/smart-fitness-watch,Transactional,5,4,3526,11.1,315,21,0.0667,0,0.0,0.0,0.0,5.24
2025-03-19,2025-03,fitcommerce.com/products/smart-fitness-watch,Transactional,5,4,3526,12.6,272,7,0.0257,1,153.81,21.97,14.29,5.24
2025-03-20,2025-03,fitcommerce.com/products/smart-fitness-watch,Transactional,5,4,3526,6.2,288,18,0.0625,1,185.37,10.3,5.56,5.24
2025-03-21,2025-03,fitcommerce.com/products/smart-fitness-watch,Transactional,5,4,3526,9.0,302,13,0.043,1,153.39,11.8,7.69,5.24
2025-03-22,2025-03,fitcommerce.com/products/smart-fitness-watch,Transactional,5,4,3526,4.9,283,18,0.0636,1,151.62,8.42,5.56,5.24
2025-03-23,2025-03,fitcommerce.com/products/smart-fitness-watch,Transactional,5,4,3526,6.2,272,6,0.0221,1,149.13,24.86,16.67,5.24
2025-03-24,2025-03,fitcommerce.com/products/smart-fitness-watch,Transactional,5,4,3526,10.5,309,25,0.0809,1,145.38,5.82,4.0,5.24
2025-03-25,2025-03,fitcommerce.com/products/smart-fitness-watch,Transactional,5,4,3526,15.7,261,18,0.069,0,0.0,0.0,0.0,5.24
2025-03-26,2025-03,fitcommerce.com/products/smart-fitness-watch,Transactional,5,4,3526,3.4,318,13,0.0409,0,0.0,0.0,0.0,5.24
2025-03-27,2025-03,fitcommerce.com/products/smart-fitness-watch,Transactional,5,4,3526,10.8,288,12,0.0417,1,139.54,11.63,8.33,5.24
2025-03-28,2025-03,fitcommerce.com/products/smart-fitness-watch,Transactional,5,4,3526,11.9,300,7,0.0233,0,0.0,0.0,0.0,5.24
2025-03-29,2025-03,fitcommerce.com/products/smart-fitness-watch,Transactional,5,4,3526,14.6,256,6,0.0234,0,0.0,0.0,0.0,5.24
2025-03-30,2025-03,fitcommerce.com/products/smart-fitness-watch,Transactional,5,4,3526,4.8,254,9,0.0354,0,0.0,0.0,0.0,5.24
2025-03-31,2025-03,fitcommerce.com/products/smart-fitness-watch,Transactional,5,4,3526,7.9,332,17,0.0512,1,167.45,9.85,5.88,5.24
2025-04-01,2025-04,fitcommerce.com/products/smart-fitness-watch,Transactional,5,4,3526,9.0,332,11,0.0331,0,0.0,0.0,0.0,-5.74
2025-04-02,2025-04,fitcommerce.com/products/smart-fitness-watch,Transactional,5,4,3526,4.6,304,7,0.023,1,173.86,24.84,14.29,-5.74
2025-04-03,2025-04,fitcommerce.com/products/smart-fitness-watch,Transactional,5,4,3526,10.7,252,8,0.0317,1,155.12,19.39,12.5,-5.74
2025-04-04,2025-04,fitcommerce.com/products/smart-fitness-watch,Transactional,5,4,3526,11.9,307,8,0.0261,0,0.0,0.0,0.0,-5.74
2025-04-05,2025-04,fitcommerce.com/products/smart-fitness-watch,Transactional,5,4,3526,15.1,283,9,0.0318,0,0.0,0.0,0.0,-5.74
2025-04-06,2025-04,fitcommerce.com/products/smart-fitness-watch,Transactional,5,4,3526,5.4,307,18,0.0586,1,168.01,9.33,5.56,-5.74
2025-04-07,2025-04,fitcommerce.com/products/smart-fitness-watch,Transactional,5,4,3526,15.4,287,10,0.0348,1,156.84,15.68,10.0,-5.74
2025-04-08,2025-04,fitcommerce.com/products/smart-fitness-watch,Transactional,5,4,3526,7.1,291,12,0.0412,1,149.89,12.49,8.33,-5.74
2025-04-09,2025-04,fitcommerce.com/products/smart-fitness-watch,Transactional,5,4,3526,11.7,309,11,0.0356,0,0.0,0.0,0.0,-5.74
2025-04-10,2025-04,fitcommerce.com/products/smart-fitness-watch,Transactional,5,4,3526,13.0,290,9,0.031,0,0.0,0.0,0.0,-5.74
2025-04-11,2025-04,fitcommerce.com/products/smart-fitness-watch,Transactional,5,4,3526,6.0,308,10,0.0325,1,146.36,14.64,10.0,-5.74
2025-04-12,2025-04,fitcommerce.com/products/smart-fitness-watch,Transactional,5,4,3526,9.3,266,6,0.0226,0,0.0,0.0,0.0,-5.74
2025-04-13,2025-04,fitcommerce.com/products/smart-fitness-watch,Transactional,5,4,3526,10.4,269,7,0.026,1,172.35,24.62,14.29,-5.74
2025-04-14,2025-04,fitcommerce.com/products/smart-fitness-watch,Transactional,5,4,3526,5.6,306,6,0.0196,0,0.0,0.0,0.0,-5.74
2025-04-15,2025-04,fitcommerce.com/products/smart-fitness-watch,Transactional,5,4,3526,13.4,312,13,0.0417,1,174.89,13.45,7.69,-5.74
2025-04-16,2025-04,fitcommerce.com/products/smart-fitness-watch,Transactional,5,4,3526,4.7,307,8,0.0261,0,0.0,0.0,0.0,-5.74
2025-04-17,2025-04,fitcommerce.com/products/smart-fitness-watch,Transactional,5,4,3526,8.3,303,23,0.0759,1,169.48,7.37,4.35,-5.74
2025-04-18,2025-04,fitcommerce.com/products/smart-fitness-watch,Transactional,5,4,3526,9.2,304,10,0.0329,2,335.18,33.52,20.0,-5.74
2025-04-19,2025-04,fitcommerce.com/products/smart-fitness-watch,Transactional,5,4,3526,4.6,282,17,0.0603,0,0.0,0.0,0.0,-5.74
2025-04-20,2025-04,fitcommerce.com/products/smart-fitness-watch,Transactional,5,4,3526,13.2,283,12,0.0424,0,0.0,0.0,0.0,-5.74
2025-04-21,2025-04,fitcommerce.com/products/smart-fitness-watch,Transactional,5,4,3526,14.4,280,13,0.0464,0,0.0,0.0,0.0,-5.74
2025-04-22,2025-04,fitcommerce.com/products/smart-fitness-watch,Transactional,5,4,3526,15.9,327,14,0.0428,0,0.0,0.0,0.0,-5.74
2025-04-23,2025-04,fitcommerce.com/products/smart-fitness-watch,Transactional,5,4,3526,9.5,251,15,0.0598,1,140.78,9.39,6.67,-5.74
2025-04-24,2025-04,fitcommerce.com/products/smart-fitness-watch,Transactional,5,4,3526,1.9,281,7,0.0249,0,0.0,0.0,0.0,-5.74
2025-04-25,2025-04,fitcommerce.com/products/smart-fitness-watch,Transactional,5,4,3526,9.3,310,15,0.0484,0,0.0,0.0,0.0,-5.74
2025-04-26,2025-04,fitcommerce.com/products/smart-fitness-watch,Transactional,5,4,3526,4.6,303,15,0.0495,1,176.18,11.75,6.67,-5.74
2025-04-27,2025-04,fitcommerce.com/products/smart-fitness-watch,Transactional,5,4,3526,6.5,301,15,0.0498,0,0.0,0.0,0.0,-5.74
2025-04-28,2025-04,fitcommerce.com/products/smart-fitness-watch,Transactional,5,4,3526,11.1,257,14,0.0545,1,178.13,12.72,7.14,-5.74
2025-04-29,2025-04,fitcommerce.com/products/smart-fitness-watch,Transactional,5,4,3526,15.5,324,7,0.0216,1,145.24,20.75,14.29,-5.74
2025-04-30,2025-04,fitcommerce.com/products/smart-fitness-watch,Transactional,5,4,3526,12.5,300,19,0.0633,0,0.0,0.0,0.0,-5.74
2025-05-01,2025-05,fitcommerce.com/products/smart-fitness-watch,Transactional,5,4,3526,4.7,333,24,0.0721,2,331.22,13.8,8.33,4.19
2025-05-02,2025-05,fitcommerce.com/products/smart-fitness-watch,Transactional,5,4,3526,7.8,252,6,0.0238,1,170.87,28.48,16.67,4.19
2025-05-03,2025-05,fitcommerce.com/products/smart-fitness-watch,Transactional,5,4,3526,12.0,271,13,0.048,1,148.05,11.39,7.69,4.19
2025-05-04,2025-05,fitcommerce.com/products/smart-fitness-watch,Transactional,5,4,3526,7.0,283,13,0.0459,0,0.0,0.0,0.0,4.19
2025-05-05,2025-05,fitcommerce.com/products/smart-fitness-watch,Transactional,5,4,3526,13.5,304,15,0.0493,0,0.0,0.0,0.0,4.19
2025-05-06,2025-05,fitcommerce.com/products/smart-fitness-watch,Transactional,5,4,3526,8.6,306,8,0.0261,0,0.0,0.0,0.0,4.19
2025-05-07,2025-05,fitcommerce.com/products/smart-fitness-watch,Transactional,5,4,3526,8.3,294,19,0.0646,2,291.64,15.35,10.53,4.19
2025-05-08,2025-05,fitcommerce.com/products/smart-fitness-watch,Transactional,5,4,3526,5.7,319,11,0.0345,0,0.0,0.0,0.0,4.19
2025-05-09,2025-05,fitcommerce.com/products/smart-fitness-watch,Transactional,5,4,3526,8.2,255,15,0.0588,0,0.0,0.0,0.0,4.19
2025-05-10,2025-05,fitcommerce.com/products/smart-fitness-watch,Transactional,5,4,3526,11.5,264,6,0.0227,1,183.42,30.57,16.67,4.19
2025-05-11,2025-05,fitcommerce.com/products/smart-fitness-watch,Transactional,5,4,3526,7.8,311,20,0.0643,0,0.0,0.0,0.0,4.19
2025-05-12,2025-05,fitcommerce.com/products/smart-fitness-watch,Transactional,5,4,3526,5.4,307,13,0.0423,0,0.0,0.0,0.0,4.19
2025-05-13,2025-05,fitcommerce.com/products/smart-fitness-watch,Transactional,5,4,3526,8.7,293,15,0.0512,1,150.13,10.01,6.67,4.19
2025-05-14,2025-05,fitcommerce.com/products/smart-fitness-watch,Transactional,5,4,3526,9.4,313,14,0.0447,0,0.0,0.0,0.0,4.19
2025-05-15,2025-05,fitcommerce.com/products/smart-fitness-watch,Transactional,5,4,3526,14.8,327,17,0.052,1,161.34,9.49,5.88,4.19
2025-05-16,2025-05,fitcommerce.com/products/smart-fitness-watch,Transactional,5,4,3526,5.9,320,6,0.0187,0,0.0,0.0,0.0,4.19
2025-05-17,2025-05,fitcommerce.com/products/smart-fitness-watch,Transactional,5,4,3526,9.8,313,5,0.016,1,164.16,32.83,20.0,4.19
2025-05-18,2025-05,fitcommerce.com/products/smart-fitness-watch,Transactional,5,4,3526,12.4,299,19,0.0635,0,0.0,0.0,0.0,4.19
2025-05-19,2025-05,fitcommerce.com/products/smart-fitness-watch,Transactional,5,4,3526,13.0,282,4,0.0142,0,0.0,0.0,0.0,4.19
2025-05-20,2025-05,fitcommerce.com/products/smart-fitness-watch,Transactional,5,4,3526,9.8,294,15,0.051,0,0.0,0.0,0.0,4.19
2025-05-21,2025-05,fitcommerce.com/products/smart-fitness-watch,Transactional,5,4,3526,14.5,253,8,0.0316,1,185.26,23.16,12.5,4.19
2025-05-22,2025-05,fitcommerce.com/products/smart-fitness-watch,Transactional,5,4,3526,12.1,310,16,0.0516,1,147.47,9.22,6.25,4.19
2025-05-23,2025-05,fitcommerce.com/products/smart-fitness-watch,Transactional,5,4,3526,5.6,262,14,0.0534,1,152.58,10.9,7.14,4.19
2025-05-24,2025-05,fitcommerce.com/products/smart-fitness-watch,Transactional,5,4,3526,4.8,274,12,0.0438,1,180.08,15.01,8.33,4.19
2025-05-25,2025-05,fitcommerce.com/products/smart-fitness-watch,Transactional,5,4,3526,12.7,264,8,0.0303,0,0.0,0.0,0.0,4.19
2025-05-26,2025-05,fitcommerce.com/products/smart-fitness-watch,Transactional,5,4,3526,3.5,324,11,0.034,0,0.0,0.0,0.0,4.19
2025-05-27,2025-05,fitcommerce.com/products/smart-fitness-watch,Transactional,5,4,3526,7.6,310,20,0.0645,0,0.0,0.0,0.0,4.19
2025-05-28,2025-05,fitcommerce.com/products/smart-fitness-watch,Transactional,5,4,3526,9.7,319,13,0.0408,0,0.0,0.0,0.0,4.19
2025-05-29,2025-05,fitcommerce.com/products/smart-fitness-watch,Transactional,5,4,3526,15.1,301,18,0.0598,0,0.0,0.0,0.0,4.19
2025-05-30,2025-05,fitcommerce.com/products/smart-fitness-watch,Transactional,5,4,3526,4.3,322,18,0.0559,1,140.25,7.79,5.56,4.19
2025-05-31,2025-05,fitcommerce.com/products/smart-fitness-watch,Transactional,5,4,3526,12.1,329,14,0.0426,0,0.0,0.0,0.0,4.19
2025-06-01,2025-06,fitcommerce.com/products/smart-fitness-watch,Transactional,5,4,3526,9.1,272,11,0.0404,1,152.58,13.87,9.09,-11.06
2025-06-02,2025-06,fitcommerce.com/products/smart-fitness-watch,Transactional,5,4,3526,7.9,272,10,0.0368,0,0.0,0.0,0.0,-11.06
2025-06-03,2025-06,fitcommerce.com/products/smart-fitness-watch,Transactional,5,4,3526,7.3,257,14,0.0545,0,0.0,0.0,0.0,-11.06
2025-06-04,2025-06,fitcommerce.com/products/smart-fitness-watch,Transactional,5,4,3526,6.1,293,5,0.0171,1,143.22,28.64,20.0,-11.06
2025-06-05,2025-06,fitcommerce.com/products/smart-fitness-watch,Transactional,5,4,3526,11.6,248,16,0.0645,1,185.16,11.57,6.25,-11.06
2025-06-06,2025-06,fitcommerce.com/products/smart-fitness-watch,Transactional,5,4,3526,12.1,299,13,0.0435,0,0.0,0.0,0.0,-11.06
2025-06-07,2025-06,fitcommerce.com/products/smart-fitness-watch,Transactional,5,4,3526,2.4,244,13,0.0533,1,183.62,14.12,7.69,-11.06
2025-06-08,2025-06,fitcommerce.com/products/smart-fitness-watch,Transactional,5,4,3526,9.1,264,14,0.053,0,0.0,0.0,0.0,-11.06
2025-06-09,2025-06,fitcommerce.com/products/smart-fitness-watch,Transactional,5,4,3526,12.1,314,12,0.0382,0,0.0,0.0,0.0,-11.06
2025-06-10,2025-06,fitcommerce.com/products/smart-fitness-watch,Transactional,5,4,3526,9.6,285,13,0.0456,0,0.0,0.0,0.0,-11.06
2025-06-11,2025-06,fitcommerce.com/products/smart-fitness-watch,Transactional,5,4,3526,16.1,303,17,0.0561,0,0.0,0.0,0.0,-11.06
2025-06-12,2025-06,fitcommerce.com/products/smart-fitness-watch,Transactional,5,4,3526,10.9,280,7,0.025,1,139.46,19.92,14.29,-11.06
2025-06-13,2025-06,fitcommerce.com/products/smart-fitness-watch,Transactional,5,4,3526,8.0,302,9,0.0298,1,156.02,17.34,11.11,-11.06
2025-06-14,2025-06,fitcommerce.com/products/smart-fitness-watch,Transactional,5,4,3526,10.7,288,20,0.0694,0,0.0,0.0,0.0,-11.06
2025-06-15,2025-06,fitcommerce.com/products/smart-fitness-watch,Transactional,5,4,3526,11.3,273,13,0.0476,0,0.0,0.0,0.0,-11.06
2025-06-16,2025-06,fitcommerce.com/products/smart-fitness-watch,Transactional,5,4,3526,12.9,267,4,0.015,0,0.0,0.0,0.0,-11.06
2025-06-17,2025-06,fitcommerce.com/products/smart-fitness-watch,Transactional,5,4,3526,5.1,283,16,0.0565,0,0.0,0.0,0.0,-11.06
2025-06-18,2025-06,fitcommerce.com/products/smart-fitness-watch,Transactional,5,4,3526,7.1,274,7,0.0255,0,0.0,0.0,0.0,-11.06
2025-06-19,2025-06,fitcommerce.com/products/smart-fitness-watch,Transactional,5,4,3526,9.1,255,16,0.0627,0,0.0,0.0,0.0,-11.06
2025-06-20,2025-06,fitcommerce.com/products/smart-fitness-watch,Transactional,5,4,3526,9.9,313,6,0.0192,1,161.75,26.96,16.67,-11.06
2025-06-21,2025-06,fitcommerce.com/products/smart-fitness-watch,Transactional,5,4,3526,11.1,310,7,0.0226,1,178.21,25.46,14.29,-11.06
2025-06-22,2025-06,fitcommerce.com/products/smart-fitness-watch,Transactional,5,4,3526,8.6,279,11,0.0394,1,164.0,14.91,9.09,-11.06
2025-06-23,2025-06,fitcommerce.com/products/smart-fitness-watch,Transactional,5,4,3526,11.1,234,11,0.047,2,296.03,26.91,18.18,-11.06
2025-06-24,2025-06,fitcommerce.com/products/smart-fitness-watch,Transactional,5,4,3526,9.6,251,11,0.0438,0,0.0,0.0,0.0,-11.06
2025-06-25,2025-06,fitcommerce.com/products/smart-fitness-watch,Transactional,5,4,3526,7.9,283,8,0.0283,0,0.0,0.0,0.0,-11.06
2025-06-26,2025-06,fitcommerce.com/products/smart-fitness-watch,Transactional,5,4,3526,3.3,282,8,0.0284,0,0.0,0.0,0.0,-11.06
2025-06-27,2025-06,fitcommerce.com/products/smart-fitness-watch,Transactional,5,4,3526,6.6,257,11,0.0428,0,0.0,0.0,0.0,-11.06
2025-06-28,2025-06,fitcommerce.com/products/smart-fitness-watch,Transactional,5,4,3526,10.1,266,9,0.0338,1,140.32,15.59,11.11,-11.06
2025-06-29,2025-06,fitcommerce.com/products/smart-fitness-watch,Transactional,5,4,3526,10.3,252,18,0.0714,0,0.0,0.0,0.0,-11.06
2025-06-30,2025-06,fitcommerce.com/products/smart-fitness-watch,Transactional,5,4,3526,5.2,238,10,0.042,1,161.93,16.19,10.0,-11.06
2025-07-01,2025-07,fitcommerce.com/products/smart-fitness-watch,Transactional,5,4,3526,6.4,284,13,0.0458,0,0.0,0.0,0.0,6.91
2025-07-02,2025-07,fitcommerce.com/products/smart-fitness-watch,Transactional,5,4,3526,8.1,288,14,0.0486,0,0.0,0.0,0.0,6.91
2025-07-03,2025-07,fitcommerce.com/products/smart-fitness-watch,Transactional,5,4,3526,9.0,249,8,0.0321,0,0.0,0.0,0.0,6.91
2025-07-04,2025-07,fitcommerce.com/products/smart-fitness-watch,Transactional,5,4,3526,8.9,270,9,0.0333,1,142.09,15.79,11.11,6.91
2025-07-05,2025-07,fitcommerce.com/products/smart-fitness-watch,Transactional,5,4,3526,2.4,299,7,0.0234,0,0.0,0.0,0.0,6.91
2025-07-06,2025-07,fitcommerce.com/products/smart-fitness-watch,Transactional,5,4,3526,8.4,302,6,0.0199,0,0.0,0.0,0.0,6.91
2025-07-07,2025-07,fitcommerce.com/products/smart-fitness-watch,Transactional,5,4,3526,12.7,271,8,0.0295,0,0.0,0.0,0.0,6.91
2025-07-08,2025-07,fitcommerce.com/products/smart-fitness-watch,Transactional,5,4,3526,11.4,226,13,0.0575,0,0.0,0.0,0.0,6.91
2025-07-09,2025-07,fitcommerce.com/products/smart-fitness-watch,Transactional,5,4,3526,6.7,245,6,0.0245,0,0.0,0.0,0.0,6.91
2025-07-10,2025-07,fitcommerce.com/products/smart-fitness-watch,Transactional,5,4,3526,7.8,234,14,0.0598,1,183.54,13.11,7.14,6.91
2025-07-11,2025-07,fitcommerce.com/products/smart-fitness-watch,Transactional,5,4,3526,4.4,245,4,0.0163,0,0.0,0.0,0.0,6.91
2025-07-12,2025-07,fitcommerce.com/products/smart-fitness-watch,Transactional,5,4,3526,7.7,265,10,0.0377,0,0.0,0.0,0.0,6.91
2025-07-13,2025-07,fitcommerce.com/products/smart-fitness-watch,Transactional,5,4,3526,4.8,296,13,0.0439,0,0.0,0.0,0.0,6.91
2025-07-14,2025-07,fitcommerce.com/products/smart-fitness-watch,Transactional,5,4,3526,3.5,281,13,0.0463,0,0.0,0.0,0.0,6.91
2025-07-15,2025-07,fitcommerce.com/products/smart-fitness-watch,Transactional,5,4,3526,4.7,297,11,0.037,2,341.33,31.03,18.18,6.91
2025-07-16,2025-07,fitcommerce.com/products/smart-fitness-watch,Transactional,5,4,3526,7.6,291,7,0.0241,0,0.0,0.0,0.0,6.91
2025-07-17,2025-07,fitcommerce.com/products/smart-fitness-watch,Transactional,5,4,3526,9.3,269,13,0.0483,0,0.0,0.0,0.0,6.91
2025-07-18,2025-07,fitcommerce.com/products/smart-fitness-watch,Transactional,5,4,3526,11.9,256,5,0.0195,0,0.0,0.0,0.0,6.91
2025-07-19,2025-07,fitcommerce.com/products/smart-fitness-watch,Transactional,5,4,3526,5.6,285,16,0.0561,2,375.57,23.47,12.5,6.91
2025-07-20,2025-07,fitcommerce.com/products/smart-fitness-watch,Transactional,5,4,3526,8.7,221,8,0.0362,0,0.0,0.0,0.0,6.91
2025-07-21,2025-07,fitcommerce.com/products/smart-fitness-watch,Transactional,5,4,3526,3.3,281,9,0.032,1,174.46,19.38,11.11,6.91
2025-07-22,2025-07,fitcommerce.com/products/smart-fitness-watch,Transactional,5,4,3526,3.9,237,5,0.0211,0,0.0,0.0,0.0,6.91
2025-07-23,2025-07,fitcommerce.com/products/smart-fitness-watch,Transactional,5,4,3526,4.3,223,5,0.0224,0,0.0,0.0,0.0,6.91
2025-07-24,2025-07,fitcommerce.com/products/smart-fitness-watch,Transactional,5,4,3526,11.7,294,8,0.0272,1,166.53,20.82,12.5,6.91
2025-07-25,2025-07,fitcommerce.com/products/smart-fitness-watch,Transactional,5,4,3526,8.9,245,5,0.0204,0,0.0,0.0,0.0,6.91
2025-07-26,2025-07,fitcommerce.com/products/smart-fitness-watch,Transactional,5,4,3526,11.6,259,13,0.0502,0,0.0,0.0,0.0,6.91
2025-07-27,2025-07,fitcommerce.com/products/smart-fitness-watch,Transactional,5,4,3526,15.1,267,4,0.015,1,148.6,37.15,25.0,6.91
2025-07-28,2025-07,fitcommerce.com/products/smart-fitness-watch,Transactional,5,4,3526,3.1,284,8,0.0282,1,170.24,21.28,12.5,6.91
2025-07-29,2025-07,fitcommerce.com/products/smart-fitness-watch,Transactional,5,4,3526,5.4,232,8,0.0345,0,0.0,0.0,0.0,6.91
2025-07-30,2025-07,fitcommerce.com/products/smart-fitness-watch,Transactional,5,4,3526,7.7,254,14,0.0551,1,164.3,11.74,7.14,6.91
2025-07-31,2025-07,fitcommerce.com/products/smart-fitness-watch,Transactional,5,4,3526,3.5,252,17,0.0675,2,359.11,21.12,11.76,6.91
2024-08-01,2024-08,fitcommerce.com/products/trail-running-shoes,Transactional,1,4,1902,13.0,110,2,0.0182,0,0.0,0.0,0.0,
2024-08-02,2024-08,fitcommerce.com/products/trail-running-shoes,Transactional,1,4,1902,11.6,97,4,0.0412,0,0.0,0.0,0.0,
2024-08-03,2024-08,fitcommerce.com/products/trail-running-shoes,Transactional,1,4,1902,5.9,105,5,0.0476,0,0.0,0.0,0.0,
2024-08-04,2024-08,fitcommerce.com/products/trail-running-shoes,Transactional,1,4,1902,14.7,93,4,0.043,0,0.0,0.0,0.0,
2024-08-05,2024-08,fitcommerce.com/products/trail-running-shoes,Transactional,1,4,1902,10.6,108,5,0.0463,0,0.0,0.0,0.0,
2024-08-06,2024-08,fitcommerce.com/products/trail-running-shoes,Transactional,1,4,1902,16.4,92,5,0.0543,0,0.0,0.0,0.0,
2024-08-07,2024-08,fitcommerce.com/products/trail-running-shoes,Transactional,1,4,1902,7.6,119,8,0.0672,0,0.0,0.0,0.0,
2024-08-08,2024-08,fitcommerce.com/products/trail-running-shoes,Transactional,1,4,1902,13.2,117,4,0.0342,0,0.0,0.0,0.0,
2024-08-09,2024-08,fitcommerce.com/products/trail-running-shoes,Transactional,1,4,1902,13.2,119,7,0.0588,0,0.0,0.0,0.0,
2024-08-10,2024-08,fitcommerce.com/products/trail-running-shoes,Transactional,1,4,1902,11.6,118,6,0.0508,0,0.0,0.0,0.0,
2024-08-11,2024-08,fitcommerce.com/products/trail-running-shoes,Transactional,1,4,1902,15.2,93,5,0.0538,0,0.0,0.0,0.0,
2024-08-12,2024-08,fitcommerce.com/products/trail-running-shoes,Transactional,1,4,1902,13.8,93,4,0.043,0,0.0,0.0,0.0,
2024-08-13,2024-08,fitcommerce.com/products/trail-running-shoes,Transactional,1,4,1902,10.4,103,6,0.0583,0,0.0,0.0,0.0,
2024-08-14,2024-08,fitcommerce.com/products/trail-running-shoes,Transactional,1,4,1902,11.5,102,3,0.0294,0,0.0,0.0,0.0,
2024-08-15,2024-08,fitcommerce.com/products/trail-running-shoes,Transactional,1,4,1902,17.4,103,4,0.0388,0,0.0,0.0,0.0,
2024-08-16,2024-08,fitcommerce.com/products/trail-running-shoes,Transactional,1,4,1902,16.4,91,2,0.022,0,0.0,0.0,0.0,
2024-08-17,2024-08,fitcommerce.com/products/trail-running-shoes,Transactional,1,4,1902,14.3,106,2,0.0189,0,0.0,0.0,0.0,
2024-08-18,2024-08,fitcommerce.com/products/trail-running-shoes,Transactional,1,4,1902,18.0,93,5,0.0538,0,0.0,0.0,0.0,
2024-08-19,2024-08,fitcommerce.com/products/trail-running-shoes,Transactional,1,4,1902,10.0,116,7,0.0603,0,0.0,0.0,0.0,
2024-08-20,2024-08,fitcommerce.com/products/trail-running-shoes,Transactional,1,4,1902,13.6,112,6,0.0536,0,0.0,0.0,0.0,
2024-08-21,2024-08,fitcommerce.com/products/trail-running-shoes,Transactional,1,4,1902,14.5,96,3,0.0312,1,42.22,14.07,33.33,
2024-08-22,2024-08,fitcommerce.com/products/trail-running-shoes,Transactional,1,4,1902,14.0,115,6,0.0522,0,0.0,0.0,0.0,
2024-08-23,2024-08,fitcommerce.com/products/trail-running-shoes,Transactional,1,4,1902,13.1,119,6,0.0504,0,0.0,0.0,0.0,
2024-08-24,2024-08,fitcommerce.com/products/trail-running-shoes,Transactional,1,4,1902,9.7,113,3,0.0265,1,41.1,13.7,33.33,
2024-08-25,2024-08,fitcommerce.com/products/trail-running-shoes,Transactional,1,4,1902,15.8,100,2,0.02,0,0.0,0.0,0.0,
2024-08-26,2024-08,fitcommerce.com/products/trail-running-shoes,Transactional,1,4,1902,12.8,106,2,0.0189,1,42.21,21.1,50.0,
2024-08-27,2024-08,fitcommerce.com/products/trail-running-shoes,Transactional,1,4,1902,16.5,112,4,0.0357,0,0.0,0.0,0.0,
2024-08-28,2024-08,fitcommerce.com/products/trail-running-shoes,Transactional,1,4,1902,15.0,99,4,0.0404,0,0.0,0.0,0.0,
2024-08-29,2024-08,fitcommerce.com/products/trail-running-shoes,Transactional,1,4,1902,10.7,120,5,0.0417,0,0.0,0.0,0.0,
2024-08-30,2024-08,fitcommerce.com/products/trail-running-shoes,Transactional,1,4,1902,11.3,112,3,0.0268,0,0.0,0.0,0.0,
2024-08-31,2024-08,fitcommerce.com/products/trail-running-shoes,Transactional,1,4,1902,15.2,98,5,0.051,0,0.0,0.0,0.0,
2024-09-01,2024-09,fitcommerce.com/products/trail-running-shoes,Transactional,1,4,1902,15.4,96,2,0.0208,0,0.0,0.0,0.0,-13.81
2024-09-02,2024-09,fitcommerce.com/products/trail-running-shoes,Transactional,1,4,1902,12.1,102,3,0.0294,0,0.0,0.0,0.0,-13.81
2024-09-03,2024-09,fitcommerce.com/products/trail-running-shoes,Transactional,1,4,1902,14.5,108,2,0.0185,0,0.0,0.0,0.0,-13.81
2024-09-04,2024-09,fitcommerce.com/products/trail-running-shoes,Transactional,1,4,1902,15.0,100,7,0.07,1,31.77,4.54,14.29,-13.81
2024-09-05,2024-09,fitcommerce.com/products/trail-running-shoes,Transactional,1,4,1902,12.1,122,8,0.0656,1,33.92,4.24,12.5,-13.81
2024-09-06,2024-09,fitcommerce.com/products/trail-running-shoes,Transactional,1,4,1902,16.4,98,3,0.0306,1,41.87,13.96,33.33,-13.81
2024-09-07,2024-09,fitcommerce.com/products/trail-running-shoes,Transactional,1,4,1902,10.5,116,8,0.069,0,0.0,0.0,0.0,-13.81
2024-09-08,2024-09,fitcommerce.com/products/trail-running-shoes,Transactional,1,4,1902,16.5,98,2,0.0204,0,0.0,0.0,0.0,-13.81
2024-09-09,2024-09,fitcommerce.com/products/trail-running-shoes,Transactional,1,4,1902,11.1,108,4,0.037,0,0.0,0.0,0.0,-13.81
2024-09-10,2024-09,fitcommerce.com/products/trail-running-shoes,Transactional,1,4,1902,16.8,97,2,0.0206,0,0.0,0.0,0.0,-13.81
2024-09-11,2024-09,fitcommerce.com/products/trail-running-shoes,Transactional,1,4,1902,14.7,91,5,0.0549,0,0.0,0.0,0.0,-13.81
2024-09-12,2024-09,fitcommerce.com/products/trail-running-shoes,Transactional,1,4,1902,17.7,108,6,0.0556,0,0.0,0.0,0.0,-13.81
2024-09-13,2024-09,fitcommerce.com/products/trail-running-shoes,Transactional,1,4,1902,18.0,122,6,0.0492,1,42.22,7.04,16.67,-13.81
2024-09-14,2024-09,fitcommerce.com/products/trail-running-shoes,Transactional,1,4,1902,14.8,113,3,0.0265,0,0.0,0.0,0.0,-13.81
2024-09-15,2024-09,fitcommerce.com/products/trail-running-shoes,Transactional,1,4,1902,13.2,120,4,0.0333,0,0.0,0.0,0.0,-13.81
2024-09-16,2024-09,fitcommerce.com/products/trail-running-shoes,Transactional,1,4,1902,16.0,97,8,0.0825,1,34.58,4.32,12.5,-13.81
2024-09-17,2024-09,fitcommerce.com/products/trail-running-shoes,Transactional,1,4,1902,14.3,113,4,0.0354,0,0.0,0.0,0.0,-13.81
2024-09-18,2024-09,fitcommerce.com/products/trail-running-shoes,Transactional,1,4,1902,14.3,105,6,0.0571,0,0.0,0.0,0.0,-13.81
2024-09-19,2024-09,fitcommerce.com/products/trail-running-shoes,Transactional,1,4,1902,12.1,96,4,0.0417,1,37.84,9.46,25.0,-13.81
2024-09-20,2024-09,fitcommerce.com/products/trail-running-shoes,Transactional,1,4,1902,13.8,113,5,0.0442,0,0.0,0.0,0.0,-13.81
2024-09-21,2024-09,fitcommerce.com/products/trail-running-shoes,Transactional,1,4,1902,9.5,110,3,0.0273,0,0.0,0.0,0.0,-13.81
2024-09-22,2024-09,fitcommerce.com/products/trail-running-shoes,Transactional,1,4,1902,14.1,106,6,0.0566,0,0.0,0.0,0.0,-13.81
2024-09-23,2024-09,fitcommerce.com/products/trail-running-shoes,Transactional,1,4,1902,16.5,114,7,0.0614,1,38.41,5.49,14.29,-13.81
2024-09-24,2024-09,fitcommerce.com/products/trail-running-shoes,Transactional,1,4,1902,9.2,122,5,0.041,0,0.0,0.0,0.0,-13.81
2024-09-25,2024-09,fitcommerce.com/products/trail-running-shoes,Transactional,1,4,1902,11.5,110,4,0.0364,0,0.0,0.0,0.0,-13.81
2024-09-26,2024-09,fitcommerce.com/products/trail-running-shoes,Transactional,1,4,1902,10.0,110,5,0.0455,0,0.0,0.0,0.0,-13.81
2024-09-27,2024-09,fitcommerce.com/products/trail-running-shoes,Transactional,1,4,1902,11.9,111,8,0.0721,1,36.37,4.55,12.5,-13.81
2024-09-28,2024-09,fitcommerce.com/products/trail-running-shoes,Transactional,1,4,1902,11.9,113,3,0.0265,0,0.0,0.0,0.0,-13.81
2024-09-29,2024-09,fitcommerce.com/products/trail-running-shoes,Transactional,1,4,1902,13.0,116,4,0.0345,1,33.22,8.3,25.0,-13.81
2024-09-30,2024-09,fitcommerce.com/products/trail-running-shoes,Transactional,1,4,1902,13.2,125,3,0.024,0,0.0,0.0,0.0,-13.81
2024-10-01,2024-10,fitcommerce.com/products/trail-running-shoes,Transactional,1,4,1902,12.5,108,5,0.0463,0,0.0,0.0,0.0,25.27
2024-10-02,2024-10,fitcommerce.com/products/trail-running-shoes,Transactional,1,4,1902,13.3,104,2,0.0192,0,0.0,0.0,0.0,25.27
2024-10-03,2024-10,fitcommerce.com/products/trail-running-shoes,Transactional,1,4,1902,13.2,124,2,0.0161,1,40.0,20.0,50.0,25.27
2024-10-04,2024-10,fitcommerce.com/products/trail-running-shoes,Transactional,1,4,1902,7.0,95,2,0.0211,0,0.0,0.0,0.0,25.27
2024-10-05,2024-10,fitcommerce.com/products/trail-running-shoes,Transactional,1,4,1902,11.5,97,2,0.0206,0,0.0,0.0,0.0,25.27
2024-10-06,2024-10,fitcommerce.com/products/trail-running-shoes,Transactional,1,4,1902,7.1,126,8,0.0635,1,38.94,4.87,12.5,25.27
2024-10-07,2024-10,fitcommerce.com/products/trail-running-shoes,Transactional,1,4,1902,10.8,120,4,0.0333,0,0.0,0.0,0.0,25.27
2024-10-08,2024-10,fitcommerce.com/products/trail-running-shoes,Transactional,1,4,1902,16.2,102,2,0.0196,1,34.47,17.24,50.0,25.27
2024-10-09,2024-10,fitcommerce.com/products/trail-running-shoes,Transactional,1,4,1902,8.7,96,3,0.0312,0,0.0,0.0,0.0,25.27
2024-10-10,2024-10,fitcommerce.com/products/trail-running-shoes,Transactional,1,4,1902,6.3,99,4,0.0404,1,36.64,9.16,25.0,25.27
2024-10-11,2024-10,fitcommerce.com/products/trail-running-shoes,Transactional,1,4,1902,11.6,114,5,0.0439,0,0.0,0.0,0.0,25.27
2024-10-12,2024-10,fitcommerce.com/products/trail-running-shoes,Transactional,1,4,1902,7.7,115,4,0.0348,0,0.0,0.0,0.0,25.27
2024-10-13,2024-10,fitcommerce.com/products/trail-running-shoes,Transactional,1,4,1902,14.3,112,2,0.0179,0,0.0,0.0,0.0,25.27
2024-10-14,2024-10,fitcommerce.com/products/trail-running-shoes,Transactional,1,4,1902,8.4,106,5,0.0472,0,0.0,0.0,0.0,25.27
2024-10-15,2024-10,fitcommerce.com/products/trail-running-shoes,Transactional,1,4,1902,5.0,121,6,0.0496,0,0.0,0.0,0.0,25.27
2024-10-16,2024-10,fitcommerce.com/products/trail-running-shoes,Transactional,1,4,1902,15.6,123,7,0.0569,0,0.0,0.0,0.0,25.27
2024-10-17,2024-10,fitcommerce.com/products/trail-running-shoes,Transactional,1,4,1902,12.3,130,7,0.0538,0,0.0,0.0,0.0,25.27
2024-10-18,2024-10,fitcommerce.com/products/trail-running-shoes,Transactional,1,4,1902,1.9,104,5,0.0481,0,0.0,0.0,0.0,25.27
2024-10-19,2024-10,fitcommerce.com/products/trail-running-shoes,Transactional,1,4,1902,7.5,126,5,0.0397,0,0.0,0.0,0.0,25.27
2024-10-20,2024-10,fitcommerce.com/products/trail-running-shoes,Transactional,1,4,1902,10.4,112,4,0.0357,0,0.0,0.0,0.0,25.27
2024-10-21,2024-10,fitcommerce.com/products/trail-running-shoes,Transactional,1,4,1902,12.9,105,6,0.0571,2,84.62,14.1,33.33,25.27
2024-10-22,2024-10,fitcommerce.com/products/trail-running-shoes,Transactional,1,4,1902,8.1,118,5,0.0424,0,0.0,0.0,0.0,25.27
2024-10-23,2024-10,fitcommerce.com/products/trail-running-shoes,Transactional,1,4,1902,13.8,118,4,0.0339,0,0.0,0.0,0.0,25.27
2024-10-24,2024-10,fitcommerce.com/products/trail-running-shoes,Transactional,1,4,1902,9.0,104,4,0.0385,0,0.0,0.0,0.0,25.27
2024-10-25,2024-10,fitcommerce.com/products/trail-running-shoes,Transactional,1,4,1902,9.6,106,5,0.0472,0,0.0,0.0,0.0,25.27
2024-10-26,2024-10,fitcommerce.com/products/trail-running-shoes,Transactional,1,4,1902,10.7,133,9,0.0677,1,42.38,4.71,11.11,25.27
2024-10-27,2024-10,fitcommerce.com/products/trail-running-shoes,Transactional,1,4,1902,8.7,129,4,0.031,2,67.58,16.9,50.0,25.27
2024-10-28,2024-10,fitcommerce.com/products/trail-running-shoes,Transactional,1,4,1902,13.2,121,8,0.0661,0,0.0,0.0,0.0,25.27
2024-10-29,2024-10,fitcommerce.com/products/trail-running-shoes,Transactional,1,4,1902,8.7,109,3,0.0275,0,0.0,0.0,0.0,25.27
2024-10-30,2024-10,fitcommerce.com/products/trail-running-shoes,Transactional,1,4,1902,12.5,111,2,0.018,0,0.0,0.0,0.0,25.27
2024-10-31,2024-10,fitcommerce.com/products/trail-running-shoes,Transactional,1,4,1902,12.7,125,6,0.048,1,37.05,6.18,16.67,25.27
2024-11-01,2024-11,fitcommerce.com/products/trail-running-shoes,Transactional,1,4,1902,14.1,119,3,0.0252,0,0.0,0.0,0.0,13.64
2024-11-02,2024-11,fitcommerce.com/products/trail-running-shoes,Transactional,1,4,1902,11.5,104,3,0.0288,0,0.0,0.0,0.0,13.64
2024-11-03,2024-11,fitcommerce.com/products/trail-running-shoes,Transactional,1,4,1902,16.3,112,7,0.0625,0,0.0,0.0,0.0,13.64
2024-11-04,2024-11,fitcommerce.com/products/trail-running-shoes,Transactional,1,4,1902,10.9,110,4,0.0364,1,32.34,8.09,25.0,13.64
2024-11-05,2024-11,fitcommerce.com/products/trail-running-shoes,Transactional,1,4,1902,15.0,126,9,0.0714,1,41.0,4.56,11.11,13.64
2024-11-06,2024-11,fitcommerce.com/products/trail-running-shoes,Transactional,1,4,1902,10.4,111,2,0.018,0,0.0,0.0,0.0,13.64
2024-11-07,2024-11,fitcommerce.com/products/trail-running-shoes,Transactional,1,4,1902,11.5,118,5,0.0424,0,0.0,0.0,0.0,13.64
2024-11-08,2024-11,fitcommerce.com/products/trail-running-shoes,Transactional,1,4,1902,14.1,125,2,0.016,0,0.0,0.0,0.0,13.64
2024-11-09,2024-11,fitcommerce.com/products/trail-running-shoes,Transactional,1,4,1902,6.7,127,6,0.0472,0,0.0,0.0,0.0,13.64
2024-11-10,2024-11,fitcommerce.com/products/trail-running-shoes,Transactional,1,4,1902,10.5,109,5,0.0459,0,0.0,0.0,0.0,13.64
2024-11-11,2024-11,fitcommerce.com/products/trail-running-shoes,Transactional,1,4,1902,15.0,131,3,0.0229,0,0.0,0.0,0.0,13.64
2024-11-12,2024-11,fitcommerce.com/products/trail-running-shoes,Transactional,1,4,1902,9.9,123,6,0.0488,0,0.0,0.0,0.0,13.64
2024-11-13,2024-11,fitcommerce.com/products/trail-running-shoes,Transactional,1,4,1902,13.5,138,4,0.029,0,0.0,0.0,0.0,13.64
2024-11-14,2024-11,fitcommerce.com/products/trail-running-shoes,Transactional,1,4,1902,11.6,124,2,0.0161,0,0.0,0.0,0.0,13.64
2024-11-15,2024-11,fitcommerce.com/products/trail-running-shoes,Transactional,1,4,1902,9.2,142,7,0.0493,0,0.0,0.0,0.0,13.64
2024-11-16,2024-11,fitcommerce.com/products/trail-running-shoes,Transactional,1,4,1902,7.6,111,8,0.0721,0,0.0,0.0,0.0,13.64
2024-11-17,2024-11,fitcommerce.com/products/trail-running-shoes,Transactional,1,4,1902,7.7,147,5,0.034,0,0.0,0.0,0.0,13.64
2024-11-18,2024-11,fitcommerce.com/products/trail-running-shoes,Transactional,1,4,1902,14.7,145,11,0.0759,1,34.05,3.1,9.09,13.64
2024-11-19,2024-11,fitcommerce.com/products/trail-running-shoes,Transactional,1,4,1902,14.2,141,4,0.0284,0,0.0,0.0,0.0,13.64
2024-11-20,2024-11,fitcommerce.com/products/trail-running-shoes,Transactional,1,4,1902,14.3,137,8,0.0584,0,0.0,0.0,0.0,13.64
2024-11-21,2024-11,fitcommerce.com/products/trail-running-shoes,Transactional,1,4,1902,8.7,127,2,0.0157,1,37.41,18.7,50.0,13.64
2024-11-22,2024-11,fitcommerce.com/products/trail-running-shoes,Transactional,1,4,1902,7.4,147,8,0.0544,0,0.0,0.0,0.0,13.64
2024-11-23,2024-11,fitcommerce.com/products/trail-running-shoes,Transactional,1,4,1902,7.8,130,7,0.0538,1,38.57,5.51,14.29,13.64
2024-11-24,2024-11,fitcommerce.com/products/trail-running-shoes,Transactional,1,4,1902,12.0,155,6,0.0387,0,0.0,0.0,0.0,13.64
2024-11-25,2024-11,fitcommerce.com/products/trail-running-shoes,Transactional,1,4,1902,13.5,126,5,0.0397,0,0.0,0.0,0.0,13.64
2024-11-26,2024-11,fitcommerce.com/products/trail-running-shoes,Transactional,1,4,1902,13.5,140,10,0.0714,0,0.0,0.0,0.0,13.64
2024-11-27,2024-11,fitcommerce.com/products/trail-running-shoes,Transactional,1,4,1902,12.9,148,2,0.0135,0,0.0,0.0,0.0,13.64
2024-11-28,2024-11,fitcommerce.com/products/trail-running-shoes,Transactional,1,4,1902,7.7,135,6,0.0444,0,0.0,0.0,0.0,13.64
2024-11-29,2024-11,fitcommerce.com/products/trail-running-shoes,Transactional,1,4,1902,7.7,156,9,0.0577,0,0.0,0.0,0.0,13.64
2024-11-30,2024-11,fitcommerce.com/products/trail-running-shoes,Transactional,1,4,1902,13.7,127,3,0.0236,1,33.97,11.32,33.33,13.64
2024-12-01,2024-12,fitcommerce.com/products/trail-running-shoes,Transactional,1,4,1902,11.6,138,7,0.0507,0,0.0,0.0,0.0,36.35
2024-12-02,2024-12,fitcommerce.com/products/trail-running-shoes,Transactional,1,4,1902,16.1,133,5,0.0376,1,31.77,6.35,20.0,36.35
2024-12-03,2024-12,fitcommerce.com/products/trail-running-shoes,Transactional,1,4,1902,11.3,147,5,0.034,0,0.0,0.0,0.0,36.35
2024-12-04,2024-12,fitcommerce.com/products/trail-running-shoes,Transactional,1,4,1902,7.9,161,6,0.0373,0,0.0,0.0,0.0,36.35
2024-12-05,2024-12,fitcommerce.com/products/trail-running-shoes,Transactional,1,4,1902,16.6,151,11,0.0728,0,0.0,0.0,0.0,36.35
2024-12-06,2024-12,fitcommerce.com/products/trail-running-shoes,Transactional,1,4,1902,13.3,162,6,0.037,0,0.0,0.0,0.0,36.35
2024-12-07,2024-12,fitcommerce.com/products/trail-running-shoes,Transactional,1,4,1902,11.4,124,8,0.0645,0,0.0,0.0,0.0,36.35
2024-12-08,2024-12,fitcommerce.com/products/trail-running-shoes,Transactional,1,4,1902,8.1,145,4,0.0276,0,0.0,0.0,0.0,36.35
2024-12-09,2024-12,fitcommerce.com/products/trail-running-shoes,Transactional,1,4,1902,12.1,135,3,0.0222,1,40.39,13.46,33.33,36.35
2024-12-10,2024-12,fitcommerce.com/products/trail-running-shoes,Transactional,1,4,1902,17.0,131,3,0.0229,0,0.0,0.0,0.0,36.35
2024-12-11,2024-12,fitcommerce.com/products/trail-running-shoes,Transactional,1,4,1902,10.6,140,10,0.0714,0,0.0,0.0,0.0,36.35
2024-12-12,2024-12,fitcommerce.com/products/trail-running-shoes,Transactional,1,4,1902,12.1,143,2,0.014,0,0.0,0.0,0.0,36.35
2024-12-13,2024-12,fitcommerce.com/products/trail-running-shoes,Transactional,1,4,1902,6.5,160,6,0.0375,0,0.0,0.0,0.0,36.35
2024-12-14,2024-12,fitcommerce.com/products/trail-running-shoes,Transactional,1,4,1902,12.7,155,6,0.0387,1,38.31,6.39,16.67,36.35
2024-12-15,2024-12,fitcommerce.com/products/trail-running-shoes,Transactional,1,4,1902,14.1,167,6,0.0359,0,0.0,0.0,0.0,36.35
2024-12-16,2024-12,fitcommerce.com/products/trail-running-shoes,Transactional,1,4,1902,9.1,146,3,0.0205,0,0.0,0.0,0.0,36.35
2024-12-17,2024-12,fitcommerce.com/products/trail-running-shoes,Transactional,1,4,1902,9.0,153,7,0.0458,0,0.0,0.0,0.0,36.35
2024-12-18,2024-12,fitcommerce.com/products/trail-running-shoes,Transactional,1,4,1902,6.7,170,9,0.0529,1,41.82,4.65,11.11,36.35
2024-12-19,2024-12,fitcommerce.com/products/trail-running-shoes,Transactional,1,4,1902,11.6,154,6,0.039,0,0.0,0.0,0.0,36.35
2024-12-20,2024-12,fitcommerce.com/products/trail-running-shoes,Transactional,1,4,1902,16.5,135,5,0.037,0,0.0,0.0,0.0,36.35
2024-12-21,2024-12,fitcommerce.com/products/trail-running-shoes,Transactional,1,4,1902,15.7,142,8,0.0563,0,0.0,0.0,0.0,36.35
2024-12-22,2024-12,fitcommerce.com/products/trail-running-shoes,Transactional,1,4,1902,12.1,138,4,0.029,0,0.0,0.0,0.0,36.35
2024-12-23,2024-12,fitcommerce.com/products/trail-running-shoes,Transactional,1,4,1902,9.9,165,11,0.0667,0,0.0,0.0,0.0,36.35
2024-12-24,2024-12,fitcommerce.com/products/trail-running-shoes,Transactional,1,4,1902,8.6,163,7,0.0429,1,35.46,5.07,14.29,36.35
2024-12-25,2024-12,fitcommerce.com/products/trail-running-shoes,Transactional,1,4,1902,9.1,177,8,0.0452,0,0.0,0.0,0.0,36.35
2024-12-26,2024-12,fitcommerce.com/products/trail-running-shoes,Transactional,1,4,1902,9.6,155,6,0.0387,0,0.0,0.0,0.0,36.35
2024-12-27,2024-12,fitcommerce.com/products/trail-running-shoes,Transactional,1,4,1902,9.3,171,3,0.0175,1,32.91,10.97,33.33,36.35
2024-12-28,2024-12,fitcommerce.com/products/trail-running-shoes,Transactional,1,4,1902,9.4,181,3,0.0166,0,0.0,0.0,0.0,36.35
2024-12-29,2024-12,fitcommerce.com/products/trail-running-shoes,Transactional,1,4,1902,10.5,149,9,0.0604,0,0.0,0.0,0.0,36.35
2024-12-30,2024-12,fitcommerce.com/products/trail-running-shoes,Transactional,1,4,1902,5.7,178,10,0.0562,0,0.0,0.0,0.0,36.35
2024-12-31,2024-12,fitcommerce.com/products/trail-running-shoes,Transactional,1,4,1902,14.5,187,14,0.0749,0,0.0,0.0,0.0,36.35
2025-01-01,2025-01,fitcommerce.com/products/trail-running-shoes,Transactional,1,4,1902,14.7,163,9,0.0552,0,0.0,0.0,0.0,2.94
2025-01-02,2025-01,fitcommerce.com/products/trail-running-shoes,Transactional,1,4,1902,9.5,177,8,0.0452,0,0.0,0.0,0.0,2.94
2025-01-03,2025-01,fitcommerce.com/products/trail-running-shoes,Transactional,1,4,1902,11.2,186,9,0.0484,0,0.0,0.0,0.0,2.94
2025-01-04,2025-01,fitcommerce.com/products/trail-running-shoes,Transactional,1,4,1902,12.3,167,7,0.0419,0,0.0,0.0,0.0,2.94
2025-01-05,2025-01,fitcommerce.com/products/trail-running-shoes,Transactional,1,4,1902,8.9,170,7,0.0412,0,0.0,0.0,0.0,2.94
2025-01-06,2025-01,fitcommerce.com/products/trail-running-shoes,Transactional,1,4,1902,14.8,176,5,0.0284,0,0.0,0.0,0.0,2.94
2025-01-07,2025-01,fitcommerce.com/products/trail-running-shoes,Transactional,1,4,1902,8.2,165,9,0.0545,0,0.0,0.0,0.0,2.94
2025-01-08,2025-01,fitcommerce.com/products/trail-running-shoes,Transactional,1,4,1902,10.5,197,8,0.0406,0,0.0,0.0,0.0,2.94
2025-01-09,2025-01,fitcommerce.com/products/trail-running-shoes,Transactional,1,4,1902,9.2,183,8,0.0437,0,0.0,0.0,0.0,2.94
2025-01-10,2025-01,fitcommerce.com/products/trail-running-shoes,Transactional,1,4,1902,8.1,199,6,0.0302,0,0.0,0.0,0.0,2.94
2025-01-11,2025-01,fitcommerce.com/products/trail-running-shoes,Transactional,1,4,1902,7.1,179,6,0.0335,0,0.0,0.0,0.0,2.94
2025-01-12,2025-01,fitcommerce.com/products/trail-running-shoes,Transactional,1,4,1902,7.7,160,7,0.0437,0,0.0,0.0,0.0,2.94
2025-01-13,2025-01,fitcommerce.com/products/trail-running-shoes,Transactional,1,4,1902,9.5,153,8,0.0523,0,0.0,0.0,0.0,2.94
2025-01-14,2025-01,fitcommerce.com/products/trail-running-shoes,Transactional,1,4,1902,9.0,161,4,0.0248,0,0.0,0.0,0.0,2.94
2025-01-15,2025-01,fitcommerce.com/products/trail-running-shoes,Transactional,1,4,1902,8.6,201,12,0.0597,1,39.24,3.27,8.33,2.94
2025-01-16,2025-01,fitcommerce.com/products/trail-running-shoes,Transactional,1,4,1902,9.0,157,3,0.0191,0,0.0,0.0,0.0,2.94
2025-01-17,2025-01,fitcommerce.com/products/trail-running-shoes,Transactional,1,4,1902,9.9,187,4,0.0214,1,35.73,8.93,25.0,2.94
2025-01-18,2025-01,fitcommerce.com/products/trail-running-shoes,Transactional,1,4,1902,11.1,173,3,0.0173,0,0.0,0.0,0.0,2.94
2025-01-19,2025-01,fitcommerce.com/products/trail-running-shoes,Transactional,1,4,1902,9.8,187,6,0.0321,0,0.0,0.0,0.0,2.94
2025-01-20,2025-01,fitcommerce.com/products/trail-running-shoes,Transactional,1,4,1902,8.2,173,10,0.0578,1,31.51,3.15,10.0,2.94
2025-01-21,2025-01,fitcommerce.com/products/trail-running-shoes,Transactional,1,4,1902,10.2,182,12,0.0659,0,0.0,0.0,0.0,2.94
2025-01-22,2025-01,fitcommerce.com/products/trail-running-shoes,Transactional,1,4,1902,4.1,172,6,0.0349,0,0.0,0.0,0.0,2.94
2025-01-23,2025-01,fitcommerce.com/products/trail-running-shoes,Transactional,1,4,1902,8.2,209,4,0.0191,0,0.0,0.0,0.0,2.94
2025-01-24,2025-01,fitcommerce.com/products/trail-running-shoes,Transactional,1,4,1902,4.2,203,4,0.0197,0,0.0,0.0,0.0,2.94
2025-01-25,2025-01,fitcommerce.com/products/trail-running-shoes,Transactional,1,4,1902,7.9,184,7,0.038,3,106.88,15.27,42.86,2.94
2025-01-26,2025-01,fitcommerce.com/products/trail-running-shoes,Transactional,1,4,1902,9.4,195,12,0.0615,0,0.0,0.0,0.0,2.94
2025-01-27,2025-01,fitcommerce.com/products/trail-running-shoes,Transactional,1,4,1902,9.4,178,6,0.0337,0,0.0,0.0,0.0,2.94
2025-01-28,2025-01,fitcommerce.com/products/trail-running-shoes,Transactional,1,4,1902,14.6,203,3,0.0148,0,0.0,0.0,0.0,2.94
2025-01-29,2025-01,fitcommerce.com/products/trail-running-shoes,Transactional,1,4,1902,7.3,176,8,0.0455,0,0.0,0.0,0.0,2.94
2025-01-30,2025-01,fitcommerce.com/products/trail-running-shoes,Transactional,1,4,1902,8.5,217,12,0.0553,0,0.0,0.0,0.0,2.94
2025-01-31,2025-01,fitcommerce.com/products/trail-running-shoes,Transactional,1,4,1902,5.6,180,10,0.0556,0,0.0,0.0,0.0,2.94
2025-02-01,2025-02,fitcommerce.com/products/trail-running-shoes,Transactional,1,4,1902,11.3,207,12,0.058,0,0.0,0.0,0.0,-3.77
2025-02-02,2025-02,fitcommerce.com/products/trail-running-shoes,Transactional,1,4,1902,7.8,189,9,0.0476,0,0.0,0.0,0.0,-3.77
2025-02-03,2025-02,fitcommerce.com/products/trail-running-shoes,Transactional,1,4,1902,11.6,173,10,0.0578,0,0.0,0.0,0.0,-3.77
2025-02-04,2025-02,fitcommerce.com/products/trail-running-shoes,Transactional,1,4,1902,13.2,204,11,0.0539,0,0.0,0.0,0.0,-3.77
2025-02-05,2025-02,fitcommerce.com/products/trail-running-shoes,Transactional,1,4,1902,4.3,198,9,0.0455,0,0.0,0.0,0.0,-3.77
2025-02-06,2025-02,fitcommerce.com/products/trail-running-shoes,Transactional,1,4,1902,7.4,205,11,0.0537,0,0.0,0.0,0.0,-3.77
2025-02-07,2025-02,fitcommerce.com/products/trail-running-shoes,Transactional,1,4,1902,14.2,228,14,0.0614,0,0.0,0.0,0.0,-3.77
2025-02-08,2025-02,fitcommerce.com/products/trail-running-shoes,Transactional,1,4,1902,10.6,173,8,0.0462,0,0.0,0.0,0.0,-3.77
2025-02-09,2025-02,fitcommerce.com/products/trail-running-shoes,Transactional,1,4,1902,11.7,227,14,0.0617,0,0.0,0.0,0.0,-3.77
2025-02-10,2025-02,fitcommerce.com/products/trail-running-shoes,Transactional,1,4,1902,7.5,189,10,0.0529,0,0.0,0.0,0.0,-3.77
2025-02-11,2025-02,fitcommerce.com/products/trail-running-shoes,Transactional,1,4,1902,8.3,182,13,0.0714,0,0.0,0.0,0.0,-3.77
2025-02-12,2025-02,fitcommerce.com/products/trail-running-shoes,Transactional,1,4,1902,12.4,217,11,0.0507,1,41.58,3.78,9.09,-3.77
2025-02-13,2025-02,fitcommerce.com/products/trail-running-shoes,Transactional,1,4,1902,12.4,218,10,0.0459,0,0.0,0.0,0.0,-3.77
2025-02-14,2025-02,fitcommerce.com/products/trail-running-shoes,Transactional,1,4,1902,7.4,191,9,0.0471,2,77.45,8.61,22.22,-3.77
2025-02-15,2025-02,fitcommerce.com/products/trail-running-shoes,Transactional,1,4,1902,12.9,216,10,0.0463,0,0.0,0.0,0.0,-3.77
2025-02-16,2025-02,fitcommerce.com/products/trail-running-shoes,Transactional,1,4,1902,10.6,181,9,0.0497,0,0.0,0.0,0.0,-3.77
2025-02-17,2025-02,fitcommerce.com/products/trail-running-shoes,Transactional,1,4,1902,8.7,209,12,0.0574,1,40.01,3.33,8.33,-3.77
2025-02-18,2025-02,fitcommerce.com/products/trail-running-shoes,Transactional,1,4,1902,9.5,184,4,0.0217,0,0.0,0.0,0.0,-3.77
2025-02-19,2025-02,fitcommerce.com/products/trail-running-shoes,Transactional,1,4,1902,7.9,220,9,0.0409,0,0.0,0.0,0.0,-3.77
2025-02-20,2025-02,fitcommerce.com/products/trail-running-shoes,Transactional,1,4,1902,7.0,223,12,0.0538,0,0.0,0.0,0.0,-3.77
2025-02-21,2025-02,fitcommerce.com/products/trail-running-shoes,Transactional,1,4,1902,7.2,238,11,0.0462,0,0.0,0.0,0.0,-3.77
2025-02-22,2025-02,fitcommerce.com/products/trail-running-shoes,Transactional,1,4,1902,9.5,188,8,0.0426,0,0.0,0.0,0.0,-3.77
2025-02-23,2025-02,fitcommerce.com/products/trail-running-shoes,Transactional,1,4,1902,6.5,242,8,0.0331,0,0.0,0.0,0.0,-3.77
2025-02-24,2025-02,fitcommerce.com/products/trail-running-shoes,Transactional,1,4,1902,12.6,217,13,0.0599,0,0.0,0.0,0.0,-3.77
2025-02-25,2025-02,fitcommerce.com/products/trail-running-shoes,Transactional,1,4,1902,9.1,235,13,0.0553,0,0.0,0.0,0.0,-3.77
2025-02-26,2025-02,fitcommerce.com/products/trail-running-shoes,Transactional,1,4,1902,10.2,184,5,0.0272,0,0.0,0.0,0.0,-3.77
2025-02-27,2025-02,fitcommerce.com/products/trail-running-shoes,Transactional,1,4,1902,13.0,228,12,0.0526,0,0.0,0.0,0.0,-3.77
2025-02-28,2025-02,fitcommerce.com/products/trail-running-shoes,Transactional,1,4,1902,5.7,222,7,0.0315,1,38.27,5.47,14.29,-3.77
2025-03-01,2025-03,fitcommerce.com/products/trail-running-shoes,Transactional,1,4,1902,7.2,192,13,0.0677,0,0.0,0.0,0.0,5.24
2025-03-02,2025-03,fitcommerce.com/products/trail-running-shoes,Transactional,1,4,1902,10.3,213,13,0.061,0,0.0,0.0,0.0,5.24
2025-03-03,2025-03,fitcommerce.com/products/trail-running-shoes,Transactional,1,4,1902,5.5,195,4,0.0205,1,35.1,8.78,25.0,5.24
2025-03-04,2025-03,fitcommerce.com/products/trail-running-shoes,Transactional,1,4,1902,7.1,189,10,0.0529,1,39.52,3.95,10.0,5.24
2025-03-05,2025-03,fitcommerce.com/products/trail-running-shoes,Transactional,1,4,1902,9.7,252,12,0.0476,1,36.22,3.02,8.33,5.24
2025-03-06,2025-03,fitcommerce.com/products/trail-running-shoes,Transactional,1,4,1902,6.8,215,10,0.0465,0,0.0,0.0,0.0,5.24
2025-03-07,2025-03,fitcommerce.com/products/trail-running-shoes,Transactional,1,4,1902,9.3,206,4,0.0194,0,0.0,0.0,0.0,5.24
2025-03-08,2025-03,fitcommerce.com/products/trail-running-shoes,Transactional,1,4,1902,10.2,226,17,0.0752,0,0.0,0.0,0.0,5.24
2025-03-09,2025-03,fitcommerce.com/products/trail-running-shoes,Transactional,1,4,1902,6.9,230,12,0.0522,0,0.0,0.0,0.0,5.24
2025-03-10,2025-03,fitcommerce.com/products/trail-running-shoes,Transactional,1,4,1902,4.4,237,11,0.0464,0,0.0,0.0,0.0,5.24
2025-03-11,2025-03,fitcommerce.com/products/trail-running-shoes,Transactional,1,4,1902,14.5,201,8,0.0398,0,0.0,0.0,0.0,5.24
2025-03-12,2025-03,fitcommerce.com/products/trail-running-shoes,Transactional,1,4,1902,11.4,240,15,0.0625,0,0.0,0.0,0.0,5.24
2025-03-13,2025-03,fitcommerce.com/products/trail-running-shoes,Transactional,1,4,1902,7.9,227,13,0.0573,1,34.35,2.64,7.69,5.24
2025-03-14,2025-03,fitcommerce.com/products/trail-running-shoes,Transactional,1,4,1902,4.0,235,12,0.0511,0,0.0,0.0,0.0,5.24
2025-03-15,2025-03,fitcommerce.com/products/trail-running-shoes,Transactional,1,4,1902,16.9,202,11,0.0545,0,0.0,0.0,0.0,5.24
2025-03-16,2025-03,fitcommerce.com/products/trail-running-shoes,Transactional,1,4,1902,7.3,231,4,0.0173,0,0.0,0.0,0.0,5.24
2025-03-17,2025-03,fitcommerce.com/products/trail-running-shoes,Transactional,1,4,1902,11.2,202,10,0.0495,0,0.0,0.0,0.0,5.24
2025-03-18,2025-03,fitcommerce.com/products/trail-running-shoes,Transactional,1,4,1902,5.4,252,5,0.0198,1,32.07,6.41,20.0,5.24
2025-03-19,2025-03,fitcommerce.com/products/trail-running-shoes,Transactional,1,4,1902,11.7,243,7,0.0288,0,0.0,0.0,0.0,5.24
2025-03-20,2025-03,fitcommerce.com/products/trail-running-shoes,Transactional,1,4,1902,9.9,252,13,0.0516,0,0.0,0.0,0.0,5.24
2025-03-21,2025-03,fitcommerce.com/products/trail-running-shoes,Transactional,1,4,1902,11.0,222,11,0.0495,0,0.0,0.0,0.0,5.24
2025-03-22,2025-03,fitcommerce.com/products/trail-running-shoes,Transactional,1,4,1902,6.4,236,10,0.0424,0,0.0,0.0,0.0,5.24
2025-03-23,2025-03,fitcommerce.com/products/trail-running-shoes,Transactional,1,4,1902,11.4,199,5,0.0251,0,0.0,0.0,0.0,5.24
2025-03-24,2025-03,fitcommerce.com/products/trail-running-shoes,Transactional,1,4,1902,12.1,221,11,0.0498,0,0.0,0.0,0.0,5.24
2025-03-25,2025-03,fitcommerce.com/products/trail-running-shoes,Transactional,1,4,1902,9.8,251,10,0.0398,0,0.0,0.0,0.0,5.24
2025-03-26,2025-03,fitcommerce.com/products/trail-running-shoes,Transactional,1,4,1902,6.2,266,8,0.0301,0,0.0,0.0,0.0,5.24
2025-03-27,2025-03,fitcommerce.com/products/trail-running-shoes,Transactional,1,4,1902,2.9,223,8,0.0359,0,0.0,0.0,0.0,5.24
2025-03-28,2025-03,fitcommerce.com/products/trail-running-shoes,Transactional,1,4,1902,7.0,227,6,0.0264,0,0.0,0.0,0.0,5.24
2025-03-29,2025-03,fitcommerce.com/products/trail-running-shoes,Transactional,1,4,1902,15.0,229,9,0.0393,1,34.56,3.84,11.11,5.24
2025-03-30,2025-03,fitcommerce.com/products/trail-running-shoes,Transactional,1,4,1902,6.7,204,14,0.0686,0,0.0,0.0,0.0,5.24
2025-03-31,2025-03,fitcommerce.com/products/trail-running-shoes,Transactional,1,4,1902,16.4,246,14,0.0569,0,0.0,0.0,0.0,5.24
2025-04-01,2025-04,fitcommerce.com/products/trail-running-shoes,Transactional,1,4,1902,7.4,242,9,0.0372,0,0.0,0.0,0.0,-5.74
2025-04-02,2025-04,fitcommerce.com/products/trail-running-shoes,Transactional,1,4,1902,6.5,210,7,0.0333,0,0.0,0.0,0.0,-5.74
2025-04-03,2025-04,fitcommerce.com/products/trail-running-shoes,Transactional,1,4,1902,11.0,205,10,0.0488,0,0.0,0.0,0.0,-5.74
2025-04-04,2025-04,fitcommerce.com/products/trail-running-shoes,Transactional,1,4,1902,9.5,263,12,0.0456,1,41.0,3.42,8.33,-5.74
2025-04-05,2025-04,fitcommerce.com/products/trail-running-shoes,Transactional,1,4,1902,13.1,207,11,0.0531,1,32.31,2.94,9.09,-5.74
2025-04-06,2025-04,fitcommerce.com/products/trail-running-shoes,Transactional,1,4,1902,8.3,230,6,0.0261,0,0.0,0.0,0.0,-5.74
2025-04-07,2025-04,fitcommerce.com/products/trail-running-shoes,Transactional,1,4,1902,5.5,245,6,0.0245,1,33.71,5.62,16.67,-5.74
2025-04-08,2025-04,fitcommerce.com/products/trail-running-shoes,Transactional,1,4,1902,8.8,256,14,0.0547,0,0.0,0.0,0.0,-5.74
2025-04-09,2025-04,fitcommerce.com/products/trail-running-shoes,Transactional,1,4,1902,6.4,247,16,0.0648,0,0.0,0.0,0.0,-5.74
2025-04-10,2025-04,fitcommerce.com/products/trail-running-shoes,Transactional,1,4,1902,10.6,222,12,0.0541,0,0.0,0.0,0.0,-5.74
2025-04-11,2025-04,fitcommerce.com/products/trail-running-shoes,Transactional,1,4,1902,6.4,206,8,0.0388,0,0.0,0.0,0.0,-5.74
2025-04-12,2025-04,fitcommerce.com/products/trail-running-shoes,Transactional,1,4,1902,13.0,245,17,0.0694,1,32.58,1.92,5.88,-5.74
2025-04-13,2025-04,fitcommerce.com/products/trail-running-shoes,Transactional,1,4,1902,8.6,271,6,0.0221,0,0.0,0.0,0.0,-5.74
2025-04-14,2025-04,fitcommerce.com/products/trail-running-shoes,Transactional,1,4,1902,8.3,209,11,0.0526,2,79.31,7.21,18.18,-5.74
2025-04-15,2025-04,fitcommerce.com/products/trail-running-shoes,Transactional,1,4,1902,5.6,250,8,0.032,1,34.12,4.26,12.5,-5.74
2025-04-16,2025-04,fitcommerce.com/products/trail-running-shoes,Transactional,1,4,1902,7.9,247,15,0.0607,1,32.79,2.19,6.67,-5.74
2025-04-17,2025-04,fitcommerce.com/products/trail-running-shoes,Transactional,1,4,1902,4.5,207,14,0.0676,0,0.0,0.0,0.0,-5.74
2025-04-18,2025-04,fitcommerce.com/products/trail-running-shoes,Transactional,1,4,1902,12.6,246,10,0.0407,0,0.0,0.0,0.0,-5.74
2025-04-19,2025-04,fitcommerce.com/products/trail-running-shoes,Transactional,1,4,1902,9.4,249,15,0.0602,0,0.0,0.0,0.0,-5.74
2025-04-20,2025-04,fitcommerce.com/products/trail-running-shoes,Transactional,1,4,1902,4.7,234,16,0.0684,0,0.0,0.0,0.0,-5.74
2025-04-21,2025-04,fitcommerce.com/products/trail-running-shoes,Transactional,1,4,1902,10.3,249,10,0.0402,0,0.0,0.0,0.0,-5.74
2025-04-22,2025-04,fitcommerce.com/products/trail-running-shoes,Transactional,1,4,1902,4.1,208,11,0.0529,0,0.0,0.0,0.0,-5.74
2025-04-23,2025-04,fitcommerce.com/products/trail-running-shoes,Transactional,1,4,1902,9.1,252,5,0.0198,1,31.47,6.29,20.0,-5.74
2025-04-24,2025-04,fitcommerce.com/products/trail-running-shoes,Transactional,1,4,1902,7.1,216,5,0.0231,0,0.0,0.0,0.0,-5.74
2025-04-25,2025-04,fitcommerce.com/products/trail-running-shoes,Transactional,1,4,1902,8.3,233,10,0.0429,2,66.8,6.68,20.0,-5.74
2025-04-26,2025-04,fitcommerce.com/products/trail-running-shoes,Transactional,1,4,1902,6.5,232,12,0.0517,0,0.0,0.0,0.0,-5.74
2025-04-27,2025-04,fitcommerce.com/products/trail-running-shoes,Transactional,1,4,1902,8.7,209,10,0.0478,0,0.0,0.0,0.0,-5.74
2025-04-28,2025-04,fitcommerce.com/products/trail-running-shoes,Transactional,1,4,1902,15.0,268,15,0.056,0,0.0,0.0,0.0,-5.74
2025-04-29,2025-04,fitcommerce.com/products/trail-running-shoes,Transactional,1,4,1902,10.4,208,15,0.0721,0,0.0,0.0,0.0,-5.74
2025-04-30,2025-04,fitcommerce.com/products/trail-running-shoes,Transactional,1,4,1902,3.7,226,4,0.0177,0,0.0,0.0,0.0,-5.74
2025-05-01,2025-05,fitcommerce.com/products/trail-running-shoes,Transactional,1,4,1902,9.0,230,17,0.0739,1,35.47,2.09,5.88,4.19
2025-05-02,2025-05,fitcommerce.com/products/trail-running-shoes,Transactional,1,4,1902,6.2,273,7,0.0256,2,78.17,11.17,28.57,4.19
2025-05-03,2025-05,fitcommerce.com/products/trail-running-shoes,Transactional,1,4,1902,8.9,204,11,0.0539,0,0.0,0.0,0.0,4.19
2025-05-04,2025-05,fitcommerce.com/products/trail-running-shoes,Transactional,1,4,1902,8.9,234,10,0.0427,1,36.87,3.69,10.0,4.19
2025-05-05,2025-05,fitcommerce.com/products/trail-running-shoes,Transactional,1,4,1902,10.1,257,8,0.0311,0,0.0,0.0,0.0,4.19
2025-05-06,2025-05,fitcommerce.com/products/trail-running-shoes,Transactional,1,4,1902,10.4,221,4,0.0181,0,0.0,0.0,0.0,4.19
2025-05-07,2025-05,fitcommerce.com/products/trail-running-shoes,Transactional,1,4,1902,11.7,243,12,0.0494,0,0.0,0.0,0.0,4.19
2025-05-08,2025-05,fitcommerce.com/products/trail-running-shoes,Transactional,1,4,1902,10.1,209,6,0.0287,0,0.0,0.0,0.0,4.19
2025-05-09,2025-05,fitcommerce.com/products/trail-running-shoes,Transactional,1,4,1902,7.5,263,7,0.0266,0,0.0,0.0,0.0,4.19
2025-05-10,2025-05,fitcommerce.com/products/trail-running-shoes,Transactional,1,4,1902,6.7,233,14,0.0601,0,0.0,0.0,0.0,4.19
2025-05-11,2025-05,fitcommerce.com/products/trail-running-shoes,Transactional,1,4,1902,11.7,256,10,0.0391,1,41.44,4.14,10.0,4.19
2025-05-12,2025-05,fitcommerce.com/products/trail-running-shoes,Transactional,1,4,1902,9.0,263,18,0.0684,0,0.0,0.0,0.0,4.19
2025-05-13,2025-05,fitcommerce.com/products/trail-running-shoes,Transactional,1,4,1902,7.4,213,8,0.0376,0,0.0,0.0,0.0,4.19
2025-05-14,2025-05,fitcommerce.com/products/trail-running-shoes,Transactional,1,4,1902,9.7,232,12,0.0517,1,35.0,2.92,8.33,4.19
2025-05-15,2025-05,fitcommerce.com/products/trail-running-shoes,Transactional,1,4,1902,6.0,231,5,0.0216,0,0.0,0.0,0.0,4.19
2025-05-16,2025-05,fitcommerce.com/products/trail-running-shoes,Transactional,1,4,1902,12.6,270,20,0.0741,0,0.0,0.0,0.0,4.19
2025-05-17,2025-05,fitcommerce.com/products/trail-running-shoes,Transactional,1,4,1902,4.9,237,9,0.038,0,0.0,0.0,0.0,4.19
2025-05-18,2025-05,fitcommerce.com/products/trail-running-shoes,Transactional,1,4,1902,16.1,245,10,0.0408,0,0.0,0.0,0.0,4.19
2025-05-19,2025-05,fitcommerce.com/products/trail-running-shoes,Transactional,1,4,1902,4.3,243,8,0.0329,1,40.18,5.02,12.5,4.19
2025-05-20,2025-05,fitcommerce.com/products/trail-running-shoes,Transactional,1,4,1902,3.5,203,8,0.0394,0,0.0,0.0,0.0,4.19
2025-05-21,2025-05,fitcommerce.com/products/trail-running-shoes,Transactional,1,4,1902,9.7,251,13,0.0518,0,0.0,0.0,0.0,4.19
2025-05-22,2025-05,fitcommerce.com/products/trail-running-shoes,Transactional,1,4,1902,7.2,253,12,0.0474,2,82.06,6.84,16.67,4.19
2025-05-23,2025-05,fitcommerce.com/products/trail-running-shoes,Transactional,1,4,1902,6.5,231,11,0.0476,1,38.13,3.47,9.09,4.19
2025-05-24,2025-05,fitcommerce.com/products/trail-running-shoes,Transactional,1,4,1902,11.3,221,4,0.0181,0,0.0,0.0,0.0,4.19
2025-05-25,2025-05,fitcommerce.com/products/trail-running-shoes,Transactional,1,4,1902,5.6,202,11,0.0545,0,0.0,0.0,0.0,4.19
2025-05-26,2025-05,fitcommerce.com/products/trail-running-shoes,Transactional,1,4,1902,10.9,212,7,0.033,0,0.0,0.0,0.0,4.19
2025-05-27,2025-05,fitcommerce.com/products/trail-running-shoes,Transactional,1,4,1902,14.7,229,12,0.0524,0,0.0,0.0,0.0,4.19
2025-05-28,2025-05,fitcommerce.com/products/trail-running-shoes,Transactional,1,4,1902,11.1,213,5,0.0235,1,37.22,7.44,20.0,4.19
2025-05-29,2025-05,fitcommerce.com/products/trail-running-shoes,Transactional,1,4,1902,8.9,241,14,0.0581,2,82.74,5.91,14.29,4.19
2025-05-30,2025-05,fitcommerce.com/products/trail-running-shoes,Transactional,1,4,1902,6.6,252,17,0.0675,0,0.0,0.0,0.0,4.19
2025-05-31,2025-05,fitcommerce.com/products/trail-running-shoes,Transactional,1,4,1902,5.9,212,6,0.0283,0,0.0,0.0,0.0,4.19
2025-06-01,2025-06,fitcommerce.com/products/trail-running-shoes,Transactional,1,4,1902,6.1,237,11,0.0464,0,0.0,0.0,0.0,-11.06
2025-06-02,2025-06,fitcommerce.com/products/trail-running-shoes,Transactional,1,4,1902,8.9,204,5,0.0245,0,0.0,0.0,0.0,-11.06
2025-06-03,2025-06,fitcommerce.com/products/trail-running-shoes,Transactional,1,4,1902,12.3,212,6,0.0283,0,0.0,0.0,0.0,-11.06
2025-06-04,2025-06,fitcommerce.com/products/trail-running-shoes,Transactional,1,4,1902,11.8,253,13,0.0514,0,0.0,0.0,0.0,-11.06
2025-06-05,2025-06,fitcommerce.com/products/trail-running-shoes,Transactional,1,4,1902,13.9,208,13,0.0625,0,0.0,0.0,0.0,-11.06
2025-06-06,2025-06,fitcommerce.com/products/trail-running-shoes,Transactional,1,4,1902,10.5,244,19,0.0779,0,0.0,0.0,0.0,-11.06
2025-06-07,2025-06,fitcommerce.com/products/trail-running-shoes,Transactional,1,4,1902,7.4,246,9,0.0366,2,75.04,8.34,22.22,-11.06
2025-06-08,2025-06,fitcommerce.com/products/trail-running-shoes,Transactional,1,4,1902,9.5,211,6,0.0284,0,0.0,0.0,0.0,-11.06
2025-06-09,2025-06,fitcommerce.com/products/trail-running-shoes,Transactional,1,4,1902,10.6,230,11,0.0478,1,34.18,3.11,9.09,-11.06
2025-06-10,2025-06,fitcommerce.com/products/trail-running-shoes,Transactional,1,4,1902,10.5,216,7,0.0324,0,0.0,0.0,0.0,-11.06
2025-06-11,2025-06,fitcommerce.com/products/trail-running-shoes,Transactional,1,4,1902,11.2,262,16,0.0611,0,0.0,0.0,0.0,-11.06
2025-06-12,2025-06,fitcommerce.com/products/trail-running-shoes,Transactional,1,4,1902,6.0,247,15,0.0607,1,35.01,2.33,6.67,-11.06
2025-06-13,2025-06,fitcommerce.com/products/trail-running-shoes,Transactional,1,4,1902,9.7,221,6,0.0271,0,0.0,0.0,0.0,-11.06
2025-06-14,2025-06,fitcommerce.com/products/trail-running-shoes,Transactional,1,4,1902,13.0,207,8,0.0386,0,0.0,0.0,0.0,-11.06
2025-06-15,2025-06,fitcommerce.com/products/trail-running-shoes,Transactional,1,4,1902,6.6,222,12,0.0541,0,0.0,0.0,0.0,-11.06
2025-06-16,2025-06,fitcommerce.com/products/trail-running-shoes,Transactional,1,4,1902,3.9,211,7,0.0332,0,0.0,0.0,0.0,-11.06
2025-06-17,2025-06,fitcommerce.com/products/trail-running-shoes,Transactional,1,4,1902,3.6,254,10,0.0394,0,0.0,0.0,0.0,-11.06
2025-06-18,2025-06,fitcommerce.com/products/trail-running-shoes,Transactional,1,4,1902,4.6,196,7,0.0357,0,0.0,0.0,0.0,-11.06
2025-06-19,2025-06,fitcommerce.com/products/trail-running-shoes,Transactional,1,4,1902,6.9,208,8,0.0385,0,0.0,0.0,0.0,-11.06
2025-06-20,2025-06,fitcommerce.com/products/trail-running-shoes,Transactional,1,4,1902,10.2,249,17,0.0683,0,0.0,0.0,0.0,-11.06
2025-06-21,2025-06,fitcommerce.com/products/trail-running-shoes,Transactional,1,4,1902,4.6,200,12,0.06,0,0.0,0.0,0.0,-11.06
2025-06-22,2025-06,fitcommerce.com/products/trail-running-shoes,Transactional,1,4,1902,11.7,223,11,0.0493,0,0.0,0.0,0.0,-11.06
2025-06-23,2025-06,fitcommerce.com/products/trail-running-shoes,Transactional,1,4,1902,7.6,197,7,0.0355,0,0.0,0.0,0.0,-11.06
2025-06-24,2025-06,fitcommerce.com/products/trail-running-shoes,Transactional,1,4,1902,9.0,233,15,0.0644,0,0.0,0.0,0.0,-11.06
2025-06-25,2025-06,fitcommerce.com/products/trail-running-shoes,Transactional,1,4,1902,9.2,251,10,0.0398,1,37.11,3.71,10.0,-11.06
2025-06-26,2025-06,fitcommerce.com/products/trail-running-shoes,Transactional,1,4,1902,5.8,237,11,0.0464,0,0.0,0.0,0.0,-11.06
2025-06-27,2025-06,fitcommerce.com/products/trail-running-shoes,Transactional,1,4,1902,7.4,245,5,0.0204,0,0.0,0.0,0.0,-11.06
2025-06-28,2025-06,fitcommerce.com/products/trail-running-shoes,Transactional,1,4,1902,13.4,243,8,0.0329,1,33.04,4.13,12.5,-11.06
2025-06-29,2025-06,fitcommerce.com/products/trail-running-shoes,Transactional,1,4,1902,8.2,242,10,0.0413,0,0.0,0.0,0.0,-11.06
2025-06-30,2025-06,fitcommerce.com/products/trail-running-shoes,Transactional,1,4,1902,13.4,226,11,0.0487,1,37.23,3.38,9.09,-11.06
2025-07-01,2025-07,fitcommerce.com/products/trail-running-shoes,Transactional,1,4,1902,9.4,240,11,0.0458,0,0.0,0.0,0.0,6.91
2025-07-02,2025-07,fitcommerce.com/products/trail-running-shoes,Transactional,1,4,1902,10.7,231,10,0.0433,0,0.0,0.0,0.0,6.91
2025-07-03,2025-07,fitcommerce.com/products/trail-running-shoes,Transactional,1,4,1902,8.1,232,5,0.0216,2,83.36,16.67,40.0,6.91
2025-07-04,2025-07,fitcommerce.com/products/trail-running-shoes,Transactional,1,4,1902,8.5,225,6,0.0267,0,0.0,0.0,0.0,6.91
2025-07-05,2025-07,fitcommerce.com/products/trail-running-shoes,Transactional,1,4,1902,4.8,245,9,0.0367,0,0.0,0.0,0.0,6.91
2025-07-06,2025-07,fitcommerce.com/products/trail-running-shoes,Transactional,1,4,1902,7.0,184,10,0.0543,0,0.0,0.0,0.0,6.91
2025-07-07,2025-07,fitcommerce.com/products/trail-running-shoes,Transactional,1,4,1902,1.0,206,7,0.034,0,0.0,0.0,0.0,6.91
2025-07-08,2025-07,fitcommerce.com/products/trail-running-shoes,Transactional,1,4,1902,10.7,239,10,0.0418,1,37.36,3.74,10.0,6.91
2025-07-09,2025-07,fitcommerce.com/products/trail-running-shoes,Transactional,1,4,1902,8.5,191,11,0.0576,1,36.72,3.34,9.09,6.91
2025-07-10,2025-07,fitcommerce.com/products/trail-running-shoes,Transactional,1,4,1902,6.2,219,8,0.0365,0,0.0,0.0,0.0,6.91
2025-07-11,2025-07,fitcommerce.com/products/trail-running-shoes,Transactional,1,4,1902,4.9,231,7,0.0303,1,33.68,4.81,14.29,6.91
2025-07-12,2025-07,fitcommerce.com/products/trail-running-shoes,Transactional,1,4,1902,13.3,209,7,0.0335,0,0.0,0.0,0.0,6.91
2025-07-13,2025-07,fitcommerce.com/products/trail-running-shoes,Transactional,1,4,1902,7.8,212,7,0.033,2,70.65,10.09,28.57,6.91
2025-07-14,2025-07,fitcommerce.com/products/trail-running-shoes,Transactional,1,4,1902,7.9,238,7,0.0294,0,0.0,0.0,0.0,6.91
2025-07-15,2025-07,fitcommerce.com/products/trail-running-shoes,Transactional,1,4,1902,9.2,192,6,0.0312,0,0.0,0.0,0.0,6.91
2025-07-16,2025-07,fitcommerce.com/products/trail-running-shoes,Transactional,1,4,1902,9.8,189,4,0.0212,0,0.0,0.0,0.0,6.91
2025-07-17,2025-07,fitcommerce.com/products/trail-running-shoes,Transactional,1,4,1902,7.9,223,14,0.0628,0,0.0,0.0,0.0,6.91
2025-07-18,2025-07,fitcommerce.com/products/trail-running-shoes,Transactional,1,4,1902,4.7,199,8,0.0402,0,0.0,0.0,0.0,6.91
2025-07-19,2025-07,fitcommerce.com/products/trail-running-shoes,Transactional,1,4,1902,7.4,222,4,0.018,0,0.0,0.0,0.0,6.91
2025-07-20,2025-07,fitcommerce.com/products/trail-running-shoes,Transactional,1,4,1902,6.4,226,8,0.0354,1,40.97,5.12,12.5,6.91
2025-07-21,2025-07,fitcommerce.com/products/trail-running-shoes,Transactional,1,4,1902,7.1,218,11,0.0505,0,0.0,0.0,0.0,6.91
2025-07-22,2025-07,fitcommerce.com/products/trail-running-shoes,Transactional,1,4,1902,12.3,237,12,0.0506,0,0.0,0.0,0.0,6.91
2025-07-23,2025-07,fitcommerce.com/products/trail-running-shoes,Transactional,1,4,1902,8.6,222,7,0.0315,1,31.71,4.53,14.29,6.91
2025-07-24,2025-07,fitcommerce.com/products/trail-running-shoes,Transactional,1,4,1902,6.0,196,3,0.0153,0,0.0,0.0,0.0,6.91
2025-07-25,2025-07,fitcommerce.com/products/trail-running-shoes,Transactional,1,4,1902,4.5,188,10,0.0532,0,0.0,0.0,0.0,6.91
2025-07-26,2025-07,fitcommerce.com/products/trail-running-shoes,Transactional,1,4,1902,5.3,188,3,0.016,0,0.0,0.0,0.0,6.91
2025-07-27,2025-07,fitcommerce.com/products/trail-running-shoes,Transactional,1,4,1902,10.4,207,6,0.029,0,0.0,0.0,0.0,6.91
2025-07-28,2025-07,fitcommerce.com/products/trail-running-shoes,Transactional,1,4,1902,6.8,228,9,0.0395,0,0.0,0.0,0.0,6.91
2025-07-29,2025-07,fitcommerce.com/products/trail-running-shoes,Transactional,1,4,1902,4.5,179,9,0.0503,0,0.0,0.0,0.0,6.91
2025-07-30,2025-07,fitcommerce.com/products/trail-running-shoes,Transactional,1,4,1902,4.5,191,5,0.0262,0,0.0,0.0,0.0,6.91
2025-07-31,2025-07,fitcommerce.com/products/trail-running-shoes,Transactional,1,4,1902,9.1,179,7,0.0391,0,0.0,0.0,0.0,6.91
